Sourceid,Targetid,Voyageid,Env,TargetConfigFile,Key,Value,
SrcItem,TgtItem,SC2002269NCR,QA,/data/apps/nbx/Dim/config/SrcItem_TgtItem,spark.datasource.hive.warehouse.load.staging.dir,/tmp,
SrcItem,TgtItem,SC2002269NCR,QA,/data/apps/nbx/Dim/config/SrcItem_TgtItem,spark.datasource.hive.warehouse.metastoreUri,thrift://q-lab-hdp-ada3.virginvoyages.qa.dev:9083,
SrcItem,TgtItem,SC2002269NCR,QA,/data/apps/nbx/Dim/config/SrcItem_TgtItem,spark.hadoop.hive.llap.daemon.service.hosts,@llap0,
SrcItem,TgtItem,SC2002269NCR,QA,/data/apps/nbx/Dim/config/SrcItem_TgtItem,spark.hadoop.hive.zookeeper.quorum,"q-lab-hdp-ada3.virginvoyages.qa.dev:2181,q-lab-hdp-ada2.virginvoyages.qa.dev:2181,q-lab-hdp-ada1.virginvoyages.qa.dev:2181",
SrcItem,TgtItem,SC2002269NCR,QA,/data/apps/nbx/Dim/config/SrcItem_TgtItem,spark.sql.hive.hiveserver2.jdbc.url,"jdbc:hive2://q-lab-hdp-ada3.virginvoyages.qa.dev:2181,q-lab-hdp-ada2.virginvoyages.qa.dev:2181,q-lab-hdp-ada1.virginvoyages.qa.dev:2181/;serviceDiscoveryMode=zooKeeper;zooKeeperNamespace=hiveserver2",
SrcItem,TgtItem,SC2002269NCR,QA,/data/apps/nbx/Dim/config/SrcItem_TgtItem,spark.sql.hive.hiveserver2.jdbc.url.principal,hive/_HOST@VIRGINVOYAGES.QA.DEV,
SrcItem,TgtItem,SC2002269NCR,QA,/data/apps/nbx/Dim/config/SrcItem_TgtItem,spark.sql.hive.metastore.jars,/usr/hdp/current/spark2-client/standalone-metastore/*,
SrcItem,TgtItem,SC2002269NCR,QA,/data/apps/nbx/Dim/config/SrcItem_TgtItem,spark.sql.hive.metastore.version,3.0,
SrcItem,TgtItem,SC2002269NCR,QA,/data/apps/nbx/Dim/config/SrcItem_TgtItem,spark.sql.warehouse.dir,/apps/spark/warehouse,
SrcItem,TgtItem,SC2002269NCR,QA,/data/apps/nbx/Dim/config/SrcItem_TgtItem,spark.src.config.id,SrcItem,
SrcItem,TgtItem,SC2002269NCR,QA,/data/apps/nbx/Dim/config/SrcItem_TgtItem,spark.voyage.id,SC2002269NCR,
SrcItem,TgtItem,SC2002269NCR,QA,/data/apps/nbx/Dim/config/SrcItem_TgtItem,spark.tgt.env,QA,
SrcItem,TgtItem,SC2002269NCR,QA,/data/apps/nbx/Dim/config/SrcItem_TgtItem,spark.target.config.id,TgtItem,
SrcItem,TgtItem,SC2002269NCR,QA,/data/apps/nbx/Dim/config/SrcItem_TgtItem,spark.parent.id,SrcShrPosItem-TgtShrPosItem-SC2002269NCR,
SrcItem,TgtItem,SC2002269NCR,QA,/data/apps/nbx/Dim/config/SrcItem_TgtItem,spark.target.ops.table.format,org.apache.phoenix.spark,
SrcItem,TgtItem,SC2002269NCR,QA,/data/apps/nbx/Dim/config/SrcItem_TgtItem,spark.target.ops.table.mode,overwrite,
SrcItem,TgtItem,SC2002269NCR,QA,/data/apps/nbx/Dim/config/SrcItem_TgtItem,spark.postgresql.database,qanbx,
SrcItem,TgtItem,SC2002269NCR,QA,/data/apps/nbx/Dim/config/SrcItem_TgtItem,spark.target.enablerops_table,ship.HBTB_INGESTION_METADATA,
SrcItem,TgtItem,SC2002269NCR,QA,/data/apps/nbx/Dim/config/SrcItem_TgtItem,spark.target.zkurl,q-lab-hdp-ada1.virginvoyages.qa.dev:2181/hbase-secure:nbx.service@VIRGINVOYAGES.QA.DEV:/home/nbx.service/nbx.keytab,
SrcItem,TgtItem,SC2002269NCR,QA,/data/apps/nbx/Dim/config/SrcItem_TgtItem,spark.table.type,dim,
SrcItem,TgtItem,SC2002269NCR,QA,/data/apps/nbx/Dim/config/SrcItem_TgtItem,spark.postgresql.url,jdbc:postgresql://10.2.52.87:5432/,
SrcItem,TgtItem,SC2002269NCR,QA,/data/apps/nbx/Dim/config/SrcItem_TgtItem,spark.postgresql.user,nifiusr,
SrcItem,TgtItem,SC2002269NCR,QA,/data/apps/nbx/Dim/config/SrcItem_TgtItem,spark.postgresql.password,finiQA@123,
SrcItem,TgtItem,SC2002269NCR,QA,/data/apps/nbx/Dim/config/SrcItem_TgtItem,spark.source.columns,"voyage_id,items_number,items_name,plugroups_name,plugroups_nr,categories_number,categories_name,partner_share_pct,vv_gross_pct",
SrcItem,TgtItem,SC2002269NCR,QA,/data/apps/nbx/Dim/config/SrcItem_TgtItem,spark.pond.allColumns,"item_skey as pond_item_skey,voyage_id as pond_voyage_id,item_plu_number as pond_item_plu_number,item_name as pond_item_name,item_plu_group_number as pond_item_plu_group_number,item_plu_group_name as pond_item_plu_group_name,item_plu_category_number as pond_item_plu_category_number,item_plu_category_name as pond_item_plu_category_name,partner_share_pct as pond_partner_share_pct,vv_gross_pct as pond_vv_gross_pct,load_dt as pond_load_dt,upd_dt as pond_upd_dt,primaryhash as pond_primaryhash,md5_hash as pond_md5_hash",
SrcItem,TgtItem,SC2002269NCR,QA,/data/apps/nbx/Dim/config/SrcItem_TgtItem,spark.surrogate_key.column,item_skey,
SrcItem,TgtItem,SC2002269NCR,QA,/data/apps/nbx/Dim/config/SrcItem_TgtItem,spark.pond.database,shipdw,
SrcItem,TgtItem,SC2002269NCR,QA,/data/apps/nbx/Dim/config/SrcItem_TgtItem,spark.pond.table,hvtb_mart_dim_pos_item,
SrcItem,TgtItem,SC2002269NCR,QA,/data/apps/nbx/Dim/config/SrcItem_TgtItem,spark.postgresql.schema,Hive_schema_stg,
SrcItem,TgtItem,SC2002269NCR,QA,/data/apps/nbx/Dim/config/SrcItem_TgtItem,spark.target.table,item_dim,
SrcItem,TgtItem,SC2002269NCR,QA,/data/apps/nbx/Dim/config/SrcItem_TgtItem,spark.source.primaryKeyColumns,items_number,
SrcItem,TgtItem,SC2002269NCR,QA,/data/apps/nbx/Dim/config/SrcItem_TgtItem,spark.target.final_collist,"item_skey,cast(final_view.voyage_id as string) as voyage_id,final_view.items_name as item_name,final_view.items_number as item_plu_number,cast(final_view.plugroups_nr as string) as item_plu_group_number,final_view.plugroups_name as item_plu_group_name,final_view.categories_number as item_plu_category_number,final_view.categories_name as item_plu_category_name,cast(final_view.partner_share_pct as decimal) as partner_share_pct,cast(final_view.vv_gross_pct as decimal) as vv_gross_pct,load_dt,upd_dt,primaryhash,md5_hash",
SrcItem,TgtItem,SC2002269NCR,QA,/data/apps/nbx/Dim/config/SrcItem_TgtItem,spark.target.temp,/data/apps/nbx/temp/hvtb_mart_dim_pos_item,
SrcItem,TgtItem,SC2002269NCR,QA,/data/apps/nbx/Dim/config/SrcItem_TgtItem,spark.target.location,/data/apps/nbx/mart/hvtb_mart_dim_pos_item,
SrcItem,TgtItem,SC2002269NCR,QA,/data/apps/nbx/Dim/config/SrcItem_TgtItem,spark.postgresql.schema,Hive_schema_stg,
SrcItem,TgtItem,SC2002269NCR,QA,/data/apps/nbx/Dim/config/SrcItem_TgtItem,spark.postgresql.tablename,item_dim,
SrcItem,TgtItem,SC2002269NCR,QA,/data/apps/nbx/Dim/config/SrcItem_TgtItem,spark.scdtype,type1,
SrcItem,TgtItem,SC2002269NCR,QA,/data/apps/nbx/Dim/config/SrcItem_TgtItem,spark.tableType,DIMENSION,
SrcItem,TgtItem,SC2002269NCR,QA,/data/apps/nbx/Dim/config/SrcItem_TgtItem,spark.frameworkEnv,ship,
SrcPersonDetail,TgtFolioItem,SC2002269NCR,QA,/data/apps/nbx/Dim/config/SrcPersonDetail_TgtFolioItem,spark.datasource.hive.warehouse.load.staging.dir,/tmp,
SrcPersonDetail,TgtFolioItem,SC2002269NCR,QA,/data/apps/nbx/Dim/config/SrcPersonDetail_TgtFolioItem,spark.datasource.hive.warehouse.metastoreUri,thrift://q-lab-hdp-ada3.virginvoyages.qa.dev:9083,
SrcPersonDetail,TgtFolioItem,SC2002269NCR,QA,/data/apps/nbx/Dim/config/SrcPersonDetail_TgtFolioItem,spark.hadoop.hive.llap.daemon.service.hosts,@llap0,
SrcPersonDetail,TgtFolioItem,SC2002269NCR,QA,/data/apps/nbx/Dim/config/SrcPersonDetail_TgtFolioItem,spark.hadoop.hive.zookeeper.quorum,"q-lab-hdp-ada3.virginvoyages.qa.dev:2181,q-lab-hdp-ada2.virginvoyages.qa.dev:2181,q-lab-hdp-ada1.virginvoyages.qa.dev:2181",
SrcPersonDetail,TgtFolioItem,SC2002269NCR,QA,/data/apps/nbx/Dim/config/SrcPersonDetail_TgtFolioItem,spark.sql.hive.hiveserver2.jdbc.url,"jdbc:hive2://q-lab-hdp-ada3.virginvoyages.qa.dev:2181,q-lab-hdp-ada2.virginvoyages.qa.dev:2181,q-lab-hdp-ada1.virginvoyages.qa.dev:2181/;serviceDiscoveryMode=zooKeeper;zooKeeperNamespace=hiveserver2",
SrcPersonDetail,TgtFolioItem,SC2002269NCR,QA,/data/apps/nbx/Dim/config/SrcPersonDetail_TgtFolioItem,spark.sql.hive.hiveserver2.jdbc.url.principal,hive/_HOST@VIRGINVOYAGES.QA.DEV,
SrcPersonDetail,TgtFolioItem,SC2002269NCR,QA,/data/apps/nbx/Dim/config/SrcPersonDetail_TgtFolioItem,spark.sql.hive.metastore.jars,/usr/hdp/current/spark2-client/standalone-metastore/*,
SrcPersonDetail,TgtFolioItem,SC2002269NCR,QA,/data/apps/nbx/Dim/config/SrcPersonDetail_TgtFolioItem,spark.sql.hive.metastore.version,3.0,
SrcPersonDetail,TgtFolioItem,SC2002269NCR,QA,/data/apps/nbx/Dim/config/SrcPersonDetail_TgtFolioItem,spark.sql.warehouse.dir,/apps/spark/warehouse,
SrcPersonDetail,TgtFolioItem,SC2002269NCR,QA,/data/apps/nbx/Dim/config/SrcPersonDetail_TgtFolioItem,spark.src.config.id,SrcPersonDetail,
SrcPersonDetail,TgtFolioItem,SC2002269NCR,QA,/data/apps/nbx/Dim/config/SrcPersonDetail_TgtFolioItem,spark.voyage.id,SC2002269NCR,
SrcPersonDetail,TgtFolioItem,SC2002269NCR,QA,/data/apps/nbx/Dim/config/SrcPersonDetail_TgtFolioItem,spark.tgt.env,QA,
SrcPersonDetail,TgtFolioItem,SC2002269NCR,QA,/data/apps/nbx/Dim/config/SrcPersonDetail_TgtFolioItem,spark.target.config.id,TgtFolioItem,
SrcPersonDetail,TgtFolioItem,SC2002269NCR,QA,/data/apps/nbx/Dim/config/SrcPersonDetail_TgtFolioItem,spark.parent.id,SrcShrFolioItemParse-TgtShrFolioItemParse-SC2002269NCR,
SrcPersonDetail,TgtFolioItem,SC2002269NCR,QA,/data/apps/nbx/Dim/config/SrcPersonDetail_TgtFolioItem,spark.target.ops.table.format,org.apache.phoenix.spark,
SrcPersonDetail,TgtFolioItem,SC2002269NCR,QA,/data/apps/nbx/Dim/config/SrcPersonDetail_TgtFolioItem,spark.target.ops.table.mode,overwrite,
SrcPersonDetail,TgtFolioItem,SC2002269NCR,QA,/data/apps/nbx/Dim/config/SrcPersonDetail_TgtFolioItem,spark.postgresql.database,qanbx,
SrcPersonDetail,TgtFolioItem,SC2002269NCR,QA,/data/apps/nbx/Dim/config/SrcPersonDetail_TgtFolioItem,spark.target.enablerops_table,ship.HBTB_INGESTION_METADATA,
SrcPersonDetail,TgtFolioItem,SC2002269NCR,QA,/data/apps/nbx/Dim/config/SrcPersonDetail_TgtFolioItem,spark.target.zkurl,q-lab-hdp-ada1.virginvoyages.qa.dev:2181/hbase-secure:nbx.service@VIRGINVOYAGES.QA.DEV:/home/nbx.service/nbx.keytab,
SrcPersonDetail,TgtFolioItem,SC2002269NCR,QA,/data/apps/nbx/Dim/config/SrcPersonDetail_TgtFolioItem,spark.table.type,dim,
SrcPersonDetail,TgtFolioItem,SC2002269NCR,QA,/data/apps/nbx/Dim/config/SrcPersonDetail_TgtFolioItem,spark.postgresql.url,jdbc:postgresql://10.2.52.87:5432/,
SrcPersonDetail,TgtFolioItem,SC2002269NCR,QA,/data/apps/nbx/Dim/config/SrcPersonDetail_TgtFolioItem,spark.postgresql.user,nifiusr,
SrcPersonDetail,TgtFolioItem,SC2002269NCR,QA,/data/apps/nbx/Dim/config/SrcPersonDetail_TgtFolioItem,spark.postgresql.password,finiQA@123,
SrcPersonDetail,TgtFolioItem,SC2002269NCR,QA,/data/apps/nbx/Dim/config/SrcPersonDetail_TgtFolioItem,spark.source.sql,"select voyageid as voyage_id,folio_item_quickcode,batchtime,part_date from shipdw.hvtb_parse_folio_vperson_account_detail",
SrcPersonDetail,TgtFolioItem,SC2002269NCR,QA,/data/apps/nbx/Dim/config/SrcPersonDetail_TgtFolioItem,spark.source.columns,"voyage_id,folio_item_quickcode,quickcode_name,quickcode_type",
SrcPersonDetail,TgtFolioItem,SC2002269NCR,QA,/data/apps/nbx/Dim/config/SrcPersonDetail_TgtFolioItem,spark.pond.allColumns,"folio_item_skey as pond_folio_item_skey,voyage_id as pond_voyage_id,folio_item_quickcode as pond_folio_item_quickcode,quickcode_name as pond_quickcode_name,quickcode_type as pond_quickcode_type,load_dt as pond_load_dt,upd_dt as pond_upd_dt,primaryhash as pond_primaryhash,md5_hash as pond_md5_hash",
SrcPersonDetail,TgtFolioItem,SC2002269NCR,QA,/data/apps/nbx/Dim/config/SrcPersonDetail_TgtFolioItem,spark.surrogate_key.column,folio_item_skey,
SrcPersonDetail,TgtFolioItem,SC2002269NCR,QA,/data/apps/nbx/Dim/config/SrcPersonDetail_TgtFolioItem,spark.pond.database,shipdw,
SrcPersonDetail,TgtFolioItem,SC2002269NCR,QA,/data/apps/nbx/Dim/config/SrcPersonDetail_TgtFolioItem,spark.pond.table,hvtb_mart_dim_folio_item,
SrcPersonDetail,TgtFolioItem,SC2002269NCR,QA,/data/apps/nbx/Dim/config/SrcPersonDetail_TgtFolioItem,spark.source.primaryKeyColumns,folio_item_quickcode,
SrcPersonDetail,TgtFolioItem,SC2002269NCR,QA,/data/apps/nbx/Dim/config/SrcPersonDetail_TgtFolioItem,spark.target.final_collist,"folio_item_skey,cast(final_view.voyage_id as string) as voyage_id, final_view.folio_item_quickcode as folio_item_quickcode,final_view.quickcode_name as quickcode_name,final_view.quickcode_type as quickcode_type,load_dt,upd_dt,primaryhash,md5_hash",
SrcPersonDetail,TgtFolioItem,SC2002269NCR,QA,/data/apps/nbx/Dim/config/SrcPersonDetail_TgtFolioItem,spark.target.temp,/data/apps/nbx/temp/hvtb_mart_dim_folio_item,
SrcPersonDetail,TgtFolioItem,SC2002269NCR,QA,/data/apps/nbx/Dim/config/SrcPersonDetail_TgtFolioItem,spark.target.location,/data/apps/nbx/mart/hvtb_mart_dim_folio_item,
SrcPersonDetail,TgtFolioItem,SC2002269NCR,QA,/data/apps/nbx/Dim/config/SrcPersonDetail_TgtFolioItem,spark.postgresql.schema,Hive_schema_stg,
SrcPersonDetail,TgtFolioItem,SC2002269NCR,QA,/data/apps/nbx/Dim/config/SrcPersonDetail_TgtFolioItem,spark.postgresql.tablename,folio_item_dim,
SrcPersonDetail,TgtFolioItem,SC2002269NCR,QA,/data/apps/nbx/Dim/config/SrcPersonDetail_TgtFolioItem,spark.scdtype,type1,
SrcPersonDetail,TgtFolioItem,SC2002269NCR,QA,/data/apps/nbx/Dim/config/SrcPersonDetail_TgtFolioItem,spark.tableType,DIMENSION,
SrcPersonDetail,TgtFolioItem,SC2002269NCR,QA,/data/apps/nbx/Dim/config/SrcPersonDetail_TgtFolioItem,spark.frameworkEnv,ship,
SrcGuest,TgtPersonDim,SC2002269NCR,QA,/data/apps/nbx/Dim/config/SrcGuest_TgtPersonDim,spark.datasource.hive.warehouse.load.staging.dir,/tmp,
SrcGuest,TgtPersonDim,SC2002269NCR,QA,/data/apps/nbx/Dim/config/SrcGuest_TgtPersonDim,spark.datasource.hive.warehouse.metastoreUri,thrift://q-lab-hdp-ada3.virginvoyages.qa.dev:9083,
SrcGuest,TgtPersonDim,SC2002269NCR,QA,/data/apps/nbx/Dim/config/SrcGuest_TgtPersonDim,spark.hadoop.hive.llap.daemon.service.hosts,@llap0,
SrcGuest,TgtPersonDim,SC2002269NCR,QA,/data/apps/nbx/Dim/config/SrcGuest_TgtPersonDim,spark.hadoop.hive.zookeeper.quorum,"q-lab-hdp-ada3.virginvoyages.qa.dev:2181,q-lab-hdp-ada2.virginvoyages.qa.dev:2181,q-lab-hdp-ada1.virginvoyages.qa.dev:2181",
SrcGuest,TgtPersonDim,SC2002269NCR,QA,/data/apps/nbx/Dim/config/SrcGuest_TgtPersonDim,spark.sql.hive.hiveserver2.jdbc.url,"jdbc:hive2://q-lab-hdp-ada3.virginvoyages.qa.dev:2181,q-lab-hdp-ada2.virginvoyages.qa.dev:2181,q-lab-hdp-ada1.virginvoyages.qa.dev:2181/;serviceDiscoveryMode=zooKeeper;zooKeeperNamespace=hiveserver2",
SrcGuest,TgtPersonDim,SC2002269NCR,QA,/data/apps/nbx/Dim/config/SrcGuest_TgtPersonDim,spark.sql.hive.hiveserver2.jdbc.url.principal,hive/_HOST@VIRGINVOYAGES.QA.DEV,
SrcGuest,TgtPersonDim,SC2002269NCR,QA,/data/apps/nbx/Dim/config/SrcGuest_TgtPersonDim,spark.sql.hive.metastore.jars,/usr/hdp/current/spark2-client/standalone-metastore/*,
SrcGuest,TgtPersonDim,SC2002269NCR,QA,/data/apps/nbx/Dim/config/SrcGuest_TgtPersonDim,spark.sql.hive.metastore.version,3.0,
SrcGuest,TgtPersonDim,SC2002269NCR,QA,/data/apps/nbx/Dim/config/SrcGuest_TgtPersonDim,spark.sql.warehouse.dir,/apps/spark/warehouse,voyageid
SrcGuest,TgtPersonDim,SC2002269NCR,QA,/data/apps/nbx/Dim/config/SrcGuest_TgtPersonDim,spark.src.config.id,SrcGuest,
SrcGuest,TgtPersonDim,SC2002269NCR,QA,/data/apps/nbx/Dim/config/SrcGuest_TgtPersonDim,spark.voyage.id,SC2002269NCR,
SrcGuest,TgtPersonDim,SC2002269NCR,QA,/data/apps/nbx/Dim/config/SrcGuest_TgtPersonDim,spark.tgt.env,QA,
SrcGuest,TgtPersonDim,SC2002269NCR,QA,/data/apps/nbx/Dim/config/SrcGuest_TgtPersonDim,spark.target.config.id,TgtPersonDim,
SrcGuest,TgtPersonDim,SC2002269NCR,QA,/data/apps/nbx/Dim/config/SrcGuest_TgtPersonDim,spark.parent.id,SrcShrGuest-TgtShrGuest-SC2002269NCR,
SrcGuest,TgtPersonDim,SC2002269NCR,QA,/data/apps/nbx/Dim/config/SrcGuest_TgtPersonDim,spark.target.ops.table.format,org.apache.phoenix.spark,
SrcGuest,TgtPersonDim,SC2002269NCR,QA,/data/apps/nbx/Dim/config/SrcGuest_TgtPersonDim,spark.target.ops.table.mode,overwrite,
SrcGuest,TgtPersonDim,SC2002269NCR,QA,/data/apps/nbx/Dim/config/SrcGuest_TgtPersonDim,spark.postgresql.database,qanbx,
SrcGuest,TgtPersonDim,SC2002269NCR,QA,/data/apps/nbx/Dim/config/SrcGuest_TgtPersonDim,spark.target.enablerops_table,ship.HBTB_INGESTION_METADATA,
SrcGuest,TgtPersonDim,SC2002269NCR,QA,/data/apps/nbx/Dim/config/SrcGuest_TgtPersonDim,spark.target.zkurl,q-lab-hdp-ada1.virginvoyages.qa.dev:2181/hbase-secure:nbx.service@VIRGINVOYAGES.QA.DEV:/home/nbx.service/nbx.keytab,
SrcGuest,TgtPersonDim,SC2002269NCR,QA,/data/apps/nbx/Dim/config/SrcGuest_TgtPersonDim,spark.table.type,dim,
SrcGuest,TgtPersonDim,SC2002269NCR,QA,/data/apps/nbx/Dim/config/SrcGuest_TgtPersonDim,spark.postgresql.url,jdbc:postgresql://10.2.52.87:5432/,
SrcGuest,TgtPersonDim,SC2002269NCR,QA,/data/apps/nbx/Dim/config/SrcGuest_TgtPersonDim,spark.postgresql.user,nifiusr,
SrcGuest,TgtPersonDim,SC2002269NCR,QA,/data/apps/nbx/Dim/config/SrcGuest_TgtPersonDim,spark.postgresql.password,finiQA@123,
SrcGuest,TgtPersonDim,SC2002269NCR,QA,/data/apps/nbx/Dim/config/SrcGuest_TgtPersonDim,spark.source.columns,"person_id,person_guid,person_charge_id,person_type,person_first_name,person_middle_name,person_last_name,person_dob,person_nationality,person_title,guest_wearable_id,voyage_id,booking_arrival_date,booking_departure_date,booking_reference,cabin_number,cabin_category,cabin_type,person_guid_in_booking,person_guid_in_account,account_number,address_id,address_guid,address_type,address_mailing,address_line1,address_line2,address_line3,address_country,address_postal_code,person_guid_in_address,person_id,bookingguid,voyageid,batchtime,address_city,address_state,sailor_subtribe,sailor_tribe,person_age,mega_rockstar_flag,vip_flag,seaware_id,person_card_status,person_card_type,person_card_level,person_card_color,person_card_color_value",
SrcGuest,TgtPersonDim,SC2002269NCR,QA,/data/apps/nbx/Dim/config/SrcGuest_TgtPersonDim,spark.pond.allColumns,"person_skey as pond_person_skey,person_id as pond_person_id,person_guid as pond_person_guid,person_charge_id as pond_person_charge_id,guest_wearable_id as pond_guest_wearable_id,account_number as pond_account_number,person_type as pond_person_type,person_first_name as pond_person_first_name,person_middle_name as pond_person_middle_name,person_last_name as pond_person_last_name,person_dob as pond_person_dob,person_age as pond_person_age,person_nationality as pond_person_nationality,address_country as pond_address_country,address_type as pond_address_type,address_mailing as pond_address_mailing,address_line1 as pond_address_line1,address_line2 as pond_address_line2,address_line3 as pond_address_line3,address_postal_code as pond_address_postal_code,address_city as pond_address_city,address_state as pond_address_state,booking_arrival_date as pond_booking_arrival_date,booking_departure_date as pond_booking_departure_date,booking_reference as pond_booking_reference,cabin_number as pond_cabin_number,cabin_category as pond_cabin_category,cabin_type as pond_cabin_type,mega_rockstar_flag as pond_mega_rockstar_flag,vip_flag as pond_vip_flag,sailor_tribe as pond_sailor_tribe,sailor_subtribe as pond_sailor_subtribe,voyage_id as pond_voyage_id,load_dt as pond_load_dt,upd_dt as pond_upd_dt,primaryhash as pond_primaryhash,md5_hash as pond_md5_hash,seaware_id as pond_seaware_id,person_card_status as pond_person_card_status,person_card_type as pond_person_card_type,person_card_level as pond_person_card_level,person_card_color as pond_person_card_color,person_card_color_value as pond_person_card_color_value",
SrcGuest,TgtPersonDim,SC2002269NCR,QA,/data/apps/nbx/Dim/config/SrcGuest_TgtPersonDim,spark.surrogate_key.column,person_skey,
SrcGuest,TgtPersonDim,SC2002269NCR,QA,/data/apps/nbx/Dim/config/SrcGuest_TgtPersonDim,spark.pond.database,shipdw,
SrcGuest,TgtPersonDim,SC2002269NCR,QA,/data/apps/nbx/Dim/config/SrcGuest_TgtPersonDim,spark.pond.table,hvtb_mart_dim_person,
SrcGuest,TgtPersonDim,SC2002269NCR,QA,/data/apps/nbx/Dim/config/SrcGuest_TgtPersonDim,spark.source.primaryKeyColumns,"person_guid,booking_reference",
SrcGuest,TgtPersonDim,SC2002269NCR,QA,/data/apps/nbx/Dim/config/SrcGuest_TgtPersonDim,spark.target.final_collist,"person_skey,cast(person_id as string),person_guid,person_charge_id,guest_wearable_id,cast(account_number as string),person_type,person_first_name,person_middle_name,person_last_name,cast(person_dob as date),person_age,person_nationality,address_country,address_type,cast(address_mailing as string),address_line1,address_line2,address_line3,address_postal_code,address_city,address_state,cast(booking_arrival_date as timestamp),cast(booking_departure_date as timestamp),booking_reference,cabin_number,cabin_category,cabin_type,cast(mega_rockstar_flag as boolean),vip_flag,sailor_tribe,sailor_subtribe,voyage_id,load_dt,upd_dt,primaryhash,md5_hash,seaware_id,person_card_status,person_card_type,person_card_level,person_card_color,person_card_color_value ",
SrcGuest,TgtPersonDim,SC2002269NCR,QA,/data/apps/nbx/Dim/config/SrcGuest_TgtPersonDim,spark.target.temp,/data/apps/nbx/temp/hvtb_mart_dim_person,
SrcGuest,TgtPersonDim,SC2002269NCR,QA,/data/apps/nbx/Dim/config/SrcGuest_TgtPersonDim,spark.target.location,/data/apps/nbx/mart/hvtb_mart_dim_person,
SrcGuest,TgtPersonDim,SC2002269NCR,QA,/data/apps/nbx/Dim/config/SrcGuest_TgtPersonDim,spark.postgresql.schema,Hive_schema_stg,
SrcGuest,TgtPersonDim,SC2002269NCR,QA,/data/apps/nbx/Dim/config/SrcGuest_TgtPersonDim,spark.postgresql.tablename,itinerary_dim,
SrcGuest,TgtPersonDim,SC2002269NCR,QA,/data/apps/nbx/Dim/config/SrcGuest_TgtPersonDim,spark.scdtype,type1,
SrcGuest,TgtPersonDim,SC2002269NCR,QA,/data/apps/nbx/Dim/config/SrcGuest_TgtPersonDim,spark.tableType,DIMENSION,
SrcGuest,TgtPersonDim,SC2002269NCR,QA,/data/apps/nbx/Dim/config/SrcGuest_TgtPersonDim,spark.frameworkEnv,ship,
SrcGuest,TgtPersonDim,SC2002269NCR,QA,/data/apps/nbx/Dim/config/SrcGuest_TgtPersonDim,spark.person.table,shipdw.hvtb_parse_mxp_shore_guest_person,
SrcGuest,TgtPersonDim,SC2002269NCR,QA,/data/apps/nbx/Dim/config/SrcGuest_TgtPersonDim,spark.booking.table,shipdw.hvtb_parse_mxp_shore_guest_booking,
SrcGuest,TgtPersonDim,SC2002269NCR,QA,/data/apps/nbx/Dim/config/SrcGuest_TgtPersonDim,spark.account.table,shipdw.hvtb_parse_mxp_Shore_guest_account,
SrcGuest,TgtPersonDim,SC2002269NCR,QA,/data/apps/nbx/Dim/config/SrcGuest_TgtPersonDim,spark.ptncard.table,shipdw.hvtb_parse_konami_vw_odbc_ptncard,
SrcGuest,TgtPersonDim,SC2002269NCR,QA,/data/apps/nbx/Dim/config/SrcGuest_TgtPersonDim,spark.dailyptsum.table,shipdw.hvtb_parse_konami_vw_odbc_dailyptsum,
SrcGuest,TgtPersonDim,SC2002269NCR,QA,/data/apps/nbx/Dim/config/SrcGuest_TgtPersonDim,spark.address.table,shipdw.hvtb_parse_mxp_Shore_guest_address,
SrcGuest,TgtPersonDim,SC2002269NCR,QA,/data/apps/nbx/Dim/config/SrcGuest_TgtPersonDim,spark.persondimension.format,org.apache.phoenix.spark,
SrcGuest,TgtPersonDim,SC2002269NCR,QA,/data/apps/nbx/Dim/config/SrcGuest_TgtPersonDim,spark.persondimension.table,HBTB_SAILOR_TRIBES,
SrcGuest,TgtPersonDim,SC2002269NCR,QA,/data/apps/nbx/Dim/config/SrcGuest_TgtPersonDim,spark.persondimension.zkurl,ip-10-3-100-222.seatrials.virginvoyages.com:2181/hbase-unsecure,
SrcGuest,TgtPersonDim,SC2002269NCR,QA,/data/apps/nbx/Dim/config/SrcGuest_TgtPersonDim,spark.persondimension.jdbcurl,jdbc:phoenix:10.4.100.154:2181/hbase-unsecure,
SrcGuest,TgtPersonDim,SC2002269NCR,QA,/data/apps/nbx/Dim/config/SrcGuest_TgtPersonDim,spark.tribesubtribe.table,HBTB_NBX_SAILOR_TRIBES,
SrcGuest,TgtPersonDim,SC2002269NCR,QA,/data/apps/nbx/Dim/config/SrcGuest_TgtPersonDim,spark.persondimension.oauthurl,https://qa.virginvoyages.com/svc/identityaccessmanagement-service/oauth/token?grant_type=client_credentials,
SrcGuest,TgtPersonDim,SC2002269NCR,QA,/data/apps/nbx/Dim/config/SrcGuest_TgtPersonDim,spark.persondimension.findByTypeAndTargetType,https://qa.virginvoyages.com/svc/xref-api/v1/references/search/findByTypeAndTargetType ?,
SrcGuest,TgtPersonDim,SC2002269NCR,QA,/data/apps/nbx/Dim/config/SrcGuest_TgtPersonDim,spark.persondimension.findalltypes,https://qa.virginvoyages.com/svc/xref-api/v1/types?page=-1&size=-1,
SrcGuest,TgtPersonDim,SC2002269NCR,QA,/data/apps/nbx/Dim/config/SrcGuest_TgtPersonDim,spark.persondimension.username,a02f3532-86ea-4c59-bc0a-ac7b47a73a37,
SrcGuest,TgtPersonDim,SC2002269NCR,QA,/data/apps/nbx/Dim/config/SrcGuest_TgtPersonDim,spark.persondimension.password,vAr6nd87KWQbrE9S,
SrcGuest,TgtPersonDim,SC2002269NCR,QA,/data/apps/nbx/Dim/config/SrcGuest_TgtPersonDim,spark.persondimension.authorization,Basic YTAyZjM1MzItODZlYS00YzU5LWJjMGEtYWM3YjQ3YTczYTM3OnZBcjZuZDg3S1dRYnJFOVM=,
SrcFolioSaleDim,TgtFolioSaleDim,SC2002269NCR,QA,/data/apps/nbx/Dim/config/SrcFolioSaleDim_TgtFolioSaleDim,spark.datasource.hive.warehouse.load.staging.dir,/tmp,
SrcFolioSaleDim,TgtFolioSaleDim,SC2002269NCR,QA,/data/apps/nbx/Dim/config/SrcFolioSaleDim_TgtFolioSaleDim,spark.datasource.hive.warehouse.metastoreUri,thrift://q-lab-hdp-ada3.virginvoyages.qa.dev:9083,
SrcFolioSaleDim,TgtFolioSaleDim,SC2002269NCR,QA,/data/apps/nbx/Dim/config/SrcFolioSaleDim_TgtFolioSaleDim,spark.hadoop.hive.llap.daemon.service.hosts,@llap0,
SrcFolioSaleDim,TgtFolioSaleDim,SC2002269NCR,QA,/data/apps/nbx/Dim/config/SrcFolioSaleDim_TgtFolioSaleDim,spark.hadoop.hive.zookeeper.quorum,"q-lab-hdp-ada3.virginvoyages.qa.dev:2181,q-lab-hdp-ada2.virginvoyages.qa.dev:2181,q-lab-hdp-ada1.virginvoyages.qa.dev:2181",
SrcFolioSaleDim,TgtFolioSaleDim,SC2002269NCR,QA,/data/apps/nbx/Dim/config/SrcFolioSaleDim_TgtFolioSaleDim,spark.sql.hive.hiveserver2.jdbc.url,"jdbc:hive2://q-lab-hdp-ada3.virginvoyages.qa.dev:2181,q-lab-hdp-ada2.virginvoyages.qa.dev:2181,q-lab-hdp-ada1.virginvoyages.qa.dev:2181/;serviceDiscoveryMode=zooKeeper;zooKeeperNamespace=hiveserver2",
SrcFolioSaleDim,TgtFolioSaleDim,SC2002269NCR,QA,/data/apps/nbx/Dim/config/SrcFolioSaleDim_TgtFolioSaleDim,spark.sql.hive.hiveserver2.jdbc.url.principal,hive/_HOST@VIRGINVOYAGES.QA.DEV,
SrcFolioSaleDim,TgtFolioSaleDim,SC2002269NCR,QA,/data/apps/nbx/Dim/config/SrcFolioSaleDim_TgtFolioSaleDim,spark.sql.hive.metastore.jars,/usr/hdp/current/spark2-client/standalone-metastore/*,
SrcFolioSaleDim,TgtFolioSaleDim,SC2002269NCR,QA,/data/apps/nbx/Dim/config/SrcFolioSaleDim_TgtFolioSaleDim,spark.sql.hive.metastore.version,3.0,
SrcFolioSaleDim,TgtFolioSaleDim,SC2002269NCR,QA,/data/apps/nbx/Dim/config/SrcFolioSaleDim_TgtFolioSaleDim,spark.sql.warehouse.dir,/apps/spark/warehouse,
SrcFolioSaleDim,TgtFolioSaleDim,SC2002269NCR,QA,/data/apps/nbx/Dim/config/SrcFolioSaleDim_TgtFolioSaleDim,spark.src.config.id,SrcFolioSaleDim,
SrcFolioSaleDim,TgtFolioSaleDim,SC2002269NCR,QA,/data/apps/nbx/Dim/config/SrcFolioSaleDim_TgtFolioSaleDim,spark.voyage.id,SC2002269NCR,
SrcFolioSaleDim,TgtFolioSaleDim,SC2002269NCR,QA,/data/apps/nbx/Dim/config/SrcFolioSaleDim_TgtFolioSaleDim,spark.tgt.env,QA,
SrcFolioSaleDim,TgtFolioSaleDim,SC2002269NCR,QA,/data/apps/nbx/Dim/config/SrcFolioSaleDim_TgtFolioSaleDim,spark.target.config.id,TgtFolioSaleDim,
SrcFolioSaleDim,TgtFolioSaleDim,SC2002269NCR,QA,/data/apps/nbx/Dim/config/SrcFolioSaleDim_TgtFolioSaleDim,spark.parent.id,SrcShrFolioItemParse-TgtShrFolioItemParse-SC2002269NCR,
SrcFolioSaleDim,TgtFolioSaleDim,SC2002269NCR,QA,/data/apps/nbx/Dim/config/SrcFolioSaleDim_TgtFolioSaleDim,spark.target.ops.table.format,org.apache.phoenix.spark,
SrcFolioSaleDim,TgtFolioSaleDim,SC2002269NCR,QA,/data/apps/nbx/Dim/config/SrcFolioSaleDim_TgtFolioSaleDim,spark.target.ops.table.mode,overwrite,
SrcFolioSaleDim,TgtFolioSaleDim,SC2002269NCR,QA,/data/apps/nbx/Dim/config/SrcFolioSaleDim_TgtFolioSaleDim,spark.postgresql.database,qanbx,
SrcFolioSaleDim,TgtFolioSaleDim,SC2002269NCR,QA,/data/apps/nbx/Dim/config/SrcFolioSaleDim_TgtFolioSaleDim,spark.target.enablerops_table,ship.HBTB_INGESTION_METADATA,
SrcFolioSaleDim,TgtFolioSaleDim,SC2002269NCR,QA,/data/apps/nbx/Dim/config/SrcFolioSaleDim_TgtFolioSaleDim,spark.target.zkurl,q-lab-hdp-ada1.virginvoyages.qa.dev:2181/hbase-secure:nbx.service@VIRGINVOYAGES.QA.DEV:/home/nbx.service/nbx.keytab,
SrcFolioSaleDim,TgtFolioSaleDim,SC2002269NCR,QA,/data/apps/nbx/Dim/config/SrcFolioSaleDim_TgtFolioSaleDim,spark.table.type,dim,
SrcFolioSaleDim,TgtFolioSaleDim,SC2002269NCR,QA,/data/apps/nbx/Dim/config/SrcFolioSaleDim_TgtFolioSaleDim,spark.postgresql.url,jdbc:postgresql://10.2.52.87:5432/,
SrcFolioSaleDim,TgtFolioSaleDim,SC2002269NCR,QA,/data/apps/nbx/Dim/config/SrcFolioSaleDim_TgtFolioSaleDim,spark.postgresql.user,nifiusr,
SrcFolioSaleDim,TgtFolioSaleDim,SC2002269NCR,QA,/data/apps/nbx/Dim/config/SrcFolioSaleDim_TgtFolioSaleDim,spark.postgresql.password,finiQA@123,
SrcFolioSaleDim,TgtFolioSaleDim,SC2002269NCR,QA,/data/apps/nbx/Dim/config/SrcFolioSaleDim_TgtFolioSaleDim,spark.source.sql,"select voyageid as voyageid,referencenbr as sales_id,location as location,accountlinetype as line_type, accountlinestatus as line_Status,accountlinedescription line_description,batchtime as batchtime,part_date as part_date from shipdw.hvtb_parse_folio_vperson_account_detail where folio_item_quickcode in (select folio_item_quickcode from hvtb_mart_lkp_revenue_category_rel)",
SrcFolioSaleDim,TgtFolioSaleDim,SC2002269NCR,QA,/data/apps/nbx/Dim/config/SrcFolioSaleDim_TgtFolioSaleDim,spark.source.columns,"voyageid,sales_id,sale_detail_src,sales_operatornr,sales_receiptnr,sales_checkstatus,location,line_type,line_Status,line_description",
SrcFolioSaleDim,TgtFolioSaleDim,SC2002269NCR,QA,/data/apps/nbx/Dim/config/SrcFolioSaleDim_TgtFolioSaleDim,spark.pond.allColumns,"sale_detail_skey as pond_sale_detail_skey,voyage_id as pond_voyage_id,sale_id as pond_sale_id,sale_detail_src as pond_sale_detail_src,sale_operator_num as pond_sale_operator_num,receipt_number as pond_receipt_number, check_status as pond_check_status, location as pond_location, load_dt as pond_load_dt,line_type as pond_line_type, line_Status as pond_line_Status,line_description as pond_line_description,upd_dt as pond_upd_dt, primaryhash as pond_primaryhash, md5_hash as pond_md5_hash",
SrcFolioSaleDim,TgtFolioSaleDim,SC2002269NCR,QA,/data/apps/nbx/Dim/config/SrcFolioSaleDim_TgtFolioSaleDim,spark.surrogate_key.column,sale_detail_skey,
SrcFolioSaleDim,TgtFolioSaleDim,SC2002269NCR,QA,/data/apps/nbx/Dim/config/SrcFolioSaleDim_TgtFolioSaleDim,spark.pond.database,shipdw,
SrcFolioSaleDim,TgtFolioSaleDim,SC2002269NCR,QA,/data/apps/nbx/Dim/config/SrcFolioSaleDim_TgtFolioSaleDim,spark.pond.table,hvtb_mart_dim_sale_detail,
SrcFolioSaleDim,TgtFolioSaleDim,SC2002269NCR,QA,/data/apps/nbx/Dim/config/SrcFolioSaleDim_TgtFolioSaleDim,spark.source.primaryKeyColumns,sales_id,
SrcFolioSaleDim,TgtFolioSaleDim,SC2002269NCR,QA,/data/apps/nbx/Dim/config/SrcFolioSaleDim_TgtFolioSaleDim,spark.scdtype,type1,
SrcFolioSaleDim,TgtFolioSaleDim,SC2002269NCR,QA,/data/apps/nbx/Dim/config/SrcFolioSaleDim_TgtFolioSaleDim,spark.frameworkEnv,ship,
SrcFolioSaleDim,TgtFolioSaleDim,SC2002269NCR,QA,/data/apps/nbx/Dim/config/SrcFolioSaleDim_TgtFolioSaleDim,spark.tableType,DIMENSION,
SrcFolioSaleDim,TgtFolioSaleDim,SC2002269NCR,QA,/data/apps/nbx/Dim/config/SrcFolioSaleDim_TgtFolioSaleDim,spark.target.final_collist,"sale_detail_skey,  final_view.voyageid as voyage_id,  final_view.sales_id as sale_id, final_view.sale_detail_src as sale_detail_src, cast(final_view.sales_operatornr as int) as sale_operator_num , final_view.sales_receiptnr as receipt_number,final_view.sales_checkstatus as  check_status, final_view.location as location,final_view.line_type as line_type,final_view.line_Status as line_Status,final_view.line_description as line_description,load_dt, upd_dt, primaryhash, md5_hash",
SrcFolioSaleDim,TgtFolioSaleDim,SC2002269NCR,QA,/data/apps/nbx/Dim/config/SrcFolioSaleDim_TgtFolioSaleDim,spark.target.temp,/data/apps/nbx/temp/hvtb_mart_dim_sale_detail,
SrcFolioSaleDim,TgtFolioSaleDim,SC2002269NCR,QA,/data/apps/nbx/Dim/config/SrcFolioSaleDim_TgtFolioSaleDim,spark.target.location,/data/apps/nbx/mart/hvtb_mart_dim_sale_detail,
SrcFolioSaleDim,TgtFolioSaleDim,SC2002269NCR,QA,/data/apps/nbx/Dim/config/SrcFolioSaleDim_TgtFolioSaleDim,spark.postgresql.schema,Hive_schema_stg,
SrcFolioSaleDim,TgtFolioSaleDim,SC2002269NCR,QA,/data/apps/nbx/Dim/config/SrcFolioSaleDim_TgtFolioSaleDim,spark.postgresql.tablename,sail_detail_dim,
SrcGuestPreference,TgtPreferenceDim,SC2002269NCR,QA,/data/apps/nbx/Dim/config/SrcGuestPreference_TgtPreferenceDim,spark.src.config.id,SrcGuestPreference,
SrcGuestPreference,TgtPreferenceDim,SC2002269NCR,QA,/data/apps/nbx/Dim/config/SrcGuestPreference_TgtPreferenceDim,spark.voyage.id,SC2002269NCR,
SrcGuestPreference,TgtPreferenceDim,SC2002269NCR,QA,/data/apps/nbx/Dim/config/SrcGuestPreference_TgtPreferenceDim,spark.tgt.env,QA,
SrcGuestPreference,TgtPreferenceDim,SC2002269NCR,QA,/data/apps/nbx/Dim/config/SrcGuestPreference_TgtPreferenceDim,spark.target.config.id,TgtPreferenceDim,
SrcGuestPreference,TgtPreferenceDim,SC2002269NCR,QA,/data/apps/nbx/Dim/config/SrcGuestPreference_TgtPreferenceDim,spark.parent.id,SrcShrGuest-TgtShrGuest-SC2002269NCR,
SrcGuestPreference,TgtPreferenceDim,SC2002269NCR,QA,/data/apps/nbx/Dim/config/SrcGuestPreference_TgtPreferenceDim,spark.target.ops.table.format,org.apache.phoenix.spark,
SrcGuestPreference,TgtPreferenceDim,SC2002269NCR,QA,/data/apps/nbx/Dim/config/SrcGuestPreference_TgtPreferenceDim,spark.target.ops.table.mode,overwrite,
SrcGuestPreference,TgtPreferenceDim,SC2002269NCR,QA,/data/apps/nbx/Dim/config/SrcGuestPreference_TgtPreferenceDim,spark.postgresql.database,qanbx,
SrcGuestPreference,TgtPreferenceDim,SC2002269NCR,QA,/data/apps/nbx/Dim/config/SrcGuestPreference_TgtPreferenceDim,spark.target.enablerops_table,ship.HBTB_INGESTION_METADATA,
SrcGuestPreference,TgtPreferenceDim,SC2002269NCR,QA,/data/apps/nbx/Dim/config/SrcGuestPreference_TgtPreferenceDim,spark.target.zkurl,q-lab-hdp-ada1.virginvoyages.qa.dev:2181/hbase-secure:nbx.service@VIRGINVOYAGES.QA.DEV:/home/nbx.service/nbx.keytab,
SrcGuestPreference,TgtPreferenceDim,SC2002269NCR,QA,/data/apps/nbx/Dim/config/SrcGuestPreference_TgtPreferenceDim,spark.table.type,dim,
SrcGuestPreference,TgtPreferenceDim,SC2002269NCR,QA,/data/apps/nbx/Dim/config/SrcGuestPreference_TgtPreferenceDim,spark.postgresql.url,jdbc:postgresql://10.2.52.87:5432/,
SrcGuestPreference,TgtPreferenceDim,SC2002269NCR,QA,/data/apps/nbx/Dim/config/SrcGuestPreference_TgtPreferenceDim,spark.postgresql.user,nifiusr,
SrcGuestPreference,TgtPreferenceDim,SC2002269NCR,QA,/data/apps/nbx/Dim/config/SrcGuestPreference_TgtPreferenceDim,spark.postgresql.password,finiQA@123,
SrcGuestPreference,TgtPreferenceDim,SC2002269NCR,QA,/data/apps/nbx/Dim/config/SrcGuestPreference_TgtPreferenceDim,spark.source.sql,"select NVL(pe.person_skey,-1) as person_skey,pr.voyageid as voyage_id,pr.preference_id as preference_id,pr.category as category,pr.description as description,pr.comment as comment,pr.allergy as allergy,CAST(NVL(pr.preference_upd_date,'9999-12-31') as timestamp) as preference_upd_date,pr.batchtime as batchtime,pr.partdate as part_date from (select person_id,voyageid,preference_id,category,description,comment,batchtime,allergy,preference_upd_date,partdate from(select person_id,voyageid,preference_id,category,description,comment,batchtime,allergy,preference_upd_date,partdate,row_number() over(partition by person_id,preference_id,voyageid order by preference_upd_date desc )as rn from shipdw.hvtb_parse_mxp_ship_guest_preference where preference_id is not NULL)pref where pref.rn=1) pr left join shipdw.hvtb_mart_dim_person pe on (pr.person_id=cast(pe.person_id as bigint))",
SrcGuestPreference,TgtPreferenceDim,SC2002269NCR,QA,/data/apps/nbx/Dim/config/SrcGuestPreference_TgtPreferenceDim,spark.source.columns,"person_skey,voyage_id,preference_id,category,description,comment,allergy,preference_upd_date,batchtime",
SrcGuestPreference,TgtPreferenceDim,SC2002269NCR,QA,/data/apps/nbx/Dim/config/SrcGuestPreference_TgtPreferenceDim,spark.pond.allColumns,"preference_skey as pond_preference_skey,person_skey as pond_person_skey,voyage_id as pond_voyage_id,preference_id as pond_preference_id,category as pond_category,description as pond_description,comment as pond_comment,allergy as pond_allergy,preference_upd_date as pond_preference_upd_date,load_dt as pond_load_dt,upd_dt as pond_upd_dt, primaryhash as pond_primaryhash, md5_hash as pond_md5_hash",
SrcGuestPreference,TgtPreferenceDim,SC2002269NCR,QA,/data/apps/nbx/Dim/config/SrcGuestPreference_TgtPreferenceDim,spark.surrogate_key.column,preference_skey,
SrcGuestPreference,TgtPreferenceDim,SC2002269NCR,QA,/data/apps/nbx/Dim/config/SrcGuestPreference_TgtPreferenceDim,spark.pond.database,shipdw,
SrcGuestPreference,TgtPreferenceDim,SC2002269NCR,QA,/data/apps/nbx/Dim/config/SrcGuestPreference_TgtPreferenceDim,spark.pond.table,hvtb_mart_dim_preference,
SrcGuestPreference,TgtPreferenceDim,SC2002269NCR,QA,/data/apps/nbx/Dim/config/SrcGuestPreference_TgtPreferenceDim,spark.source.primaryKeyColumns,preference_id,
SrcGuestPreference,TgtPreferenceDim,SC2002269NCR,QA,/data/apps/nbx/Dim/config/SrcGuestPreference_TgtPreferenceDim,spark.scdtype,type1,
SrcGuestPreference,TgtPreferenceDim,SC2002269NCR,QA,/data/apps/nbx/Dim/config/SrcGuestPreference_TgtPreferenceDim,spark.frameworkEnv,ship,
SrcGuestPreference,TgtPreferenceDim,SC2002269NCR,QA,/data/apps/nbx/Dim/config/SrcGuestPreference_TgtPreferenceDim,spark.tableType,DIMENSION,
SrcGuestPreference,TgtPreferenceDim,SC2002269NCR,QA,/data/apps/nbx/Dim/config/SrcGuestPreference_TgtPreferenceDim,spark.target.final_collist,"preference_skey,final_view.person_skey,final_view.voyage_id,final_view.preference_id,final_view.category,final_view.description,final_view.comment,final_view.allergy,final_view.preference_upd_date,final_view.load_dt, final_view.upd_dt, final_view.primaryhash, final_view.md5_hash",
SrcGuestPreference,TgtPreferenceDim,SC2002269NCR,QA,/data/apps/nbx/Dim/config/SrcGuestPreference_TgtPreferenceDim,spark.target.temp,/data/apps/nbx/temp/hvtb_mart_dim_preference,
SrcGuestPreference,TgtPreferenceDim,SC2002269NCR,QA,/data/apps/nbx/Dim/config/SrcGuestPreference_TgtPreferenceDim,spark.target.location,/data/apps/nbx/mart/hvtb_mart_dim_preference,
SrcGuestPreference,TgtPreferenceDim,SC2002269NCR,QA,/data/apps/nbx/Dim/config/SrcGuestPreference_TgtPreferenceDim,spark.postgresql.schema,Hive_schema_stg,
SrcGuestPreference,TgtPreferenceDim,SC2002269NCR,QA,/data/apps/nbx/Dim/config/SrcGuestPreference_TgtPreferenceDim,spark.postgresql.tablename,preference_dim,
SrcGuestRestriction,TgtRestrictionDim,SC2002269NCR,QA,/data/apps/nbx/Dim/config/SrcGuestRestriction_TgtRestrictionDim,spark.datasource.hive.warehouse.load.staging.dir,/tmp,
SrcGuestRestriction,TgtRestrictionDim,SC2002269NCR,QA,/data/apps/nbx/Dim/config/SrcGuestRestriction_TgtRestrictionDim,spark.datasource.hive.warehouse.metastoreUri,thrift://q-lab-hdp-ada3.virginvoyages.qa.dev:9083,
SrcGuestRestriction,TgtRestrictionDim,SC2002269NCR,QA,/data/apps/nbx/Dim/config/SrcGuestRestriction_TgtRestrictionDim,spark.hadoop.hive.llap.daemon.service.hosts,@llap0,
SrcGuestRestriction,TgtRestrictionDim,SC2002269NCR,QA,/data/apps/nbx/Dim/config/SrcGuestRestriction_TgtRestrictionDim,spark.hadoop.hive.zookeeper.quorum,"q-lab-hdp-ada3.virginvoyages.qa.dev:2181,q-lab-hdp-ada2.virginvoyages.qa.dev:2181,q-lab-hdp-ada1.virginvoyages.qa.dev:2181",
SrcGuestRestriction,TgtRestrictionDim,SC2002269NCR,QA,/data/apps/nbx/Dim/config/SrcGuestRestriction_TgtRestrictionDim,spark.sql.hive.hiveserver2.jdbc.url,"jdbc:hive2://q-lab-hdp-ada3.virginvoyages.qa.dev:2181,q-lab-hdp-ada2.virginvoyages.qa.dev:2181,q-lab-hdp-ada1.virginvoyages.qa.dev:2181/;serviceDiscoveryMode=zooKeeper;zooKeeperNamespace=hiveserver2",
SrcGuestRestriction,TgtRestrictionDim,SC2002269NCR,QA,/data/apps/nbx/Dim/config/SrcGuestRestriction_TgtRestrictionDim,spark.sql.hive.hiveserver2.jdbc.url.principal,hive/_HOST@VIRGINVOYAGES.QA.DEV,
SrcGuestRestriction,TgtRestrictionDim,SC2002269NCR,QA,/data/apps/nbx/Dim/config/SrcGuestRestriction_TgtRestrictionDim,spark.sql.hive.metastore.jars,/usr/hdp/current/spark2-client/standalone-metastore/*,
SrcGuestRestriction,TgtRestrictionDim,SC2002269NCR,QA,/data/apps/nbx/Dim/config/SrcGuestRestriction_TgtRestrictionDim,spark.sql.hive.metastore.version,3.0,
SrcGuestRestriction,TgtRestrictionDim,SC2002269NCR,QA,/data/apps/nbx/Dim/config/SrcGuestRestriction_TgtRestrictionDim,spark.sql.warehouse.dir,/apps/spark/warehouse,
SrcGuestRestriction,TgtRestrictionDim,SC2002269NCR,QA,/data/apps/nbx/Dim/config/SrcGuestRestriction_TgtRestrictionDim,spark.src.config.id,SrcGuestRestriction,
SrcGuestRestriction,TgtRestrictionDim,SC2002269NCR,QA,/data/apps/nbx/Dim/config/SrcGuestRestriction_TgtRestrictionDim,spark.voyage.id,SC2002269NCR,
SrcGuestRestriction,TgtRestrictionDim,SC2002269NCR,QA,/data/apps/nbx/Dim/config/SrcGuestRestriction_TgtRestrictionDim,spark.tgt.env,QA,
SrcGuestRestriction,TgtRestrictionDim,SC2002269NCR,QA,/data/apps/nbx/Dim/config/SrcGuestRestriction_TgtRestrictionDim,spark.target.config.id,TgtRestrictionDim,
SrcGuestRestriction,TgtRestrictionDim,SC2002269NCR,QA,/data/apps/nbx/Dim/config/SrcGuestRestriction_TgtRestrictionDim,spark.parent.id,SrcShrGuest-TgtShrGuest-SC2002269NCR,
SrcGuestRestriction,TgtRestrictionDim,SC2002269NCR,QA,/data/apps/nbx/Dim/config/SrcGuestRestriction_TgtRestrictionDim,spark.target.ops.table.format,org.apache.phoenix.spark,
SrcGuestRestriction,TgtRestrictionDim,SC2002269NCR,QA,/data/apps/nbx/Dim/config/SrcGuestRestriction_TgtRestrictionDim,spark.target.ops.table.mode,overwrite,
SrcGuestRestriction,TgtRestrictionDim,SC2002269NCR,QA,/data/apps/nbx/Dim/config/SrcGuestRestriction_TgtRestrictionDim,spark.postgresql.database,qanbx,
SrcGuestRestriction,TgtRestrictionDim,SC2002269NCR,QA,/data/apps/nbx/Dim/config/SrcGuestRestriction_TgtRestrictionDim,spark.target.enablerops_table,ship.HBTB_INGESTION_METADATA,
SrcGuestRestriction,TgtRestrictionDim,SC2002269NCR,QA,/data/apps/nbx/Dim/config/SrcGuestRestriction_TgtRestrictionDim,spark.target.zkurl,q-lab-hdp-ada1.virginvoyages.qa.dev:2181/hbase-secure:nbx.service@VIRGINVOYAGES.QA.DEV:/home/nbx.service/nbx.keytab,
SrcGuestRestriction,TgtRestrictionDim,SC2002269NCR,QA,/data/apps/nbx/Dim/config/SrcGuestRestriction_TgtRestrictionDim,spark.table.type,dim,
SrcGuestRestriction,TgtRestrictionDim,SC2002269NCR,QA,/data/apps/nbx/Dim/config/SrcGuestRestriction_TgtRestrictionDim,spark.postgresql.url,jdbc:postgresql://10.2.52.87:5432/,
SrcGuestRestriction,TgtRestrictionDim,SC2002269NCR,QA,/data/apps/nbx/Dim/config/SrcGuestRestriction_TgtRestrictionDim,spark.postgresql.user,nifiusr,
SrcGuestRestriction,TgtRestrictionDim,SC2002269NCR,QA,/data/apps/nbx/Dim/config/SrcGuestRestriction_TgtRestrictionDim,spark.postgresql.password,finiQA@123,
SrcGuestRestriction,TgtRestrictionDim,SC2002269NCR,QA,/data/apps/nbx/Dim/config/SrcGuestRestriction_TgtRestrictionDim,spark.source.sql,"select voyageid as voyage_id, batchtime, partdate,  NVL(dim_person.person_skey,-1) as person_skey, restrictions_guid, restrictions_type, categoryid, category_code, category, comment, from_date, to_date, deleted_flag, created_date  from (select deleted_flag,created_date, to_date,from_date,category_code,categoryid,restrictions_type,restrictions_guid,person_id,voyageid,category,comment,batchtime,lastchanged,partdate from(select deleted_flag,created_date, to_date,from_date,category_code,categoryid,restrictions_type,restrictions_guid,person_id,voyageid,category,comment,batchtime,lastchanged,partdate,row_number() over(partition by person_id,restrictions_guid,voyageid order by lastchanged desc )as rn from shipdw.hvtb_parse_mxp_ship_guest_restriction where restrictions_guid is not NULL)pref where pref.rn=1)restriction left JOIN shipdw.hvtb_mart_dim_person dim_person on ( restriction.voyageid == dim_person.voyage_id and restriction.person_id==dim_person.person_id)",
SrcGuestRestriction,TgtRestrictionDim,SC2002269NCR,QA,/data/apps/nbx/Dim/config/SrcGuestRestriction_TgtRestrictionDim,spark.source.columns,"voyage_id,person_skey,restrictions_guid,restrictions_type,categoryid,category_code,category,comment,from_date,to_date,deleted_flag,created_date",
SrcGuestRestriction,TgtRestrictionDim,SC2002269NCR,QA,/data/apps/nbx/Dim/config/SrcGuestRestriction_TgtRestrictionDim,spark.pond.allColumns,"restriction_skey as pond_restriction_skey,voyage_id as pond_voyage_id,person_skey as pond_person_skey,restrictions_guid as pond_restrictions_guid,restrictions_type as pond_restrictions_type,categoryId as pond_categoryId,category_code as pond_category_code,category as pond_category,comment as pond_comment,from_date as pond_from_date,to_date as pond_to_date,deleted_flag as pond_deleted_flag,created_date as pond_created_date,load_dt as pond_load_dt,upd_dt as pond_upd_dt,primaryhash as pond_primaryhash,md5_hash as pond_md5_hash",
SrcGuestRestriction,TgtRestrictionDim,SC2002269NCR,QA,/data/apps/nbx/Dim/config/SrcGuestRestriction_TgtRestrictionDim,spark.surrogate_key.column,restriction_skey,
SrcGuestRestriction,TgtRestrictionDim,SC2002269NCR,QA,/data/apps/nbx/Dim/config/SrcGuestRestriction_TgtRestrictionDim,spark.pond.database,shipdw,
SrcGuestRestriction,TgtRestrictionDim,SC2002269NCR,QA,/data/apps/nbx/Dim/config/SrcGuestRestriction_TgtRestrictionDim,spark.pond.table,hvtb_mart_dim_restriction,
SrcGuestRestriction,TgtRestrictionDim,SC2002269NCR,QA,/data/apps/nbx/Dim/config/SrcGuestRestriction_TgtRestrictionDim,spark.postgresql.schema,Hive_schema_stg,
SrcGuestRestriction,TgtRestrictionDim,SC2002269NCR,QA,/data/apps/nbx/Dim/config/SrcGuestRestriction_TgtRestrictionDim,spark.target.table,restriction_dim,
SrcGuestRestriction,TgtRestrictionDim,SC2002269NCR,QA,/data/apps/nbx/Dim/config/SrcGuestRestriction_TgtRestrictionDim,spark.source.primaryKeyColumns,restrictions_guid,
SrcGuestRestriction,TgtRestrictionDim,SC2002269NCR,QA,/data/apps/nbx/Dim/config/SrcGuestRestriction_TgtRestrictionDim,spark.pond.primaryKeyColumns,"voyage_id,pond_voyage_number",
SrcGuestRestriction,TgtRestrictionDim,SC2002269NCR,QA,/data/apps/nbx/Dim/config/SrcGuestRestriction_TgtRestrictionDim,spark.scdtype,type1,
SrcGuestRestriction,TgtRestrictionDim,SC2002269NCR,QA,/data/apps/nbx/Dim/config/SrcGuestRestriction_TgtRestrictionDim,spark.frameworkEnv,ship,
SrcGuestRestriction,TgtRestrictionDim,SC2002269NCR,QA,/data/apps/nbx/Dim/config/SrcGuestRestriction_TgtRestrictionDim,spark.target.final_collist,"restriction_skey,final_view.voyage_id as voyage_id,final_view.person_skey as person_skey,final_view.restrictions_guid as restrictions_guid, final_view.restrictions_type as restrictions_type, final_view.categoryId as categoryId, final_view.category_code as category_code, final_view.category as category, final_view.comment as comment, final_view.from_date as from_date, final_view.to_date as to_date, final_view.deleted_flag as deleted_flag, final_view.created_date as created_date,load_dt,upd_dt,primaryhash,md5_hash",
SrcGuestRestriction,TgtRestrictionDim,SC2002269NCR,QA,/data/apps/nbx/Dim/config/SrcGuestRestriction_TgtRestrictionDim,spark.target.temp,/data/apps/nbx/temp/hvtb_mart_dim_restriction,
SrcGuestRestriction,TgtRestrictionDim,SC2002269NCR,QA,/data/apps/nbx/Dim/config/SrcGuestRestriction_TgtRestrictionDim,spark.target.location,/data/apps/nbx/mart/hvtb_mart_dim_restriction,
SrcGuestRestriction,TgtRestrictionDim,SC2002269NCR,QA,/data/apps/nbx/Dim/config/SrcGuestRestriction_TgtRestrictionDim,spark.postgresql.schema,Hive_schema_stg,
SrcGuestRestriction,TgtRestrictionDim,SC2002269NCR,QA,/data/apps/nbx/Dim/config/SrcGuestRestriction_TgtRestrictionDim,spark.postgresql.tablename,restriction_dim,
SrcGuestRestriction,TgtRestrictionDim,SC2002269NCR,QA,/data/apps/nbx/Dim/config/SrcGuestRestriction_TgtRestrictionDim,spark.scdtype,type1,
SrcGuestRestriction,TgtRestrictionDim,SC2002269NCR,QA,/data/apps/nbx/Dim/config/SrcGuestRestriction_TgtRestrictionDim,spark.tableType,DIMENSION,
SrcGuestRestriction,TgtRestrictionDim,SC2002269NCR,QA,/data/apps/nbx/Dim/config/SrcGuestRestriction_TgtRestrictionDim,spark.frameworkEnv,ship,
SrcGuestSpecialRequest,TgtSpecialRequestDim,SC2002269NCR,QA,/data/apps/nbx/Dim/config/SrcGuestSpecialRequest_TgtSpecialRequestDim,spark.datasource.hive.warehouse.load.staging.dir,/tmp,
SrcGuestSpecialRequest,TgtSpecialRequestDim,SC2002269NCR,QA,/data/apps/nbx/Dim/config/SrcGuestSpecialRequest_TgtSpecialRequestDim,spark.datasource.hive.warehouse.metastoreUri,thrift://q-lab-hdp-ada3.virginvoyages.qa.dev:9083,
SrcGuestSpecialRequest,TgtSpecialRequestDim,SC2002269NCR,QA,/data/apps/nbx/Dim/config/SrcGuestSpecialRequest_TgtSpecialRequestDim,spark.hadoop.hive.llap.daemon.service.hosts,@llap0,
SrcGuestSpecialRequest,TgtSpecialRequestDim,SC2002269NCR,QA,/data/apps/nbx/Dim/config/SrcGuestSpecialRequest_TgtSpecialRequestDim,spark.hadoop.hive.zookeeper.quorum,"q-lab-hdp-ada3.virginvoyages.qa.dev:2181,q-lab-hdp-ada2.virginvoyages.qa.dev:2181,q-lab-hdp-ada1.virginvoyages.qa.dev:2181",
SrcGuestSpecialRequest,TgtSpecialRequestDim,SC2002269NCR,QA,/data/apps/nbx/Dim/config/SrcGuestSpecialRequest_TgtSpecialRequestDim,spark.sql.hive.hiveserver2.jdbc.url,"jdbc:hive2://q-lab-hdp-ada3.virginvoyages.qa.dev:2181,q-lab-hdp-ada2.virginvoyages.qa.dev:2181,q-lab-hdp-ada1.virginvoyages.qa.dev:2181/;serviceDiscoveryMode=zooKeeper;zooKeeperNamespace=hiveserver2",
SrcGuestSpecialRequest,TgtSpecialRequestDim,SC2002269NCR,QA,/data/apps/nbx/Dim/config/SrcGuestSpecialRequest_TgtSpecialRequestDim,spark.sql.hive.hiveserver2.jdbc.url.principal,hive/_HOST@VIRGINVOYAGES.QA.DEV,
SrcGuestSpecialRequest,TgtSpecialRequestDim,SC2002269NCR,QA,/data/apps/nbx/Dim/config/SrcGuestSpecialRequest_TgtSpecialRequestDim,spark.sql.hive.metastore.jars,/usr/hdp/current/spark2-client/standalone-metastore/*,
SrcGuestSpecialRequest,TgtSpecialRequestDim,SC2002269NCR,QA,/data/apps/nbx/Dim/config/SrcGuestSpecialRequest_TgtSpecialRequestDim,spark.sql.hive.metastore.version,3.0,
SrcGuestSpecialRequest,TgtSpecialRequestDim,SC2002269NCR,QA,/data/apps/nbx/Dim/config/SrcGuestSpecialRequest_TgtSpecialRequestDim,spark.sql.warehouse.dir,/apps/spark/warehouse,
SrcGuestSpecialRequest,TgtSpecialRequestDim,SC2002269NCR,QA,/data/apps/nbx/Dim/config/SrcGuestSpecialRequest_TgtSpecialRequestDim,spark.src.config.id,SrcGuestSpecialRequest,",device_sub_type_name,device_machine_number,batchtime"
SrcGuestSpecialRequest,TgtSpecialRequestDim,SC2002269NCR,QA,/data/apps/nbx/Dim/config/SrcGuestSpecialRequest_TgtSpecialRequestDim,spark.voyage.id,SC2002269NCR,
SrcGuestSpecialRequest,TgtSpecialRequestDim,SC2002269NCR,QA,/data/apps/nbx/Dim/config/SrcGuestSpecialRequest_TgtSpecialRequestDim,spark.tgt.env,QA,
SrcGuestSpecialRequest,TgtSpecialRequestDim,SC2002269NCR,QA,/data/apps/nbx/Dim/config/SrcGuestSpecialRequest_TgtSpecialRequestDim,spark.target.config.id,TgtSpecialRequestDim,
SrcGuestSpecialRequest,TgtSpecialRequestDim,SC2002269NCR,QA,/data/apps/nbx/Dim/config/SrcGuestSpecialRequest_TgtSpecialRequestDim,spark.parent.id,SrcShrGuest-TgtShrGuest-SC2002269NCR,
SrcGuestSpecialRequest,TgtSpecialRequestDim,SC2002269NCR,QA,/data/apps/nbx/Dim/config/SrcGuestSpecialRequest_TgtSpecialRequestDim,spark.target.ops.table.format,org.apache.phoenix.spark,
SrcGuestSpecialRequest,TgtSpecialRequestDim,SC2002269NCR,QA,/data/apps/nbx/Dim/config/SrcGuestSpecialRequest_TgtSpecialRequestDim,spark.target.ops.table.mode,overwrite,
SrcGuestSpecialRequest,TgtSpecialRequestDim,SC2002269NCR,QA,/data/apps/nbx/Dim/config/SrcGuestSpecialRequest_TgtSpecialRequestDim,spark.postgresql.database,qanbx,
SrcGuestSpecialRequest,TgtSpecialRequestDim,SC2002269NCR,QA,/data/apps/nbx/Dim/config/SrcGuestSpecialRequest_TgtSpecialRequestDim,spark.target.enablerops_table,ship.HBTB_INGESTION_METADATA,
SrcGuestSpecialRequest,TgtSpecialRequestDim,SC2002269NCR,QA,/data/apps/nbx/Dim/config/SrcGuestSpecialRequest_TgtSpecialRequestDim,spark.target.zkurl,q-lab-hdp-ada1.virginvoyages.qa.dev:2181/hbase-secure:nbx.service@VIRGINVOYAGES.QA.DEV:/home/nbx.service/nbx.keytab,
SrcGuestSpecialRequest,TgtSpecialRequestDim,SC2002269NCR,QA,/data/apps/nbx/Dim/config/SrcGuestSpecialRequest_TgtSpecialRequestDim,spark.table.type,dim,
SrcGuestSpecialRequest,TgtSpecialRequestDim,SC2002269NCR,QA,/data/apps/nbx/Dim/config/SrcGuestSpecialRequest_TgtSpecialRequestDim,spark.postgresql.url,jdbc:postgresql://10.2.52.87:5432/,
SrcGuestSpecialRequest,TgtSpecialRequestDim,SC2002269NCR,QA,/data/apps/nbx/Dim/config/SrcGuestSpecialRequest_TgtSpecialRequestDim,spark.postgresql.user,nifiusr,
SrcGuestSpecialRequest,TgtSpecialRequestDim,SC2002269NCR,QA,/data/apps/nbx/Dim/config/SrcGuestSpecialRequest_TgtSpecialRequestDim,spark.postgresql.password,finiQA@123,
SrcGuestSpecialRequest,TgtSpecialRequestDim,SC2002269NCR,QA,/data/apps/nbx/Dim/config/SrcGuestSpecialRequest_TgtSpecialRequestDim,spark.source.sql,"select voyageid as voyage_id,batchtime,partdate as part_date, NVL(dim_person.person_skey,-1) as person_skey, specialrequest_id,specialrequest_guid,specialrequest_type,cast(specialrequest_date as timestamp) as specialrequest_date,specialrequest_description,specialrequest_comment, cast(from_unixtime(UNIX_TIMESTAMP(Cast(concat(split(specialrequest_upd_date,'T')[0],"" "",split(specialrequest_upd_date,'T')[1])as timestamp)),'YYYY-MM-dd HH:mm:ss') as timestamp) as specialrequest_upd_date from (select voyageid,batchtime,partdate,person_id,specialrequest_id,specialrequest_guid,specialrequest_type,specialrequest_date,specialrequest_description,specialrequest_comment,specialrequest_upd_date from(select voyageid,batchtime,partdate,specialrequest_id,person_id,specialrequest_guid,specialrequest_type,specialrequest_date,specialrequest_description,specialrequest_comment,specialrequest_upd_date,row_number() over(partition  by specialrequest_id,specialrequest_guid,person_id order by specialrequest_upd_date desc   ) as rn from shipdw.hvtb_parse_mxp_ship_guest_specialrequest)special_req where special_req.rn=1)special_req left JOIN shipdw.hvtb_mart_dim_person dim_person on ( special_req.voyageid == dim_person.voyage_id and special_req.person_id==dim_person.person_id)",
SrcGuestSpecialRequest,TgtSpecialRequestDim,SC2002269NCR,QA,/data/apps/nbx/Dim/config/SrcGuestSpecialRequest_TgtSpecialRequestDim,spark.source.columns,"voyage_id,person_skey,specialrequest_id,specialrequest_guid,specialrequest_type,specialrequest_date,specialrequest_description,specialrequest_comment,specialrequest_upd_date",
SrcGuestSpecialRequest,TgtSpecialRequestDim,SC2002269NCR,QA,/data/apps/nbx/Dim/config/SrcGuestSpecialRequest_TgtSpecialRequestDim,spark.pond.allColumns,"specialrequest_skey as pond_specialrequest_skey,voyage_id as pond_voyage_id,person_skey as pond_person_skey,specialrequest_id as pond_specialrequest_id,specialrequest_guid as pond_specialrequest_guid,specialrequest_type as pond_specialrequest_type,specialrequest_date as pond_specialrequest_date,specialrequest_description as pond_specialrequest_description,specialrequest_comment as pond_specialrequest_comment,specialrequest_upd_date as pond_specialrequest_upd_date,load_dt as pond_load_dt,upd_dt as pond_upd_dt,primaryhash as pond_primaryhash,md5_hash as pond_md5_hash",
SrcGuestSpecialRequest,TgtSpecialRequestDim,SC2002269NCR,QA,/data/apps/nbx/Dim/config/SrcGuestSpecialRequest_TgtSpecialRequestDim,spark.surrogate_key.column,specialrequest_skey,
SrcGuestSpecialRequest,TgtSpecialRequestDim,SC2002269NCR,QA,/data/apps/nbx/Dim/config/SrcGuestSpecialRequest_TgtSpecialRequestDim,spark.pond.database,shipdw,
SrcGuestSpecialRequest,TgtSpecialRequestDim,SC2002269NCR,QA,/data/apps/nbx/Dim/config/SrcGuestSpecialRequest_TgtSpecialRequestDim,spark.pond.table,hvtb_mart_dim_specialrequest,
SrcGuestSpecialRequest,TgtSpecialRequestDim,SC2002269NCR,QA,/data/apps/nbx/Dim/config/SrcGuestSpecialRequest_TgtSpecialRequestDim,spark.postgresql.schema,Hive_schema_stg,
SrcGuestSpecialRequest,TgtSpecialRequestDim,SC2002269NCR,QA,/data/apps/nbx/Dim/config/SrcGuestSpecialRequest_TgtSpecialRequestDim,spark.target.table,specialrequest_dim,
SrcGuestSpecialRequest,TgtSpecialRequestDim,SC2002269NCR,QA,/data/apps/nbx/Dim/config/SrcGuestSpecialRequest_TgtSpecialRequestDim,spark.source.primaryKeyColumns,specialrequest_id,
SrcGuestSpecialRequest,TgtSpecialRequestDim,SC2002269NCR,QA,/data/apps/nbx/Dim/config/SrcGuestSpecialRequest_TgtSpecialRequestDim,spark.scdtype,type1,
SrcGuestSpecialRequest,TgtSpecialRequestDim,SC2002269NCR,QA,/data/apps/nbx/Dim/config/SrcGuestSpecialRequest_TgtSpecialRequestDim,spark.frameworkEnv,ship,
SrcGuestSpecialRequest,TgtSpecialRequestDim,SC2002269NCR,QA,/data/apps/nbx/Dim/config/SrcGuestSpecialRequest_TgtSpecialRequestDim,spark.target.final_collist,"specialrequest_skey,final_view.voyage_id as voyage_id,final_view.person_skey as person_skey,final_view.specialrequest_id as specialrequest_id,final_view.specialrequest_guid as specialrequest_guid,final_view.specialrequest_type as specialrequest_type,final_view.specialrequest_date as specialrequest_date,final_view.specialrequest_description as specialrequest_description,final_view.specialrequest_comment as specialrequest_comment,final_view.specialrequest_upd_date as specialrequest_upd_date,load_dt,upd_dt,primaryhash,md5_hash",
SrcGuestSpecialRequest,TgtSpecialRequestDim,SC2002269NCR,QA,/data/apps/nbx/Dim/config/SrcGuestSpecialRequest_TgtSpecialRequestDim,spark.target.temp,/data/apps/nbx/temp/hvtb_mart_dim_specialrequest,
SrcGuestSpecialRequest,TgtSpecialRequestDim,SC2002269NCR,QA,/data/apps/nbx/Dim/config/SrcGuestSpecialRequest_TgtSpecialRequestDim,spark.target.location,/data/apps/nbx/mart/hvtb_mart_dim_specialrequest,
SrcGuestSpecialRequest,TgtSpecialRequestDim,SC2002269NCR,QA,/data/apps/nbx/Dim/config/SrcGuestSpecialRequest_TgtSpecialRequestDim,spark.postgresql.schema,Hive_schema_stg,
SrcGuestSpecialRequest,TgtSpecialRequestDim,SC2002269NCR,QA,/data/apps/nbx/Dim/config/SrcGuestSpecialRequest_TgtSpecialRequestDim,spark.postgresql.tablename,specialrequest_dim,
SrcGuestSpecialRequest,TgtSpecialRequestDim,SC2002269NCR,QA,/data/apps/nbx/Dim/config/SrcGuestSpecialRequest_TgtSpecialRequestDim,spark.scdtype,type1,
SrcGuestSpecialRequest,TgtSpecialRequestDim,SC2002269NCR,QA,/data/apps/nbx/Dim/config/SrcGuestSpecialRequest_TgtSpecialRequestDim,spark.tableType,DIMENSION,
SrcGuestSpecialRequest,TgtSpecialRequestDim,SC2002269NCR,QA,/data/apps/nbx/Dim/config/SrcGuestSpecialRequest_TgtSpecialRequestDim,spark.frameworkEnv,ship,
SrcDeviceDim,TgtDeviceDim,SC2002269NCR,QA,/data/apps/nbx/Dim/config/SrcDeviceDim_TgtDeviceDim,spark.datasource.hive.warehouse.load.staging.dir,/tmp,
SrcDeviceDim,TgtDeviceDim,SC2002269NCR,QA,/data/apps/nbx/Dim/config/SrcDeviceDim_TgtDeviceDim,spark.datasource.hive.warehouse.metastoreUri,thrift://q-lab-hdp-ada3.virginvoyages.qa.dev:9083,
SrcDeviceDim,TgtDeviceDim,SC2002269NCR,QA,/data/apps/nbx/Dim/config/SrcDeviceDim_TgtDeviceDim,spark.hadoop.hive.llap.daemon.service.hosts,@llap0,
SrcDeviceDim,TgtDeviceDim,SC2002269NCR,QA,/data/apps/nbx/Dim/config/SrcDeviceDim_TgtDeviceDim,spark.hadoop.hive.zookeeper.quorum,"q-lab-hdp-ada3.virginvoyages.qa.dev:2181,q-lab-hdp-ada2.virginvoyages.qa.dev:2181,q-lab-hdp-ada1.virginvoyages.qa.dev:2181",
SrcDeviceDim,TgtDeviceDim,SC2002269NCR,QA,/data/apps/nbx/Dim/config/SrcDeviceDim_TgtDeviceDim,spark.sql.hive.hiveserver2.jdbc.url,"jdbc:hive2://q-lab-hdp-ada3.virginvoyages.qa.dev:2181,q-lab-hdp-ada2.virginvoyages.qa.dev:2181,q-lab-hdp-ada1.virginvoyages.qa.dev:2181/;serviceDiscoveryMode=zooKeeper;zooKeeperNamespace=hiveserver2",
SrcDeviceDim,TgtDeviceDim,SC2002269NCR,QA,/data/apps/nbx/Dim/config/SrcDeviceDim_TgtDeviceDim,spark.sql.hive.hiveserver2.jdbc.url.principal,hive/_HOST@VIRGINVOYAGES.QA.DEV,
SrcDeviceDim,TgtDeviceDim,SC2002269NCR,QA,/data/apps/nbx/Dim/config/SrcDeviceDim_TgtDeviceDim,spark.sql.hive.metastore.jars,/usr/hdp/current/spark2-client/standalone-metastore/*,
SrcDeviceDim,TgtDeviceDim,SC2002269NCR,QA,/data/apps/nbx/Dim/config/SrcDeviceDim_TgtDeviceDim,spark.sql.hive.metastore.version,3.0,
SrcDeviceDim,TgtDeviceDim,SC2002269NCR,QA,/data/apps/nbx/Dim/config/SrcDeviceDim_TgtDeviceDim,spark.sql.warehouse.dir,/apps/spark/warehouse,
SrcDeviceDim,TgtDeviceDim,SC2002269NCR,QA,/data/apps/nbx/Dim/config/SrcDeviceDim_TgtDeviceDim,spark.src.config.id,SrcDeviceDim,
SrcDeviceDim,TgtDeviceDim,SC2002269NCR,QA,/data/apps/nbx/Dim/config/SrcDeviceDim_TgtDeviceDim,spark.voyage.id,SC2002269NCR,
SrcDeviceDim,TgtDeviceDim,SC2002269NCR,QA,/data/apps/nbx/Dim/config/SrcDeviceDim_TgtDeviceDim,spark.tgt.env,QA,
SrcDeviceDim,TgtDeviceDim,SC2002269NCR,QA,/data/apps/nbx/Dim/config/SrcDeviceDim_TgtDeviceDim,spark.target.config.id,TgtDeviceDim,
SrcDeviceDim,TgtDeviceDim,SC2002269NCR,QA,/data/apps/nbx/Dim/config/SrcDeviceDim_TgtDeviceDim,spark.parent.id,SrcKonamiDevice-TgtKonamiDevice-SC2002269NCR,
SrcDeviceDim,TgtDeviceDim,SC2002269NCR,QA,/data/apps/nbx/Dim/config/SrcDeviceDim_TgtDeviceDim,spark.target.ops.table.format,org.apache.phoenix.spark,
SrcDeviceDim,TgtDeviceDim,SC2002269NCR,QA,/data/apps/nbx/Dim/config/SrcDeviceDim_TgtDeviceDim,spark.target.ops.table.mode,overwrite,
SrcDeviceDim,TgtDeviceDim,SC2002269NCR,QA,/data/apps/nbx/Dim/config/SrcDeviceDim_TgtDeviceDim,spark.postgresql.database,qanbx,
SrcDeviceDim,TgtDeviceDim,SC2002269NCR,QA,/data/apps/nbx/Dim/config/SrcDeviceDim_TgtDeviceDim,spark.target.enablerops_table,ship.HBTB_INGESTION_METADATA,
SrcDeviceDim,TgtDeviceDim,SC2002269NCR,QA,/data/apps/nbx/Dim/config/SrcDeviceDim_TgtDeviceDim,spark.target.zkurl,q-lab-hdp-ada1.virginvoyages.qa.dev:2181/hbase-secure:nbx.service@VIRGINVOYAGES.QA.DEV:/home/nbx.service/nbx.keytab,
SrcDeviceDim,TgtDeviceDim,SC2002269NCR,QA,/data/apps/nbx/Dim/config/SrcDeviceDim_TgtDeviceDim,spark.table.type,dim,
SrcDeviceDim,TgtDeviceDim,SC2002269NCR,QA,/data/apps/nbx/Dim/config/SrcDeviceDim_TgtDeviceDim,spark.postgresql.url,jdbc:postgresql://10.2.52.87:5432/,
SrcDeviceDim,TgtDeviceDim,SC2002269NCR,QA,/data/apps/nbx/Dim/config/SrcDeviceDim_TgtDeviceDim,spark.postgresql.user,nifiusr,
SrcDeviceDim,TgtDeviceDim,SC2002269NCR,QA,/data/apps/nbx/Dim/config/SrcDeviceDim_TgtDeviceDim,spark.postgresql.password,finiQA@123,
SrcDeviceDim,TgtDeviceDim,SC2002269NCR,QA,/data/apps/nbx/Dim/config/SrcDeviceDim_TgtDeviceDim,spark.source.sql,"select NVL(voyage_id,-1)as voyage_id,DEVID as device_id,DEVTYPID as device_type_id,DEVTYPNAME as device_type_name,MODELNAME as device_sub_type_name,ASSETNUM as device_machine_number,batchtime,part_date from shipdw.hvtb_parse_konami_vw_odbc_devicedata",
SrcDeviceDim,TgtDeviceDim,SC2002269NCR,QA,/data/apps/nbx/Dim/config/SrcDeviceDim_TgtDeviceDim,spark.source.columns,"voyage_id,device_id,device_type_id,device_type_name",
SrcDeviceDim,TgtDeviceDim,SC2002269NCR,QA,/data/apps/nbx/Dim/config/SrcDeviceDim_TgtDeviceDim,spark.pond.allColumns,"device_skey as pond_device_skey,voyage_id as pond_voyage_id,device_id as pond_device_id,device_type_id as pond_device_type_id,device_type_name as pond_device_type_name,device_sub_type_name as pond_device_sub_type_name,device_machine_number as pond_device_machine_number,load_dt as pond_load_dt,upd_dt as pond_upd_dt, primaryhash as pond_primaryhash, md5_hash as pond_md5_hash",
SrcDeviceDim,TgtDeviceDim,SC2002269NCR,QA,/data/apps/nbx/Dim/config/SrcDeviceDim_TgtDeviceDim,spark.surrogate_key.column,device_skey,
SrcDeviceDim,TgtDeviceDim,SC2002269NCR,QA,/data/apps/nbx/Dim/config/SrcDeviceDim_TgtDeviceDim,spark.pond.database,shipdw,
SrcDeviceDim,TgtDeviceDim,SC2002269NCR,QA,/data/apps/nbx/Dim/config/SrcDeviceDim_TgtDeviceDim,spark.pond.table,hvtb_mart_dim_device,
SrcDeviceDim,TgtDeviceDim,SC2002269NCR,QA,/data/apps/nbx/Dim/config/SrcDeviceDim_TgtDeviceDim,spark.source.primaryKeyColumns,device_id,
SrcDeviceDim,TgtDeviceDim,SC2002269NCR,QA,/data/apps/nbx/Dim/config/SrcDeviceDim_TgtDeviceDim,spark.scdtype,type1,
SrcDeviceDim,TgtDeviceDim,SC2002269NCR,QA,/data/apps/nbx/Dim/config/SrcDeviceDim_TgtDeviceDim,spark.frameworkEnv,ship,
SrcDeviceDim,TgtDeviceDim,SC2002269NCR,QA,/data/apps/nbx/Dim/config/SrcDeviceDim_TgtDeviceDim,spark.tableType,DIMENSION,
SrcDeviceDim,TgtDeviceDim,SC2002269NCR,QA,/data/apps/nbx/Dim/config/SrcDeviceDim_TgtDeviceDim,spark.target.final_collist,"device_skey,final_view.voyage_id,final_view.device_id,final_view.device_type_id,final_view.device_type_name,final_view.device_sub_type_name,final_view.device_machine_number,final_view.load_dt,final_view.upd_dt,final_view.primaryhash,final_view.md5_hash",
SrcDeviceDim,TgtDeviceDim,SC2002269NCR,QA,/data/apps/nbx/Dim/config/SrcDeviceDim_TgtDeviceDim,spark.target.temp,/data/apps/nbx/temp/hvtb_mart_dim_device,
SrcDeviceDim,TgtDeviceDim,SC2002269NCR,QA,/data/apps/nbx/Dim/config/SrcDeviceDim_TgtDeviceDim,spark.target.location,/data/apps/nbx/mart/hvtb_mart_dim_device,
SrcDeviceDim,TgtDeviceDim,SC2002269NCR,QA,/data/apps/nbx/Dim/config/SrcDeviceDim_TgtDeviceDim,spark.postgresql.schema,Hive_schema_stg,
SrcDeviceDim,TgtDeviceDim,SC2002269NCR,QA,/data/apps/nbx/Dim/config/SrcDeviceDim_TgtDeviceDim,spark.postgresql.tablename,device_dim,
SrcVenueAvailability,TgtVenueAvailability,SC2002269NCR,QA,/data/apps/nbx/Dim/config/SrcVenueAvailability_TgtVenueAvailability,spark.datasource.hive.warehouse.load.staging.dir,/tmp,
SrcVenueAvailability,TgtVenueAvailability,SC2002269NCR,QA,/data/apps/nbx/Dim/config/SrcVenueAvailability_TgtVenueAvailability,spark.datasource.hive.warehouse.metastoreUri,thrift://q-lab-hdp-ada3.virginvoyages.qa.dev:9083,
SrcVenueAvailability,TgtVenueAvailability,SC2002269NCR,QA,/data/apps/nbx/Dim/config/SrcVenueAvailability_TgtVenueAvailability,spark.hadoop.hive.llap.daemon.service.hosts,@llap0,
SrcVenueAvailability,TgtVenueAvailability,SC2002269NCR,QA,/data/apps/nbx/Dim/config/SrcVenueAvailability_TgtVenueAvailability,spark.hadoop.hive.zookeeper.quorum,"q-lab-hdp-ada3.virginvoyages.qa.dev:2181,q-lab-hdp-ada2.virginvoyages.qa.dev:2181,q-lab-hdp-ada1.virginvoyages.qa.dev:2181",
SrcVenueAvailability,TgtVenueAvailability,SC2002269NCR,QA,/data/apps/nbx/Dim/config/SrcVenueAvailability_TgtVenueAvailability,spark.sql.hive.hiveserver2.jdbc.url,"jdbc:hive2://q-lab-hdp-ada3.virginvoyages.qa.dev:2181,q-lab-hdp-ada2.virginvoyages.qa.dev:2181,q-lab-hdp-ada1.virginvoyages.qa.dev:2181/;serviceDiscoveryMode=zooKeeper;zooKeeperNamespace=hiveserver2",
SrcVenueAvailability,TgtVenueAvailability,SC2002269NCR,QA,/data/apps/nbx/Dim/config/SrcVenueAvailability_TgtVenueAvailability,spark.sql.hive.hiveserver2.jdbc.url.principal,hive/_HOST@VIRGINVOYAGES.QA.DEV,
SrcVenueAvailability,TgtVenueAvailability,SC2002269NCR,QA,/data/apps/nbx/Dim/config/SrcVenueAvailability_TgtVenueAvailability,spark.sql.hive.metastore.jars,/usr/hdp/current/spark2-client/standalone-metastore/*,
SrcVenueAvailability,TgtVenueAvailability,SC2002269NCR,QA,/data/apps/nbx/Dim/config/SrcVenueAvailability_TgtVenueAvailability,spark.sql.hive.metastore.version,3.0,
SrcVenueAvailability,TgtVenueAvailability,SC2002269NCR,QA,/data/apps/nbx/Dim/config/SrcVenueAvailability_TgtVenueAvailability,spark.sql.warehouse.dir,/apps/spark/warehouse,
SrcVenueAvailability,TgtVenueAvailability,SC2002269NCR,QA,/data/apps/nbx/Dim/config/SrcVenueAvailability_TgtVenueAvailability,spark.src.config.id,SrcVenueAvailability,
SrcVenueAvailability,TgtVenueAvailability,SC2002269NCR,QA,/data/apps/nbx/Dim/config/SrcVenueAvailability_TgtVenueAvailability,spark.voyage.id,SC2002269NCR,
SrcVenueAvailability,TgtVenueAvailability,SC2002269NCR,QA,/data/apps/nbx/Dim/config/SrcVenueAvailability_TgtVenueAvailability,spark.tgt.env,QA,
SrcVenueAvailability,TgtVenueAvailability,SC2002269NCR,QA,/data/apps/nbx/Dim/config/SrcVenueAvailability_TgtVenueAvailability,spark.target.config.id,TgtVenueAvailability,
SrcVenueAvailability,TgtVenueAvailability,SC2002269NCR,QA,/data/apps/nbx/Dim/config/SrcVenueAvailability_TgtVenueAvailability,spark.parent.id,SrcGoVenue-TgtGoVenue-SC2002269NCR,
SrcVenueAvailability,TgtVenueAvailability,SC2002269NCR,QA,/data/apps/nbx/Dim/config/SrcVenueAvailability_TgtVenueAvailability,spark.target.ops.table.format,org.apache.phoenix.spark,
SrcVenueAvailability,TgtVenueAvailability,SC2002269NCR,QA,/data/apps/nbx/Dim/config/SrcVenueAvailability_TgtVenueAvailability,spark.target.ops.table.mode,overwrite,
SrcVenueAvailability,TgtVenueAvailability,SC2002269NCR,QA,/data/apps/nbx/Dim/config/SrcVenueAvailability_TgtVenueAvailability,spark.postgresql.database,qanbx,
SrcVenueAvailability,TgtVenueAvailability,SC2002269NCR,QA,/data/apps/nbx/Dim/config/SrcVenueAvailability_TgtVenueAvailability,spark.target.enablerops_table,ship.HBTB_INGESTION_METADATA,
SrcVenueAvailability,TgtVenueAvailability,SC2002269NCR,QA,/data/apps/nbx/Dim/config/SrcVenueAvailability_TgtVenueAvailability,spark.target.zkurl,q-lab-hdp-ada1.virginvoyages.qa.dev:2181/hbase-secure:nbx.service@VIRGINVOYAGES.QA.DEV:/home/nbx.service/nbx.keytab,
SrcVenueAvailability,TgtVenueAvailability,SC2002269NCR,QA,/data/apps/nbx/Dim/config/SrcVenueAvailability_TgtVenueAvailability,spark.table.type,dim,
SrcVenueAvailability,TgtVenueAvailability,SC2002269NCR,QA,/data/apps/nbx/Dim/config/SrcVenueAvailability_TgtVenueAvailability,spark.postgresql.url,jdbc:postgresql://10.2.52.87:5432/,
SrcVenueAvailability,TgtVenueAvailability,SC2002269NCR,QA,/data/apps/nbx/Dim/config/SrcVenueAvailability_TgtVenueAvailability,spark.postgresql.user,nifiusr,
SrcVenueAvailability,TgtVenueAvailability,SC2002269NCR,QA,/data/apps/nbx/Dim/config/SrcVenueAvailability_TgtVenueAvailability,spark.postgresql.password,finiQA@123,
SrcVenueAvailability,TgtVenueAvailability,SC2002269NCR,QA,/data/apps/nbx/Dim/config/SrcVenueAvailability_TgtVenueAvailability,spark.source.columns,"voyage_id,venue_skey,availability_type,availability_date,availability_starttime_hour,availability_starttime_minute,availability_duration_mins",
SrcVenueAvailability,TgtVenueAvailability,SC2002269NCR,QA,/data/apps/nbx/Dim/config/SrcVenueAvailability_TgtVenueAvailability,spark.pond.allColumns,"venue_availability_skey as pond_venue_availability_skey,venue_skey as pond_venue_skey,voyage_id as pond_voyage_id,availability_type as pond_availability_type,availability_date as pond_availability_date,availability_starttime_hour as pond_availability_starttime_hour,availability_starttime_minute as pond_availability_starttime_minute,availability_duration_mins as pond_availability_duration_mins,load_dt as pond_load_dt,upd_dt as pond_upd_dt,primaryhash as pond_primaryhash,md5_hash as pond_md5_hash",
SrcVenueAvailability,TgtVenueAvailability,SC2002269NCR,QA,/data/apps/nbx/Dim/config/SrcVenueAvailability_TgtVenueAvailability,spark.surrogate_key.column,venue_availability_skey,
SrcVenueAvailability,TgtVenueAvailability,SC2002269NCR,QA,/data/apps/nbx/Dim/config/SrcVenueAvailability_TgtVenueAvailability,spark.pond.database,shipdw,
SrcVenueAvailability,TgtVenueAvailability,SC2002269NCR,QA,/data/apps/nbx/Dim/config/SrcVenueAvailability_TgtVenueAvailability,spark.pond.table,hvtb_mart_dim_venue_availability,
SrcVenueAvailability,TgtVenueAvailability,SC2002269NCR,QA,/data/apps/nbx/Dim/config/SrcVenueAvailability_TgtVenueAvailability,spark.postgresql.schema,Hive_schema_stg,
SrcVenueAvailability,TgtVenueAvailability,SC2002269NCR,QA,/data/apps/nbx/Dim/config/SrcVenueAvailability_TgtVenueAvailability,spark.target.table,venue_availability_dim,
SrcVenueAvailability,TgtVenueAvailability,SC2002269NCR,QA,/data/apps/nbx/Dim/config/SrcVenueAvailability_TgtVenueAvailability,spark.source.primaryKeyColumns,venue_id,
SrcVenueAvailability,TgtVenueAvailability,SC2002269NCR,QA,/data/apps/nbx/Dim/config/SrcVenueAvailability_TgtVenueAvailability,spark.target.final_collist,"venue_availability_skey, final_view.venue_skey as venue_skey,cast(final_view.voyage_id as string) as voyage_id,cast(final_view.availability_type as string) as availability_type, cast(final_view.availability_date as string) as availability_date, cast(final_view.availability_starttime_hour as string) as availability_starttime_hour, cast(final_view.availability_starttime_minute as string) as availability_starttime_minute, cast(final_view.availability_duration_mins as string) as availability_duration_mins,load_dt,upd_dt,primaryhash,md5_hash",
SrcVenueAvailability,TgtVenueAvailability,SC2002269NCR,QA,/data/apps/nbx/Dim/config/SrcVenueAvailability_TgtVenueAvailability,spark.target.temp,/data/apps/nbx/temp/hvtb_mart_dim_venue_availability,
SrcVenueAvailability,TgtVenueAvailability,SC2002269NCR,QA,/data/apps/nbx/Dim/config/SrcVenueAvailability_TgtVenueAvailability,spark.target.location,/data/apps/nbx/mart/hvtb_mart_dim_venue_availability,
SrcVenueAvailability,TgtVenueAvailability,SC2002269NCR,QA,/data/apps/nbx/Dim/config/SrcVenueAvailability_TgtVenueAvailability,spark.postgresql.schema,Hive_schema_stg,
SrcVenueAvailability,TgtVenueAvailability,SC2002269NCR,QA,/data/apps/nbx/Dim/config/SrcVenueAvailability_TgtVenueAvailability,spark.postgresql.tablename,venue_availability_dim,
SrcVenueAvailability,TgtVenueAvailability,SC2002269NCR,QA,/data/apps/nbx/Dim/config/SrcVenueAvailability_TgtVenueAvailability,spark.scdtype,type1,
SrcVenueAvailability,TgtVenueAvailability,SC2002269NCR,QA,/data/apps/nbx/Dim/config/SrcVenueAvailability_TgtVenueAvailability,spark.tableType,DIMENSION,
SrcVenueAvailability,TgtVenueAvailability,SC2002269NCR,QA,/data/apps/nbx/Dim/config/SrcVenueAvailability_TgtVenueAvailability,spark.frameworkEnv,ship,
SrcVenueAvailability,TgtVenueAvailability,SC2002269NCR,QA,/data/apps/nbx/Dim/config/SrcVenueAvailability_TgtVenueAvailability,spark.source.sql,"select dv.venue_skey as venue_skey,va.batchtime as batchtime,va.availability_duration as availability_duration_mins,va.availability_type as availability_type, va.starttime_hour as availability_starttime_hour,va.starttime_minute as availability_starttime_minute,va.pl_id as venue_id, va.voyageid as voyage_id,gv.pl_date as availability_date from shipdw.hvtb_parse_mxp_shore_gospark_venue_availability va  left join shipdw.hvtb_mart_dim_venue  dv on va.pl_id==dv.venue_id  left join (Select * from (select pl_id,pl_date,ROW_NUMBER() over (partition by pl_id order by pl_date desc  ) as rn  from shipdw.hvtb_parse_mxp_shore_gospark_venue)parse_spark_venue  where rn=1) gv on va.pl_id=gv.pl_id ",
SrcArsActivityParse,TgtArsActivityDim,SC2002269NCR,QA,/data/apps/nbx/Dim/config/SrcArsActivityParse_TgtArsActivityDim,spark.datasource.hive.warehouse.load.staging.dir,/tmp,
SrcArsActivityParse,TgtArsActivityDim,SC2002269NCR,QA,/data/apps/nbx/Dim/config/SrcArsActivityParse_TgtArsActivityDim,spark.datasource.hive.warehouse.metastoreUri,thrift://q-lab-hdp-ada3.virginvoyages.qa.dev:9083,
SrcArsActivityParse,TgtArsActivityDim,SC2002269NCR,QA,/data/apps/nbx/Dim/config/SrcArsActivityParse_TgtArsActivityDim,spark.hadoop.hive.llap.daemon.service.hosts,@llap0,
SrcArsActivityParse,TgtArsActivityDim,SC2002269NCR,QA,/data/apps/nbx/Dim/config/SrcArsActivityParse_TgtArsActivityDim,spark.hadoop.hive.zookeeper.quorum,"q-lab-hdp-ada3.virginvoyages.qa.dev:2181,q-lab-hdp-ada2.virginvoyages.qa.dev:2181,q-lab-hdp-ada1.virginvoyages.qa.dev:2181",
SrcArsActivityParse,TgtArsActivityDim,SC2002269NCR,QA,/data/apps/nbx/Dim/config/SrcArsActivityParse_TgtArsActivityDim,spark.sql.hive.hiveserver2.jdbc.url,"jdbc:hive2://q-lab-hdp-ada3.virginvoyages.qa.dev:2181,q-lab-hdp-ada2.virginvoyages.qa.dev:2181,q-lab-hdp-ada1.virginvoyages.qa.dev:2181/;serviceDiscoveryMode=zooKeeper;zooKeeperNamespace=hiveserver2",
SrcArsActivityParse,TgtArsActivityDim,SC2002269NCR,QA,/data/apps/nbx/Dim/config/SrcArsActivityParse_TgtArsActivityDim,spark.sql.hive.hiveserver2.jdbc.url.principal,hive/_HOST@VIRGINVOYAGES.QA.DEV,
SrcArsActivityParse,TgtArsActivityDim,SC2002269NCR,QA,/data/apps/nbx/Dim/config/SrcArsActivityParse_TgtArsActivityDim,spark.sql.hive.metastore.jars,/usr/hdp/current/spark2-client/standalone-metastore/*,
SrcArsActivityParse,TgtArsActivityDim,SC2002269NCR,QA,/data/apps/nbx/Dim/config/SrcArsActivityParse_TgtArsActivityDim,spark.sql.hive.metastore.version,3.0,
SrcArsActivityParse,TgtArsActivityDim,SC2002269NCR,QA,/data/apps/nbx/Dim/config/SrcArsActivityParse_TgtArsActivityDim,spark.sql.warehouse.dir,/apps/spark/warehouse,
SrcArsActivityParse,TgtArsActivityDim,SC2002269NCR,QA,/data/apps/nbx/Dim/config/SrcArsActivityParse_TgtArsActivityDim,spark.src.config.id,SrcArsActivityParse,
SrcArsActivityParse,TgtArsActivityDim,SC2002269NCR,QA,/data/apps/nbx/Dim/config/SrcArsActivityParse_TgtArsActivityDim,spark.voyage.id,SC2002269NCR,
SrcArsActivityParse,TgtArsActivityDim,SC2002269NCR,QA,/data/apps/nbx/Dim/config/SrcArsActivityParse_TgtArsActivityDim,spark.tgt.env,QA,
SrcArsActivityParse,TgtArsActivityDim,SC2002269NCR,QA,/data/apps/nbx/Dim/config/SrcArsActivityParse_TgtArsActivityDim,spark.target.config.id,TgtArsActivityDim,
SrcArsActivityParse,TgtArsActivityDim,SC2002269NCR,QA,/data/apps/nbx/Dim/config/SrcArsActivityParse_TgtArsActivityDim,spark.parent.id,SrcArsActivityParse-TgtArsActivityParse-SC2002269NCR,
SrcArsActivityParse,TgtArsActivityDim,SC2002269NCR,QA,/data/apps/nbx/Dim/config/SrcArsActivityParse_TgtArsActivityDim,spark.target.ops.table.format,org.apache.phoenix.spark,
SrcArsActivityParse,TgtArsActivityDim,SC2002269NCR,QA,/data/apps/nbx/Dim/config/SrcArsActivityParse_TgtArsActivityDim,spark.target.ops.table.mode,overwrite,
SrcArsActivityParse,TgtArsActivityDim,SC2002269NCR,QA,/data/apps/nbx/Dim/config/SrcArsActivityParse_TgtArsActivityDim,spark.postgresql.database,qanbx,
SrcArsActivityParse,TgtArsActivityDim,SC2002269NCR,QA,/data/apps/nbx/Dim/config/SrcArsActivityParse_TgtArsActivityDim,spark.target.enablerops_table,ship.HBTB_INGESTION_METADATA,
SrcArsActivityParse,TgtArsActivityDim,SC2002269NCR,QA,/data/apps/nbx/Dim/config/SrcArsActivityParse_TgtArsActivityDim,spark.target.zkurl,q-lab-hdp-ada1.virginvoyages.qa.dev:2181/hbase-secure:nbx.service@VIRGINVOYAGES.QA.DEV:/home/nbx.service/nbx.keytab,
SrcArsActivityParse,TgtArsActivityDim,SC2002269NCR,QA,/data/apps/nbx/Dim/config/SrcArsActivityParse_TgtArsActivityDim,spark.table.type,dim,
SrcArsActivityParse,TgtArsActivityDim,SC2002269NCR,QA,/data/apps/nbx/Dim/config/SrcArsActivityParse_TgtArsActivityDim,spark.postgresql.url,jdbc:postgresql://10.2.52.87:5432/,
SrcArsActivityParse,TgtArsActivityDim,SC2002269NCR,QA,/data/apps/nbx/Dim/config/SrcArsActivityParse_TgtArsActivityDim,spark.postgresql.user,nifiusr,
SrcArsActivityParse,TgtArsActivityDim,SC2002269NCR,QA,/data/apps/nbx/Dim/config/SrcArsActivityParse_TgtArsActivityDim,spark.postgresql.password,finiQA@123,
SrcArsActivityParse,TgtArsActivityDim,SC2002269NCR,QA,/data/apps/nbx/Dim/config/SrcArsActivityParse_TgtArsActivityDim,spark.source.sql,"select voyageid as voyage_id, batchtime, partdate,activity_code,activity_type,activity_level  from shipdw.hvtb_parse_ars_shore_activity_detail",
SrcArsActivityParse,TgtArsActivityDim,SC2002269NCR,QA,/data/apps/nbx/Dim/config/SrcArsActivityParse_TgtArsActivityDim,spark.source.columns,"activity_skey,voyage_id,activity_code,activity_type,activity_level",
SrcArsActivityParse,TgtArsActivityDim,SC2002269NCR,QA,/data/apps/nbx/Dim/config/SrcArsActivityParse_TgtArsActivityDim,spark.pond.allColumns,"activity_skey as pond_activity_skey,voyage_id as pond_voyage_id,activity_code as pond_activity_code,activity_type as pond_activity_type,activity_level as pond_activity_level,load_dt as pond_load_dt,upd_dt as pond_upd_dt,primaryhash as pond_primaryhash,md5_hash as pond_md5_hash",
SrcArsActivityParse,TgtArsActivityDim,SC2002269NCR,QA,/data/apps/nbx/Dim/config/SrcArsActivityParse_TgtArsActivityDim,spark.surrogate_key.column,activity_skey,
SrcArsActivityParse,TgtArsActivityDim,SC2002269NCR,QA,/data/apps/nbx/Dim/config/SrcArsActivityParse_TgtArsActivityDim,spark.pond.database,shipdw,
SrcArsActivityParse,TgtArsActivityDim,SC2002269NCR,QA,/data/apps/nbx/Dim/config/SrcArsActivityParse_TgtArsActivityDim,spark.pond.table,hvtb_mart_dim_activity,
SrcArsActivityParse,TgtArsActivityDim,SC2002269NCR,QA,/data/apps/nbx/Dim/config/SrcArsActivityParse_TgtArsActivityDim,spark.postgresql.schema,Hive_schema_stg,
SrcArsActivityParse,TgtArsActivityDim,SC2002269NCR,QA,/data/apps/nbx/Dim/config/SrcArsActivityParse_TgtArsActivityDim,spark.target.table,activity_dim,
SrcArsActivityParse,TgtArsActivityDim,SC2002269NCR,QA,/data/apps/nbx/Dim/config/SrcArsActivityParse_TgtArsActivityDim,spark.source.primaryKeyColumns,activity_code,
SrcArsActivityParse,TgtArsActivityDim,SC2002269NCR,QA,/data/apps/nbx/Dim/config/SrcArsActivityParse_TgtArsActivityDim,spark.scdtype,type1,
SrcArsActivityParse,TgtArsActivityDim,SC2002269NCR,QA,/data/apps/nbx/Dim/config/SrcArsActivityParse_TgtArsActivityDim,spark.frameworkEnv,ship,
SrcArsActivityParse,TgtArsActivityDim,SC2002269NCR,QA,/data/apps/nbx/Dim/config/SrcArsActivityParse_TgtArsActivityDim,spark.target.final_collist,"activity_skey,final_view.voyage_id as voyage_id,final_view.activity_code as activity_code,final_view.activity_type as activity_type, final_view.activity_level as activity_level,load_dt,upd_dt,primaryhash,md5_hash",
SrcArsActivityParse,TgtArsActivityDim,SC2002269NCR,QA,/data/apps/nbx/Dim/config/SrcArsActivityParse_TgtArsActivityDim,spark.target.temp,/data/apps/nbx/temp/hvtb_mart_dim_activity,
SrcArsActivityParse,TgtArsActivityDim,SC2002269NCR,QA,/data/apps/nbx/Dim/config/SrcArsActivityParse_TgtArsActivityDim,spark.target.location,/data/apps/nbx/mart/hvtb_mart_dim_activity,
SrcArsActivityParse,TgtArsActivityDim,SC2002269NCR,QA,/data/apps/nbx/Dim/config/SrcArsActivityParse_TgtArsActivityDim,spark.postgresql.schema,Hive_schema_stg,
SrcArsActivityParse,TgtArsActivityDim,SC2002269NCR,QA,/data/apps/nbx/Dim/config/SrcArsActivityParse_TgtArsActivityDim,spark.postgresql.tablename,activity_dim,
SrcArsActivityParse,TgtArsActivityDim,SC2002269NCR,QA,/data/apps/nbx/Dim/config/SrcArsActivityParse_TgtArsActivityDim,spark.scdtype,type1,
SrcArsActivityParse,TgtArsActivityDim,SC2002269NCR,QA,/data/apps/nbx/Dim/config/SrcArsActivityParse_TgtArsActivityDim,spark.tableType,DIMENSION,
SrcArsActivityParse,TgtArsActivityDim,SC2002269NCR,QA,/data/apps/nbx/Dim/config/SrcArsActivityParse_TgtArsActivityDim,spark.frameworkEnv,ship,
SrcShrBookingDim,TgtShrBookingDim,SC2002269NCR,QA,/data/apps/nbx/Dim/config/SrcShrBookingDim_TgtShrBookingDim,spark.datasource.hive.warehouse.load.staging.dir,/tmp,
SrcShrBookingDim,TgtShrBookingDim,SC2002269NCR,QA,/data/apps/nbx/Dim/config/SrcShrBookingDim_TgtShrBookingDim,spark.datasource.hive.warehouse.metastoreUri,thrift://q-lab-hdp-ada3.virginvoyages.qa.dev:9083,
SrcShrBookingDim,TgtShrBookingDim,SC2002269NCR,QA,/data/apps/nbx/Dim/config/SrcShrBookingDim_TgtShrBookingDim,spark.hadoop.hive.llap.daemon.service.hosts,@llap0,
SrcShrBookingDim,TgtShrBookingDim,SC2002269NCR,QA,/data/apps/nbx/Dim/config/SrcShrBookingDim_TgtShrBookingDim,spark.hadoop.hive.zookeeper.quorum,"q-lab-hdp-ada3.virginvoyages.qa.dev:2181,q-lab-hdp-ada2.virginvoyages.qa.dev:2181,q-lab-hdp-ada1.virginvoyages.qa.dev:2181",
SrcShrBookingDim,TgtShrBookingDim,SC2002269NCR,QA,/data/apps/nbx/Dim/config/SrcShrBookingDim_TgtShrBookingDim,spark.sql.hive.hiveserver2.jdbc.url,"jdbc:hive2://q-lab-hdp-ada3.virginvoyages.qa.dev:2181,q-lab-hdp-ada2.virginvoyages.qa.dev:2181,q-lab-hdp-ada1.virginvoyages.qa.dev:2181/;serviceDiscoveryMode=zooKeeper;zooKeeperNamespace=hiveserver2",
SrcShrBookingDim,TgtShrBookingDim,SC2002269NCR,QA,/data/apps/nbx/Dim/config/SrcShrBookingDim_TgtShrBookingDim,spark.sql.hive.hiveserver2.jdbc.url.principal,hive/_HOST@VIRGINVOYAGES.QA.DEV,
SrcShrBookingDim,TgtShrBookingDim,SC2002269NCR,QA,/data/apps/nbx/Dim/config/SrcShrBookingDim_TgtShrBookingDim,spark.sql.hive.metastore.jars,/usr/hdp/current/spark2-client/standalone-metastore/*,
SrcShrBookingDim,TgtShrBookingDim,SC2002269NCR,QA,/data/apps/nbx/Dim/config/SrcShrBookingDim_TgtShrBookingDim,spark.sql.hive.metastore.version,3.0,
SrcShrBookingDim,TgtShrBookingDim,SC2002269NCR,QA,/data/apps/nbx/Dim/config/SrcShrBookingDim_TgtShrBookingDim,spark.sql.warehouse.dir,/apps/spark/warehouse,
SrcShrBookingDim,TgtShrBookingDim,SC2002269NCR,QA,/data/apps/nbx/Dim/config/SrcShrBookingDim_TgtShrBookingDim,spark.src.config.id,SrcShrBookingDim,
SrcShrBookingDim,TgtShrBookingDim,SC2002269NCR,QA,/data/apps/nbx/Dim/config/SrcShrBookingDim_TgtShrBookingDim,spark.voyage.id,SC2002269NCR,
SrcShrBookingDim,TgtShrBookingDim,SC2002269NCR,QA,/data/apps/nbx/Dim/config/SrcShrBookingDim_TgtShrBookingDim,spark.tgt.env,QA,
SrcShrBookingDim,TgtShrBookingDim,SC2002269NCR,QA,/data/apps/nbx/Dim/config/SrcShrBookingDim_TgtShrBookingDim,spark.target.config.id,TgtShrBookingDim,
SrcShrBookingDim,TgtShrBookingDim,SC2002269NCR,QA,/data/apps/nbx/Dim/config/SrcShrBookingDim_TgtShrBookingDim,spark.parent.id,SrcShrArsBooking-TgtShrArsBooking-SC2002269NCR,
SrcShrBookingDim,TgtShrBookingDim,SC2002269NCR,QA,/data/apps/nbx/Dim/config/SrcShrBookingDim_TgtShrBookingDim,spark.target.ops.table.format,org.apache.phoenix.spark,
SrcShrBookingDim,TgtShrBookingDim,SC2002269NCR,QA,/data/apps/nbx/Dim/config/SrcShrBookingDim_TgtShrBookingDim,spark.target.ops.table.mode,overwrite,
SrcShrBookingDim,TgtShrBookingDim,SC2002269NCR,QA,/data/apps/nbx/Dim/config/SrcShrBookingDim_TgtShrBookingDim,spark.postgresql.database,qanbx,
SrcShrBookingDim,TgtShrBookingDim,SC2002269NCR,QA,/data/apps/nbx/Dim/config/SrcShrBookingDim_TgtShrBookingDim,spark.target.enablerops_table,ship.HBTB_INGESTION_METADATA,
SrcShrBookingDim,TgtShrBookingDim,SC2002269NCR,QA,/data/apps/nbx/Dim/config/SrcShrBookingDim_TgtShrBookingDim,spark.target.zkurl,q-lab-hdp-ada1.virginvoyages.qa.dev:2181/hbase-secure:nbx.service@VIRGINVOYAGES.QA.DEV:/home/nbx.service/nbx.keytab,
SrcShrBookingDim,TgtShrBookingDim,SC2002269NCR,QA,/data/apps/nbx/Dim/config/SrcShrBookingDim_TgtShrBookingDim,spark.table.type,dim,
SrcShrBookingDim,TgtShrBookingDim,SC2002269NCR,QA,/data/apps/nbx/Dim/config/SrcShrBookingDim_TgtShrBookingDim,spark.postgresql.url,jdbc:postgresql://10.2.52.87:5432/,
SrcShrBookingDim,TgtShrBookingDim,SC2002269NCR,QA,/data/apps/nbx/Dim/config/SrcShrBookingDim_TgtShrBookingDim,spark.postgresql.user,nifiusr,
SrcShrBookingDim,TgtShrBookingDim,SC2002269NCR,QA,/data/apps/nbx/Dim/config/SrcShrBookingDim_TgtShrBookingDim,spark.postgresql.password,finiQA@123,
SrcShrBookingDim,TgtShrBookingDim,SC2002269NCR,QA,/data/apps/nbx/Dim/config/SrcShrBookingDim_TgtShrBookingDim,spark.source.columns,"reservation_number,booking_id,status,cancellation_reason,waiver_code,waiver_status,payment_status,voyage_id,batchtime",
SrcShrBookingDim,TgtShrBookingDim,SC2002269NCR,QA,/data/apps/nbx/Dim/config/SrcShrBookingDim_TgtShrBookingDim,spark.pond.allColumns,booking_detail_skey,
SrcShrBookingDim,TgtShrBookingDim,SC2002269NCR,QA,/data/apps/nbx/Dim/config/SrcShrBookingDim_TgtShrBookingDim,spark.surrogate_key.column,booking_detail_skey,
SrcShrBookingDim,TgtShrBookingDim,SC2002269NCR,QA,/data/apps/nbx/Dim/config/SrcShrBookingDim_TgtShrBookingDim,spark.pond.database,shipdw,
SrcShrBookingDim,TgtShrBookingDim,SC2002269NCR,QA,/data/apps/nbx/Dim/config/SrcShrBookingDim_TgtShrBookingDim,spark.pond.table,hvtb_mart_dim_booking_detail,
SrcShrBookingDim,TgtShrBookingDim,SC2002269NCR,QA,/data/apps/nbx/Dim/config/SrcShrBookingDim_TgtShrBookingDim,spark.source.primaryKeyColumns,booking_id,
SrcShrBookingDim,TgtShrBookingDim,SC2002269NCR,QA,/data/apps/nbx/Dim/config/SrcShrBookingDim_TgtShrBookingDim,spark.target.final_collist,"booking_detail_skey,reservation_number,booking_id,status,cancellation_reason,waiver_code,waiver_status,payment_status,voyage_id,load_dt,upd_dt,primaryhash,md5_hash",
SrcShrBookingDim,TgtShrBookingDim,SC2002269NCR,QA,/data/apps/nbx/Dim/config/SrcShrBookingDim_TgtShrBookingDim,spark.target.temp,/data/apps/nbx/temp/hvtb_mart_dim_booking_detail,
SrcShrBookingDim,TgtShrBookingDim,SC2002269NCR,QA,/data/apps/nbx/Dim/config/SrcShrBookingDim_TgtShrBookingDim,spark.target.location,/data/apps/nbx/mart/hvtb_mart_dim_booking_detail,
SrcShrBookingDim,TgtShrBookingDim,SC2002269NCR,QA,/data/apps/nbx/Dim/config/SrcShrBookingDim_TgtShrBookingDim,spark.postgresql.schema,Hive_schema_stg,
SrcShrBookingDim,TgtShrBookingDim,SC2002269NCR,QA,/data/apps/nbx/Dim/config/SrcShrBookingDim_TgtShrBookingDim,spark.postgresql.tablename,itinerary_dim,
SrcShrBookingDim,TgtShrBookingDim,SC2002269NCR,QA,/data/apps/nbx/Dim/config/SrcShrBookingDim_TgtShrBookingDim,spark.scdtype,type1,
SrcShrBookingDim,TgtShrBookingDim,SC2002269NCR,QA,/data/apps/nbx/Dim/config/SrcShrBookingDim_TgtShrBookingDim,spark.tableType,DIMENSION,
SrcShrBookingDim,TgtShrBookingDim,SC2002269NCR,QA,/data/apps/nbx/Dim/config/SrcShrBookingDim_TgtShrBookingDim,spark.frameworkEnv,ship,
SrcShrBookingDim,TgtShrBookingDim,SC2002269NCR,QA,/data/apps/nbx/Dim/config/SrcShrBookingDim_TgtShrBookingDim,spark.arsbooking.target.table,shipdw.hvtb_parse_ars_booking,
SrcActivitySlotDim,TgtActivitySlotDim,SC2002269NCR,QA,/data/apps/nbx/Dim/config/SrcActivitySlotDim_TgtActivitySlotDim,spark.datasource.hive.warehouse.load.staging.dir,/tmp,
SrcActivitySlotDim,TgtActivitySlotDim,SC2002269NCR,QA,/data/apps/nbx/Dim/config/SrcActivitySlotDim_TgtActivitySlotDim,spark.datasource.hive.warehouse.metastoreUri,thrift://q-lab-hdp-ada3.virginvoyages.qa.dev:9083,
SrcActivitySlotDim,TgtActivitySlotDim,SC2002269NCR,QA,/data/apps/nbx/Dim/config/SrcActivitySlotDim_TgtActivitySlotDim,spark.hadoop.hive.llap.daemon.service.hosts,@llap0,
SrcActivitySlotDim,TgtActivitySlotDim,SC2002269NCR,QA,/data/apps/nbx/Dim/config/SrcActivitySlotDim_TgtActivitySlotDim,spark.hadoop.hive.zookeeper.quorum,"q-lab-hdp-ada3.virginvoyages.qa.dev:2181,q-lab-hdp-ada2.virginvoyages.qa.dev:2181,q-lab-hdp-ada1.virginvoyages.qa.dev:2181",
SrcActivitySlotDim,TgtActivitySlotDim,SC2002269NCR,QA,/data/apps/nbx/Dim/config/SrcActivitySlotDim_TgtActivitySlotDim,spark.sql.hive.hiveserver2.jdbc.url,"jdbc:hive2://q-lab-hdp-ada3.virginvoyages.qa.dev:2181,q-lab-hdp-ada2.virginvoyages.qa.dev:2181,q-lab-hdp-ada1.virginvoyages.qa.dev:2181/;serviceDiscoveryMode=zooKeeper;zooKeeperNamespace=hiveserver2",
SrcActivitySlotDim,TgtActivitySlotDim,SC2002269NCR,QA,/data/apps/nbx/Dim/config/SrcActivitySlotDim_TgtActivitySlotDim,spark.sql.hive.hiveserver2.jdbc.url.principal,hive/_HOST@VIRGINVOYAGES.QA.DEV,
SrcActivitySlotDim,TgtActivitySlotDim,SC2002269NCR,QA,/data/apps/nbx/Dim/config/SrcActivitySlotDim_TgtActivitySlotDim,spark.sql.hive.metastore.jars,/usr/hdp/current/spark2-client/standalone-metastore/*,
SrcActivitySlotDim,TgtActivitySlotDim,SC2002269NCR,QA,/data/apps/nbx/Dim/config/SrcActivitySlotDim_TgtActivitySlotDim,spark.sql.hive.metastore.version,3.0,
SrcActivitySlotDim,TgtActivitySlotDim,SC2002269NCR,QA,/data/apps/nbx/Dim/config/SrcActivitySlotDim_TgtActivitySlotDim,spark.sql.warehouse.dir,/apps/spark/warehouse,
SrcActivitySlotDim,TgtActivitySlotDim,SC2002269NCR,QA,/data/apps/nbx/Dim/config/SrcActivitySlotDim_TgtActivitySlotDim,spark.src.config.id,SrcActivitySlotDim,
SrcActivitySlotDim,TgtActivitySlotDim,SC2002269NCR,QA,/data/apps/nbx/Dim/config/SrcActivitySlotDim_TgtActivitySlotDim,spark.voyage.id,SC2002269NCR,
SrcActivitySlotDim,TgtActivitySlotDim,SC2002269NCR,QA,/data/apps/nbx/Dim/config/SrcActivitySlotDim_TgtActivitySlotDim,spark.tgt.env,QA,
SrcActivitySlotDim,TgtActivitySlotDim,SC2002269NCR,QA,/data/apps/nbx/Dim/config/SrcActivitySlotDim_TgtActivitySlotDim,spark.target.config.id,TgtActivitySlotDim,
SrcActivitySlotDim,TgtActivitySlotDim,SC2002269NCR,QA,/data/apps/nbx/Dim/config/SrcActivitySlotDim_TgtActivitySlotDim,spark.parent.id,SrcArsActivityParse-TgtArsActivityParse-SC2002269NCR,
SrcActivitySlotDim,TgtActivitySlotDim,SC2002269NCR,QA,/data/apps/nbx/Dim/config/SrcActivitySlotDim_TgtActivitySlotDim,spark.target.ops.table.format,org.apache.phoenix.spark,
SrcActivitySlotDim,TgtActivitySlotDim,SC2002269NCR,QA,/data/apps/nbx/Dim/config/SrcActivitySlotDim_TgtActivitySlotDim,spark.target.ops.table.mode,overwrite,
SrcActivitySlotDim,TgtActivitySlotDim,SC2002269NCR,QA,/data/apps/nbx/Dim/config/SrcActivitySlotDim_TgtActivitySlotDim,spark.postgresql.database,qanbx,
SrcActivitySlotDim,TgtActivitySlotDim,SC2002269NCR,QA,/data/apps/nbx/Dim/config/SrcActivitySlotDim_TgtActivitySlotDim,spark.target.enablerops_table,ship.HBTB_INGESTION_METADATA,
SrcActivitySlotDim,TgtActivitySlotDim,SC2002269NCR,QA,/data/apps/nbx/Dim/config/SrcActivitySlotDim_TgtActivitySlotDim,spark.target.zkurl,q-lab-hdp-ada1.virginvoyages.qa.dev:2181/hbase-secure:nbx.service@VIRGINVOYAGES.QA.DEV:/home/nbx.service/nbx.keytab,
SrcActivitySlotDim,TgtActivitySlotDim,SC2002269NCR,QA,/data/apps/nbx/Dim/config/SrcActivitySlotDim_TgtActivitySlotDim,spark.table.type,dim,
SrcActivitySlotDim,TgtActivitySlotDim,SC2002269NCR,QA,/data/apps/nbx/Dim/config/SrcActivitySlotDim_TgtActivitySlotDim,spark.postgresql.url,jdbc:postgresql://10.2.52.87:5432/,
SrcActivitySlotDim,TgtActivitySlotDim,SC2002269NCR,QA,/data/apps/nbx/Dim/config/SrcActivitySlotDim_TgtActivitySlotDim,spark.postgresql.user,nifiusr,
SrcActivitySlotDim,TgtActivitySlotDim,SC2002269NCR,QA,/data/apps/nbx/Dim/config/SrcActivitySlotDim_TgtActivitySlotDim,spark.postgresql.password,finiQA@123,
SrcActivitySlotDim,TgtActivitySlotDim,SC2002269NCR,QA,/data/apps/nbx/Dim/config/SrcActivitySlotDim_TgtActivitySlotDim,spark.source.columns,"activity_skey,activity_slot_code,slot_start_timestamp,slot_end_timestamp,total_capacity,available_capacity,voyage_id,batchtime",
SrcActivitySlotDim,TgtActivitySlotDim,SC2002269NCR,QA,/data/apps/nbx/Dim/config/SrcActivitySlotDim_TgtActivitySlotDim,spark.pond.allColumns,activity_slot_skey,
SrcActivitySlotDim,TgtActivitySlotDim,SC2002269NCR,QA,/data/apps/nbx/Dim/config/SrcActivitySlotDim_TgtActivitySlotDim,spark.surrogate_key.column,activity_slot_skey,
SrcActivitySlotDim,TgtActivitySlotDim,SC2002269NCR,QA,/data/apps/nbx/Dim/config/SrcActivitySlotDim_TgtActivitySlotDim,spark.pond.database,shipdw,
SrcActivitySlotDim,TgtActivitySlotDim,SC2002269NCR,QA,/data/apps/nbx/Dim/config/SrcActivitySlotDim_TgtActivitySlotDim,spark.pond.table,hvtb_mart_dim_activity_slot,
SrcActivitySlotDim,TgtActivitySlotDim,SC2002269NCR,QA,/data/apps/nbx/Dim/config/SrcActivitySlotDim_TgtActivitySlotDim,spark.source.primaryKeyColumns,activity_slot_code,
SrcActivitySlotDim,TgtActivitySlotDim,SC2002269NCR,QA,/data/apps/nbx/Dim/config/SrcActivitySlotDim_TgtActivitySlotDim,spark.target.final_collist,"activity_slot_skey,activity_skey,activity_slot_code,slot_start_timestamp,slot_end_timestamp,total_capacity,available_capacity,voyage_id,load_dt,upd_dt,primaryhash,md5_hash",
SrcActivitySlotDim,TgtActivitySlotDim,SC2002269NCR,QA,/data/apps/nbx/Dim/config/SrcActivitySlotDim_TgtActivitySlotDim,spark.target.temp,/data/apps/nbx/temp/hvtb_mart_dim_activity_slot,
SrcActivitySlotDim,TgtActivitySlotDim,SC2002269NCR,QA,/data/apps/nbx/Dim/config/SrcActivitySlotDim_TgtActivitySlotDim,spark.target.location,/data/apps/nbx/mart/hvtb_mart_dim_activity_slot,
SrcActivitySlotDim,TgtActivitySlotDim,SC2002269NCR,QA,/data/apps/nbx/Dim/config/SrcActivitySlotDim_TgtActivitySlotDim,spark.postgresql.schema,Hive_schema_stg,
SrcActivitySlotDim,TgtActivitySlotDim,SC2002269NCR,QA,/data/apps/nbx/Dim/config/SrcActivitySlotDim_TgtActivitySlotDim,spark.postgresql.tablename,activityslotdim,
SrcActivitySlotDim,TgtActivitySlotDim,SC2002269NCR,QA,/data/apps/nbx/Dim/config/SrcActivitySlotDim_TgtActivitySlotDim,spark.scdtype,type1,
SrcActivitySlotDim,TgtActivitySlotDim,SC2002269NCR,QA,/data/apps/nbx/Dim/config/SrcActivitySlotDim_TgtActivitySlotDim,spark.tableType,DIMENSION,
SrcActivitySlotDim,TgtActivitySlotDim,SC2002269NCR,QA,/data/apps/nbx/Dim/config/SrcActivitySlotDim_TgtActivitySlotDim,spark.frameworkEnv,ship,
SrcActivitySlotDim,TgtActivitySlotDim,SC2002269NCR,QA,/data/apps/nbx/Dim/config/SrcActivitySlotDim_TgtActivitySlotDim,spark.activity.source.table,shipdw.hvtb_parse_ars_shore_activity_slot,
SrcActivitySlotDim,TgtActivitySlotDim,SC2002269NCR,QA,/data/apps/nbx/Dim/config/SrcActivitySlotDim_TgtActivitySlotDim,spark.activitydim.table,shipdw.hvtb_mart_dim_activity,
SrcOciStatus,TgtOciStatus,SC2002269NCR,QA,/data/apps/nbx/Dim/config/SrcOciStatus_TgtOciStatus,spark.datasource.hive.warehouse.load.staging.dir,/tmp,
SrcOciStatus,TgtOciStatus,SC2002269NCR,QA,/data/apps/nbx/Dim/config/SrcOciStatus_TgtOciStatus,spark.datasource.hive.warehouse.metastoreUri,thrift://q-lab-hdp-ada3.virginvoyages.qa.dev:9083,
SrcOciStatus,TgtOciStatus,SC2002269NCR,QA,/data/apps/nbx/Dim/config/SrcOciStatus_TgtOciStatus,spark.hadoop.hive.llap.daemon.service.hosts,@llap0,
SrcOciStatus,TgtOciStatus,SC2002269NCR,QA,/data/apps/nbx/Dim/config/SrcOciStatus_TgtOciStatus,spark.hadoop.hive.zookeeper.quorum,"q-lab-hdp-ada3.virginvoyages.qa.dev:2181,q-lab-hdp-ada2.virginvoyages.qa.dev:2181,q-lab-hdp-ada1.virginvoyages.qa.dev:2181",
SrcOciStatus,TgtOciStatus,SC2002269NCR,QA,/data/apps/nbx/Dim/config/SrcOciStatus_TgtOciStatus,spark.sql.hive.hiveserver2.jdbc.url,"jdbc:hive2://q-lab-hdp-ada3.virginvoyages.qa.dev:2181,q-lab-hdp-ada2.virginvoyages.qa.dev:2181,q-lab-hdp-ada1.virginvoyages.qa.dev:2181/;serviceDiscoveryMode=zooKeeper;zooKeeperNamespace=hiveserver2",
SrcOciStatus,TgtOciStatus,SC2002269NCR,QA,/data/apps/nbx/Dim/config/SrcOciStatus_TgtOciStatus,spark.sql.hive.hiveserver2.jdbc.url.principal,hive/_HOST@VIRGINVOYAGES.QA.DEV,
SrcOciStatus,TgtOciStatus,SC2002269NCR,QA,/data/apps/nbx/Dim/config/SrcOciStatus_TgtOciStatus,spark.sql.hive.metastore.jars,/usr/hdp/current/spark2-client/standalone-metastore/*,
SrcOciStatus,TgtOciStatus,SC2002269NCR,QA,/data/apps/nbx/Dim/config/SrcOciStatus_TgtOciStatus,spark.sql.hive.metastore.version,3.0,
SrcOciStatus,TgtOciStatus,SC2002269NCR,QA,/data/apps/nbx/Dim/config/SrcOciStatus_TgtOciStatus,spark.sql.warehouse.dir,/apps/spark/warehouse,
SrcOciStatus,TgtOciStatus,SC2002269NCR,QA,/data/apps/nbx/Dim/config/SrcOciStatus_TgtOciStatus,spark.parent.id,SrcOciStatus,
SrcOciStatus,TgtOciStatus,SC2002269NCR,QA,/data/apps/nbx/Dim/config/SrcOciStatus_TgtOciStatus,spark.voyage.id,SC2002269NCR,
SrcOciStatus,TgtOciStatus,SC2002269NCR,QA,/data/apps/nbx/Dim/config/SrcOciStatus_TgtOciStatus,spark.tgt.env,QA,
SrcOciStatus,TgtOciStatus,SC2002269NCR,QA,/data/apps/nbx/Dim/config/SrcOciStatus_TgtOciStatus,spark.target.config.id,TgtOciStatus,
SrcOciStatus,TgtOciStatus,SC2002269NCR,QA,/data/apps/nbx/Dim/config/SrcOciStatus_TgtOciStatus,spark.parent.id,SrcRTSOciStatusDetail-TgtRTSOciStatusDetail-SC1912065NCM,
SrcOciStatus,TgtOciStatus,SC2002269NCR,QA,/data/apps/nbx/Dim/config/SrcOciStatus_TgtOciStatus,spark.target.ops.table.format,org.apache.phoenix.spark,
SrcOciStatus,TgtOciStatus,SC2002269NCR,QA,/data/apps/nbx/Dim/config/SrcOciStatus_TgtOciStatus,spark.target.ops.table.mode,overwrite,
SrcOciStatus,TgtOciStatus,SC2002269NCR,QA,/data/apps/nbx/Dim/config/SrcOciStatus_TgtOciStatus,spark.postgresql.database,qanbx,
SrcOciStatus,TgtOciStatus,SC2002269NCR,QA,/data/apps/nbx/Dim/config/SrcOciStatus_TgtOciStatus,spark.target.enablerops_table,ship.HBTB_INGESTION_METADATA,
SrcOciStatus,TgtOciStatus,SC2002269NCR,QA,/data/apps/nbx/Dim/config/SrcOciStatus_TgtOciStatus,spark.target.zkurl,q-lab-hdp-ada1.virginvoyages.qa.dev:2181/hbase-secure:nbx.service@VIRGINVOYAGES.QA.DEV:/home/nbx.service/nbx.keytab,
SrcOciStatus,TgtOciStatus,SC2002269NCR,QA,/data/apps/nbx/Dim/config/SrcOciStatus_TgtOciStatus,spark.table.type,dim,
SrcOciStatus,TgtOciStatus,SC2002269NCR,QA,/data/apps/nbx/Dim/config/SrcOciStatus_TgtOciStatus,spark.postgresql.url,jdbc:postgresql://10.2.52.87:5432/,
SrcOciStatus,TgtOciStatus,SC2002269NCR,QA,/data/apps/nbx/Dim/config/SrcOciStatus_TgtOciStatus,spark.postgresql.user,nifiusr,
SrcOciStatus,TgtOciStatus,SC2002269NCR,QA,/data/apps/nbx/Dim/config/SrcOciStatus_TgtOciStatus,spark.postgresql.password,finiQA@123,
SrcOciStatus,TgtOciStatus,SC2002269NCR,QA,/data/apps/nbx/Dim/config/SrcOciStatus_TgtOciStatus,spark.source.columns,"guestid,reservationnumber,precruiseinfo_transportationtypecode,batchtime,VoyageID",
SrcOciStatus,TgtOciStatus,SC2002269NCR,QA,/data/apps/nbx/Dim/config/SrcOciStatus_TgtOciStatus,spark.pond.allColumns,"vxp_guest_id as pond_vxp_guest_id,src_res_id as pond_src_res_id,rts_transfer_response as pond_rts_transfer_response,VoyageID as pond_VoyageID,rts_id as pond_rts_id,guest_Id as pond_guest_Id,client_id as pond_client_id,res_id as pond_res_id,load_dt as pond_load_dt,upd_dt as pond_upd_dt,primaryhash as pond_primaryhash,md5_hash as pond_md5_hash",
SrcOciStatus,TgtOciStatus,SC2002269NCR,QA,/data/apps/nbx/Dim/config/SrcOciStatus_TgtOciStatus,spark.surrogate_key.column,rts_id,
SrcOciStatus,TgtOciStatus,SC2002269NCR,QA,/data/apps/nbx/Dim/config/SrcOciStatus_TgtOciStatus,spark.pond.database,vv_db,
SrcOciStatus,TgtOciStatus,SC2002269NCR,QA,/data/apps/nbx/Dim/config/SrcOciStatus_TgtOciStatus,spark.pond.table,hvtb_mart_dim_rts_oci_statusdetail,
SrcOciStatus,TgtOciStatus,SC2002269NCR,QA,/data/apps/nbx/Dim/config/SrcOciStatus_TgtOciStatus,spark.source.primaryKeyColumns,guestid,
SrcOciStatus,TgtOciStatus,SC2002269NCR,QA,/data/apps/nbx/Dim/config/SrcOciStatus_TgtOciStatus,spark.target.final_collist,"rts_id,final_view.guestid as vxp_guest_id,final_view.reservationnumber as src_res_id,final_view.guest_id,final_view.client_id,final_view.res_id,final_view.PreCruiseInfo_TransportationTypeCode as rts_transfer_response,final_view.VoyageID,load_dt, upd_dt,primaryhash,md5_hash",
SrcOciStatus,TgtOciStatus,SC2002269NCR,QA,/data/apps/nbx/Dim/config/SrcOciStatus_TgtOciStatus,spark.target.temp,/data/apps/nbx/temp/hvtb_mart_dim_rts_oci_statusdetail,
SrcOciStatus,TgtOciStatus,SC2002269NCR,QA,/data/apps/nbx/Dim/config/SrcOciStatus_TgtOciStatus,spark.target.location,/data/apps/nbx/mart/hvtb_mart_dim_rts_oci_statusdetail,
SrcOciStatus,TgtOciStatus,SC2002269NCR,QA,/data/apps/nbx/Dim/config/SrcOciStatus_TgtOciStatus,spark.postgresql.schema,hive_schema_stg,
SrcOciStatus,TgtOciStatus,SC2002269NCR,QA,/data/apps/nbx/Dim/config/SrcOciStatus_TgtOciStatus,spark.postgresql.tablename,rts_dim,
SrcOciStatus,TgtOciStatus,SC2002269NCR,QA,/data/apps/nbx/Dim/config/SrcOciStatus_TgtOciStatus,spark.scdtype,type1,
SrcOciStatus,TgtOciStatus,SC2002269NCR,QA,/data/apps/nbx/Dim/config/SrcOciStatus_TgtOciStatus,spark.tableType,DIMENSION,
SrcOciStatus,TgtOciStatus,SC2002269NCR,QA,/data/apps/nbx/Dim/config/SrcOciStatus_TgtOciStatus,spark.frameworkEnv,ship,
SrcVendorDim,TgtVendorDim,SC2002269NCR,QA,/data/apps/nbx/Dim/config/SrcVendorDim_TgtVendorDim,spark.datasource.hive.warehouse.load.staging.dir,/tmp,
SrcVendorDim,TgtVendorDim,SC2002269NCR,QA,/data/apps/nbx/Dim/config/SrcVendorDim_TgtVendorDim,spark.datasource.hive.warehouse.metastoreUri,thrift://q-lab-hdp-ada3.virginvoyages.qa.dev:9083,
SrcVendorDim,TgtVendorDim,SC2002269NCR,QA,/data/apps/nbx/Dim/config/SrcVendorDim_TgtVendorDim,spark.hadoop.hive.llap.daemon.service.hosts,@llap0,
SrcVendorDim,TgtVendorDim,SC2002269NCR,QA,/data/apps/nbx/Dim/config/SrcVendorDim_TgtVendorDim,spark.hadoop.hive.zookeeper.quorum,"q-lab-hdp-ada3.virginvoyages.qa.dev:2181,q-lab-hdp-ada2.virginvoyages.qa.dev:2181,q-lab-hdp-ada1.virginvoyages.qa.dev:2181",
SrcVendorDim,TgtVendorDim,SC2002269NCR,QA,/data/apps/nbx/Dim/config/SrcVendorDim_TgtVendorDim,spark.sql.hive.hiveserver2.jdbc.url,"jdbc:hive2://q-lab-hdp-ada3.virginvoyages.qa.dev:2181,q-lab-hdp-ada2.virginvoyages.qa.dev:2181,q-lab-hdp-ada1.virginvoyages.qa.dev:2181/;serviceDiscoveryMode=zooKeeper;zooKeeperNamespace=hiveserver2",
SrcVendorDim,TgtVendorDim,SC2002269NCR,QA,/data/apps/nbx/Dim/config/SrcVendorDim_TgtVendorDim,spark.sql.hive.hiveserver2.jdbc.url.principal,hive/_HOST@VIRGINVOYAGES.QA.DEV,
SrcVendorDim,TgtVendorDim,SC2002269NCR,QA,/data/apps/nbx/Dim/config/SrcVendorDim_TgtVendorDim,spark.sql.hive.metastore.jars,/usr/hdp/current/spark2-client/standalone-metastore/*,
SrcVendorDim,TgtVendorDim,SC2002269NCR,QA,/data/apps/nbx/Dim/config/SrcVendorDim_TgtVendorDim,spark.sql.hive.metastore.version,3.0,
SrcVendorDim,TgtVendorDim,SC2002269NCR,QA,/data/apps/nbx/Dim/config/SrcVendorDim_TgtVendorDim,spark.sql.warehouse.dir,/apps/spark/warehouse,
SrcVendorDim,TgtVendorDim,SC2002269NCR,QA,/data/apps/nbx/Dim/config/SrcVendorDim_TgtVendorDim,spark.src.config.id,SrcVendorDim,
SrcVendorDim,TgtVendorDim,SC2002269NCR,QA,/data/apps/nbx/Dim/config/SrcVendorDim_TgtVendorDim,spark.voyage.id,SC2002269NCR,
SrcVendorDim,TgtVendorDim,SC2002269NCR,QA,/data/apps/nbx/Dim/config/SrcVendorDim_TgtVendorDim,spark.tgt.env,QA,
SrcVendorDim,TgtVendorDim,SC2002269NCR,QA,/data/apps/nbx/Dim/config/SrcVendorDim_TgtVendorDim,spark.source.sql,"select SELECT * from (select vendorid as vendor_id, voyageid  as voyage_id,vendoractivityid as vendoractivityid,batchtime as batchtime,partdate as partdate FROM shipdw.hvtb_parse_ars_ship_activity_vendor where vendorid is not null)",
SrcVendorDim,TgtVendorDim,SC2002269NCR,QA,/data/apps/nbx/Dim/config/SrcVendorDim_TgtVendorDim,spark.target.config.id,TgtVendorDim,
SrcVendorDim,TgtVendorDim,SC2002269NCR,QA,/data/apps/nbx/Dim/config/SrcVendorDim_TgtVendorDim,spark.parent.id,SrcArsActivityParse-TgtArsActivityParse-SC2002269NCR,
SrcVendorDim,TgtVendorDim,SC2002269NCR,QA,/data/apps/nbx/Dim/config/SrcVendorDim_TgtVendorDim,spark.target.ops.table.format,org.apache.phoenix.spark,
SrcVendorDim,TgtVendorDim,SC2002269NCR,QA,/data/apps/nbx/Dim/config/SrcVendorDim_TgtVendorDim,spark.target.ops.table.mode,overwrite,
SrcVendorDim,TgtVendorDim,SC2002269NCR,QA,/data/apps/nbx/Dim/config/SrcVendorDim_TgtVendorDim,spark.postgresql.database,qanbx,
SrcVendorDim,TgtVendorDim,SC2002269NCR,QA,/data/apps/nbx/Dim/config/SrcVendorDim_TgtVendorDim,spark.target.enablerops_table,ship.HBTB_INGESTION_METADATA,
SrcVendorDim,TgtVendorDim,SC2002269NCR,QA,/data/apps/nbx/Dim/config/SrcVendorDim_TgtVendorDim,spark.target.zkurl,q-lab-hdp-ada1.virginvoyages.qa.dev:2181/hbase-secure:nbx.service@VIRGINVOYAGES.QA.DEV:/home/nbx.service/nbx.keytab,
SrcVendorDim,TgtVendorDim,SC2002269NCR,QA,/data/apps/nbx/Dim/config/SrcVendorDim_TgtVendorDim,spark.table.type,dim,
SrcVendorDim,TgtVendorDim,SC2002269NCR,QA,/data/apps/nbx/Dim/config/SrcVendorDim_TgtVendorDim,spark.postgresql.url,jdbc:postgresql://10.2.52.87:5432/,
SrcVendorDim,TgtVendorDim,SC2002269NCR,QA,/data/apps/nbx/Dim/config/SrcVendorDim_TgtVendorDim,spark.postgresql.user,nifiusr,
SrcVendorDim,TgtVendorDim,SC2002269NCR,QA,/data/apps/nbx/Dim/config/SrcVendorDim_TgtVendorDim,spark.postgresql.password,finiQA@123,
SrcVendorDim,TgtVendorDim,SC2002269NCR,QA,/data/apps/nbx/Dim/config/SrcVendorDim_TgtVendorDim,spark.source.columns,"voyage_id,vendor_id",
SrcVendorDim,TgtVendorDim,SC2002269NCR,QA,/data/apps/nbx/Dim/config/SrcVendorDim_TgtVendorDim,spark.pond.allColumns,"vendor_skey as pond_vendor_skey,voyage_id as pond_voyage_id,vendor_id as pond_vendor_id,load_dt as pond_load_dt,upd_dt as pond_upd_dt,primaryhash as pond_primaryhash,md5_hash as pond_md5_hash",
SrcVendorDim,TgtVendorDim,SC2002269NCR,QA,/data/apps/nbx/Dim/config/SrcVendorDim_TgtVendorDim,spark.surrogate_key.column,vendor_skey,
SrcVendorDim,TgtVendorDim,SC2002269NCR,QA,/data/apps/nbx/Dim/config/SrcVendorDim_TgtVendorDim,spark.pond.database,shipdw,
SrcVendorDim,TgtVendorDim,SC2002269NCR,QA,/data/apps/nbx/Dim/config/SrcVendorDim_TgtVendorDim,spark.pond.table,hvtb_mart_dim_vendor,
SrcVendorDim,TgtVendorDim,SC2002269NCR,QA,/data/apps/nbx/Dim/config/SrcVendorDim_TgtVendorDim,spark.source.primaryKeyColumns,vendor_id,
SrcVendorDim,TgtVendorDim,SC2002269NCR,QA,/data/apps/nbx/Dim/config/SrcVendorDim_TgtVendorDim,spark.target.final_collist,"vendor_skey,cast(final_view.voyage_id as string) as voyage_id,final_view.vendor_id as vendor_id,load_dt,upd_dt,primaryhash,md5_hash",
SrcVendorDim,TgtVendorDim,SC2002269NCR,QA,/data/apps/nbx/Dim/config/SrcVendorDim_TgtVendorDim,spark.target.temp,/data/apps/nbx/temp/hvtb_mart_dim_vendor,
SrcVendorDim,TgtVendorDim,SC2002269NCR,QA,/data/apps/nbx/Dim/config/SrcVendorDim_TgtVendorDim,spark.target.location,/data/apps/nbx/mart/hvtb_mart_dim_vendor,
SrcVendorDim,TgtVendorDim,SC2002269NCR,QA,/data/apps/nbx/Dim/config/SrcVendorDim_TgtVendorDim,spark.postgresql.schema,hive_schema_stg,
SrcVendorDim,TgtVendorDim,SC2002269NCR,QA,/data/apps/nbx/Dim/config/SrcVendorDim_TgtVendorDim,spark.postgresql.tablename,vendor_dim,
SrcVendorDim,TgtVendorDim,SC2002269NCR,QA,/data/apps/nbx/Dim/config/SrcVendorDim_TgtVendorDim,spark.scdtype,type1,
SrcVendorDim,TgtVendorDim,SC2002269NCR,QA,/data/apps/nbx/Dim/config/SrcVendorDim_TgtVendorDim,spark.tableType,DIMENSION,
SrcVendorDim,TgtVendorDim,SC2002269NCR,QA,/data/apps/nbx/Dim/config/SrcVendorDim_TgtVendorDim,spark.frameworkEnv,ship,
SrcSalesFolio,TgtRevenueFact,SC2002269NCR,QA,/data/apps/nbx/Fact/config/SrcSalesFolio_TgtRevenueFact,spark.datasource.hive.warehouse.load.staging.dir,/tmp,
SrcSalesFolio,TgtRevenueFact,SC2002269NCR,QA,/data/apps/nbx/Fact/config/SrcSalesFolio_TgtRevenueFact,spark.datasource.hive.warehouse.metastoreUri,thrift://q-lab-hdp-ada3.virginvoyages.qa.dev:9083,
SrcSalesFolio,TgtRevenueFact,SC2002269NCR,QA,/data/apps/nbx/Fact/config/SrcSalesFolio_TgtRevenueFact,spark.hadoop.hive.llap.daemon.service.hosts,@llap0,
SrcSalesFolio,TgtRevenueFact,SC2002269NCR,QA,/data/apps/nbx/Fact/config/SrcSalesFolio_TgtRevenueFact,spark.hadoop.hive.zookeeper.quorum,"q-lab-hdp-ada3.virginvoyages.qa.dev:2181,q-lab-hdp-ada2.virginvoyages.qa.dev:2181,q-lab-hdp-ada1.virginvoyages.qa.dev:2181",
SrcSalesFolio,TgtRevenueFact,SC2002269NCR,QA,/data/apps/nbx/Fact/config/SrcSalesFolio_TgtRevenueFact,spark.sql.hive.hiveserver2.jdbc.url,"jdbc:hive2://q-lab-hdp-ada3.virginvoyages.qa.dev:2181,q-lab-hdp-ada2.virginvoyages.qa.dev:2181,q-lab-hdp-ada1.virginvoyages.qa.dev:2181/;serviceDiscoveryMode=zooKeeper;zooKeeperNamespace=hiveserver2",
SrcSalesFolio,TgtRevenueFact,SC2002269NCR,QA,/data/apps/nbx/Fact/config/SrcSalesFolio_TgtRevenueFact,spark.sql.hive.hiveserver2.jdbc.url.principal,hive/_HOST@VIRGINVOYAGES.QA.DEV,
SrcSalesFolio,TgtRevenueFact,SC2002269NCR,QA,/data/apps/nbx/Fact/config/SrcSalesFolio_TgtRevenueFact,spark.sql.hive.metastore.jars,/usr/hdp/current/spark2-client/standalone-metastore/*,
SrcSalesFolio,TgtRevenueFact,SC2002269NCR,QA,/data/apps/nbx/Fact/config/SrcSalesFolio_TgtRevenueFact,spark.sql.hive.metastore.version,3.0,
SrcSalesFolio,TgtRevenueFact,SC2002269NCR,QA,/data/apps/nbx/Fact/config/SrcSalesFolio_TgtRevenueFact,spark.sql.warehouse.dir,/apps/spark/warehouse,
SrcSalesFolio,TgtRevenueFact,SC2002269NCR,QA,/data/apps/nbx/Fact/config/SrcSalesFolio_TgtRevenueFact,spark.src.config.id,SrcSalesFolio,
SrcSalesFolio,TgtRevenueFact,SC2002269NCR,QA,/data/apps/nbx/Fact/config/SrcSalesFolio_TgtRevenueFact,spark.voyage.id,SC2002269NCR,
SrcSalesFolio,TgtRevenueFact,SC2002269NCR,QA,/data/apps/nbx/Fact/config/SrcSalesFolio_TgtRevenueFact,spark.tgt.env,QA,
SrcSalesFolio,TgtRevenueFact,SC2002269NCR,QA,/data/apps/nbx/Fact/config/SrcSalesFolio_TgtRevenueFact,spark.target.config.id,TgtRevenueFact,
SrcSalesFolio,TgtRevenueFact,SC2002269NCR,QA,/data/apps/nbx/Fact/config/SrcSalesFolio_TgtRevenueFact,spark.parent.id,SrcShrPosSales_TgtRevenueFact_SC2002269NCR,
SrcSalesFolio,TgtRevenueFact,SC2002269NCR,QA,/data/apps/nbx/Fact/config/SrcSalesFolio_TgtRevenueFact,spark.target.ops.table.format,org.apache.phoenix.spark,
SrcSalesFolio,TgtRevenueFact,SC2002269NCR,QA,/data/apps/nbx/Fact/config/SrcSalesFolio_TgtRevenueFact,spark.target.ops.table.mode,overwrite,
SrcSalesFolio,TgtRevenueFact,SC2002269NCR,QA,/data/apps/nbx/Fact/config/SrcSalesFolio_TgtRevenueFact,spark.postgresql.database,qanbx,
SrcSalesFolio,TgtRevenueFact,SC2002269NCR,QA,/data/apps/nbx/Fact/config/SrcSalesFolio_TgtRevenueFact,spark.target.enablerops_table,ship.HBTB_INGESTION_METADATA,
SrcSalesFolio,TgtRevenueFact,SC2002269NCR,QA,/data/apps/nbx/Fact/config/SrcSalesFolio_TgtRevenueFact,spark.target.zkurl,q-lab-hdp-ada1.virginvoyages.qa.dev:2181/hbase-secure:nbx.service@VIRGINVOYAGES.QA.DEV:/home/nbx.service/nbx.keytab,
SrcSalesFolio,TgtRevenueFact,SC2002269NCR,QA,/data/apps/nbx/Fact/config/SrcSalesFolio_TgtRevenueFact,spark.table.type,fact,
SrcSalesFolio,TgtRevenueFact,SC2002269NCR,QA,/data/apps/nbx/Fact/config/SrcSalesFolio_TgtRevenueFact,spark.postgresql.url,jdbc:postgresql://10.2.52.87:5432/,
SrcSalesFolio,TgtRevenueFact,SC2002269NCR,QA,/data/apps/nbx/Fact/config/SrcSalesFolio_TgtRevenueFact,spark.postgresql.user,nifiusr,
SrcSalesFolio,TgtRevenueFact,SC2002269NCR,QA,/data/apps/nbx/Fact/config/SrcSalesFolio_TgtRevenueFact,spark.postgresql.password,finiQA@123,
SrcSalesFolio,TgtRevenueFact,SC2002269NCR,QA,/data/apps/nbx/Fact/config/SrcSalesFolio_TgtRevenueFact,spark.source.sql,"SELECT *,-1 as device_skey,0 as time_on_device_seconds,0 as avg_wager_amount,0 as casino_game_dph,0 as theoritical_winnings ,-1 as activity_skey, ((debit_amount-credit_amount-discount_amount)* sale_quantity) as total_collected_sales_amount, (((debit_amount-credit_amount-discount_amount)* sale_quantity))/(guest_count*voyage_length) as total_collected_sales_ap, (((debit_amount-credit_amount-discount_amount)* sale_quantity)) as total_shared_revenue_amount , (((debit_amount-credit_amount-discount_amount)* sale_quantity))/(guest_count*voyage_length) as total_shared_revenue_ap from   ( SELECT   'FOLIO' as source_type, cruisenbr as voyage_id,   NVL(sale_detail_skey, -1) as sale_detail_skey, -1 as pos_item_skey,  NVL(dim_voyage.voyage_skey,-1) as voyage_skey,  dim_voyage.ship_code as ship_code,  NVL(folio_item_skey, -1)as folio_item_skey, NVL(person_skey, -1) as person_skey,  NVL(itinerary_skey, -1)itinerary_skey, -1 as outlet_skey, NVL(dd.date_id, -1) as sale_date_skey,  NVL(time_skey, -1) as sale_time_skey, quantity as sale_quantity, 0 as item_list_price_amount,   NVL(creditamount, 0) as credit_amount,   NVL(debitamount, 0) as debit_amount, 0 as tax_amount,  NVL(discountamount, 0) as discount_amount, 0 as discount_value, 0 as cost_of_goods,   CASE when (UPPER(person_dim.person_type)=='COMPANY ACCOUNT')   THEN NVL((((NVL(debitamount, 0)-NVL(creditamount, 0)-NVL(discountamount, 0))* quantity)),0) ELSE 0  end as manual_adjustment_amount,   NVL(guest_count.voyage_length, 0) as voyage_length, NVL(guest_count, 0) as guest_count,  external_reference as booking_reference_number,  batchtime, part_date from   shipdw.hvtb_parse_folio_vperson_account_detail as accnt_detail    inner join  shipdw.hvtb_mart_dim_quickcode dim_quickcode   on(   accnt_detail.quickcode==dim_quickcode.quick_code     )  left join shipdw.hvtb_mart_dim_sale_detail sale_detail  on ( accnt_detail.referencenbr == sale_detail.sale_id)  left join shipdw.hvtb_mart_dim_folio_item folio_item   on (accnt_detail.quickcode = folio_item.folio_item_quickcode)  left join  shipdw.hvtb_mart_dim_voyage dim_voyage  on(accnt_detail.cruisenbr == dim_voyage.voyage_number)  left join shipdw.hvtb_mart_dim_person person_dim on   (accnt_detail.person_id = person_dim.person_id and accnt_detail.cruisenbr == person_dim.booking_cruise_number)   left join shipdw.hvtb_mart_dim_date dd on date(accnt_detail.businessday) = dd.`date`   left join shipdw.hvtb_nbx_core_time_dim dt on dt.seconds_of_day = hour(accnt_detail.businessday)* 60 * 60 + minute(accnt_detail.businessday)* 60 + second(accnt_detail.businessday)   left join shipdw.hvtb_mart_dim_itinerary as itinerary   on ( itinerary.voyage_number == accnt_detail.cruisenbr and date(accnt_detail.businessday) == date(itinerary.itinerary_day_date) )  left join (  select count(*) as guest_count, voyage_number ,abs(voyage_length) as voyage_length  from shipdw.hvtb_mart_dim_voyage voyage inner join shipdw.hvtb_mart_dim_person person on (voyage.voyage_number==person.booking_cruise_number) where person_type='Guest'  group by voyage_number,abs(voyage_length))guest_count  on (guest_count.voyage_number==accnt_detail.cruisenbr)  *whereclause*  )FOLIO_FACT",
SrcSalesFolio,TgtRevenueFact,SC2002269NCR,QA,/data/apps/nbx/Fact/config/SrcSalesFolio_TgtRevenueFact,spark.source.columns,"source_type,voyage_id,sale_detail_skey,pos_item_skey,folio_item_skey,person_skey,ship_code,voyage_skey,itinerary_skey,outlet_skey,activity_skey,sale_date_skey,sale_time_skey,sale_quantity,item_list_price_amount,debit_amount,credit_amount,tax_amount,discount_amount,discount_value,cost_of_goods,manual_adjustment_amount,total_collected_sales_amount,total_collected_sales_ap,total_shared_revenue_amount,total_shared_revenue_ap",
SrcSalesFolio,TgtRevenueFact,SC2002269NCR,QA,/data/apps/nbx/Fact/config/SrcSalesFolio_TgtRevenueFact,spark.pond.allColumns,"pond_source_type,pond_voyage_id,pond_sale_detail_skey,pond_pos_item_skey,pond_folio_item_skey,pond_person_skey,pond_ship_code,pond_voyage_skey,pond_itinerary_skey,pond_outlet_skey,pond_activity_skey,pond_sale_date_skey,pond_sale_time_skey,pond_sale_quantity,pond_item_list_price_amount,pond_debit_amount,pond_credit_amount,pond_tax_amount,pond_discount_amount,pond_discount_value,pond_cost_of_goods,pond_manual_adjustment_amount,pond_total_collected_sales_amount,pond_total_collected_sales_ap,pond_total_shared_revenue_amount,pond_total_shared_revenue_ap,load_dt as pond_load_dt,upd_dt as pond_upd_dt,part_dt as pond_part_dt",
SrcSalesFolio,TgtRevenueFact,SC2002269NCR,QA,/data/apps/nbx/Fact/config/SrcSalesFolio_TgtRevenueFact,spark.pond.database,shipdw,
SrcSalesFolio,TgtRevenueFact,SC2002269NCR,QA,/data/apps/nbx/Fact/config/SrcSalesFolio_TgtRevenueFact,spark.pond.table,hvtb_mart_fact_revenue,
SrcSalesFolio,TgtRevenueFact,SC2002269NCR,QA,/data/apps/nbx/Fact/config/SrcSalesFolio_TgtRevenueFact,spark.postgresql.schema,Hive_schema_stg,
SrcSalesFolio,TgtRevenueFact,SC2002269NCR,QA,/data/apps/nbx/Fact/config/SrcSalesFolio_TgtRevenueFact,spark.target.final_collist,"voyage_id,NVL(sale_detail_skey,-1)  as sale_detail_skey,NVL(pos_item_skey,-1)as pos_item_skey,NVL(folio_item_skey,-1)as folio_item_skey,NVL(person_skey,-1)as person_skey,ship_code,NVL(voyage_skey,-1)as voyage_skey,NVL(itinerary_skey,-1)as itinerary_skey,NVL(outlet_skey,-1) as outlet_skey,NVL(activity_skey,-1) as activity_skey,NVL(cast(sale_date_skey as bigint),-1) as sale_date_skey,NVL(cast(sale_time_skey as bigint),-1) as sale_time_skey,-1 as device_skey,  -1 as venue_skey, -1 as charge_skey,-1 as wearable_skey,0 as time_on_device_seconds,0.0 as avg_wager_amount,0 as casino_game_dph, 0.0 as theoritical_winnings,booking_reference_number,cast(sale_quantity as int) as sale_quantity,cast(item_list_price_amount as decimal(16,2)) as item_list_price_amount,cast(debit_amount as decimal(16,2)) as debit_amount,cast(credit_amount as decimal(16,2)) as credit_amount,cast(tax_amount as decimal(16,2)) as tax_amount,cast(discount_amount as decimal(16,2)) as discount_amount,cast(discount_value as decimal(16,2)) as discount_value, cast(cost_of_goods as decimal(16,2)) as cost_of_goods,cast(manual_adjustment_amount as decimal(16,2)) as manual_adjustment_amount,cast(total_collected_sales_amount as decimal(16,2)) as total_collected_sales_amount,cast(total_collected_sales_ap as decimal(16,2)) as total_collected_sales_ap,total_shared_revenue_amount,total_shared_revenue_ap,source_type,load_dt,upd_dt,part_dt",
SrcSalesFolio,TgtRevenueFact,SC2002269NCR,QA,/data/apps/nbx/Fact/config/SrcSalesFolio_TgtRevenueFact,spark.target.temp,/data/apps/nbx/temp/hvtb_mart_fact_revenue,
SrcSalesFolio,TgtRevenueFact,SC2002269NCR,QA,/data/apps/nbx/Fact/config/SrcSalesFolio_TgtRevenueFact,spark.target.location,/data/apps/nbx/mart/hvtb_mart_fact_revenue,
SrcSalesFolio,TgtRevenueFact,SC2002269NCR,QA,/data/apps/nbx/Fact/config/SrcSalesFolio_TgtRevenueFact,spark.postgresql.schema,Hive_schema_stg,
SrcSalesFolio,TgtRevenueFact,SC2002269NCR,QA,/data/apps/nbx/Fact/config/SrcSalesFolio_TgtRevenueFact,spark.postgresql.tablename,ship_revenue_fact,
SrcSalesFolio,TgtRevenueFact,SC2002269NCR,QA,/data/apps/nbx/Fact/config/SrcSalesFolio_TgtRevenueFact,spark.scdtype,type1,
SrcSalesFolio,TgtRevenueFact,SC2002269NCR,QA,/data/apps/nbx/Fact/config/SrcSalesFolio_TgtRevenueFact,spark.tableType,FACT,
SrcSalesFolio,TgtRevenueFact,SC2002269NCR,QA,/data/apps/nbx/Fact/config/SrcSalesFolio_TgtRevenueFact,spark.frameworkEnv,ship,
SrcSalesKonami,TgtRevenue,SC2002269NCR,QA,/data/apps/nbx/Fact/config/SrcSaleskonami_TgtRevenueFact,spark.postgresql.user,nifiusr,
SrcSalesKonami,TgtRevenue,SC2002269NCR,QA,/data/apps/nbx/Fact/config/SrcSaleskonami_TgtRevenueFact,spark.postgresql.password,finiQA@123,
SrcSalesKonami,TgtRevenue,SC2002269NCR,QA,/data/apps/nbx/Fact/config/SrcSaleskonami_TgtRevenueFact,spark.postgresql.url,jdbc:postgresql://10.2.52.87:5432/,
SrcSalesKonami,TgtRevenue,SC2002269NCR,QA,/data/apps/nbx/Fact/config/SrcSaleskonami_TgtRevenueFact,spark.postgresql.database,qanbx,
SrcSalesKonami,TgtRevenue,SC2002269NCR,QA,/data/apps/nbx/Fact/config/SrcSaleskonami_TgtRevenueFact,spark.postgres.jdbc.user,nifiusr,
SrcSalesKonami,TgtRevenue,SC2002269NCR,QA,/data/apps/nbx/Fact/config/SrcSaleskonami_TgtRevenueFact,spark.postgres.jdbc.password,finiDEV@123,
SrcSalesKonami,TgtRevenue,SC2002269NCR,QA,/data/apps/nbx/Fact/config/SrcSaleskonami_TgtRevenueFact,spark.postgres.jdbc.url,jdbc:postgresql://10.2.52.161:5432/qanbx,
SrcSalesKonami,TgtRevenue,SC2002269NCR,QA,/data/apps/nbx/Fact/config/SrcSaleskonami_TgtRevenueFact,spark.personsxref.format,org.apache.phoenix.spark,
SrcSalesKonami,TgtRevenue,SC2002269NCR,QA,/data/apps/nbx/Fact/config/SrcSaleskonami_TgtRevenueFact,spark.personsxref.table,HBTB_SAILOR_TRIBES,
SrcSalesKonami,TgtRevenue,SC2002269NCR,QA,/data/apps/nbx/Fact/config/SrcSaleskonami_TgtRevenueFact,spark.personsxref.zkurl,ip-10-3-100-222.seatrials.virginvoyages.com:2181/hbase-unsecure,
SrcSalesKonami,TgtRevenue,SC2002269NCR,QA,/data/apps/nbx/Fact/config/SrcSaleskonami_TgtRevenueFact,spark.personsxref.jdbcurllll,jdbc:phoenix:10.3.100.222:2181/hbase-unsecure,
SrcSalesKonami,TgtRevenue,SC2002269NCR,QA,/data/apps/nbx/Fact/config/SrcSaleskonami_TgtRevenueFact,spark.personsxref.jdbcurl," jdbc:phoenix:q-lab-hdp-adb3.virginvoyages.qa.dev,q-lab-hdp-adb2.virginvoyages.qa.dev,q-lab-hdp-adb1.virginvoyages.qa.dev:2181:/hbase-",
SrcSalesKonami,TgtRevenue,SC2002269NCR,QA,/data/apps/nbx/Fact/config/SrcSaleskonami_TgtRevenueFact,spark.personsxref.oauthurl,https://k8s-qaship.virginvoyages.com/svc/identityaccessmanagement-service/oauth/token?grant_type=client_credentials,
SrcSalesKonami,TgtRevenue,SC2002269NCR,QA,/data/apps/nbx/Fact/config/SrcSaleskonami_TgtRevenueFact,spark.personsxref.findalltypes,https://k8s-qaship.virginvoyages.com/svc/dxpcore/idtypes?page=0&size=40,
SrcSalesKonami,TgtRevenue,SC2002269NCR,QA,/data/apps/nbx/Fact/config/SrcSaleskonami_TgtRevenueFact,spark.personsxref.username,a02f3532-86ea-4c59-bc0a-ac7b47a73a37,
SrcSalesKonami,TgtRevenue,SC2002269NCR,QA,/data/apps/nbx/Fact/config/SrcSaleskonami_TgtRevenueFact,spark.personsxref.password,vAr6nd87KWQbrE9S,
SrcSalesKonami,TgtRevenue,SC2002269NCR,QA,/data/apps/nbx/Fact/config/SrcSaleskonami_TgtRevenueFact,spark.personsxref.authorization,Basic YTAyZjM1MzItODZlYS00YzU5LWJjMGEtYWM3YjQ3YTczYTM3OnZBcjZuZDg3S1dRYnJFOVM=,
SrcSalesKonami,TgtRevenue,SC2002269NCR,QA,/data/apps/nbx/Fact/config/SrcSaleskonami_TgtRevenueFact,spark.personsxref.findByTypeAndTargetType,https://k8s-qaship.virginvoyages.com/svc/dxpcore/idcrossreferences/search/findbyidsourceid?,
SrcSalesKonami,TgtRevenue,SC2002269NCR,QA,/data/apps/nbx/Fact/config/SrcSaleskonami_TgtRevenueFact,spark.personsxref.idsourceid,https://k8s-qaship.virginvoyages.com/svc/dxpcore/idsources?size=200,
SrcSalesKonami,TgtRevenue,SC2002269NCR,QA,/data/apps/nbx/Fact/config/SrcSaleskonami_TgtRevenueFact,spark.shipxref.targetid,https://k8s-qaship.virginvoyages.com/svc/dxpcore/idcrossreferences/search/findbyidsourceid?idvalue=,
SrcSalesKonami,TgtRevenue,SC2002269NCR,QA,/data/apps/nbx/Fact/config/SrcSaleskonami_TgtRevenueFact,spark.src.config.id,SrcSales,
SrcSalesKonami,TgtRevenue,SC2002269NCR,QA,/data/apps/nbx/Fact/config/SrcSaleskonami_TgtRevenueFact,spark.voyage.id,SC1912065NCM,
SrcSalesKonami,TgtRevenue,SC2002269NCR,QA,/data/apps/nbx/Fact/config/SrcSaleskonami_TgtRevenueFact,spark.target.config.id,TgtRevenue,
SrcSalesKonami,TgtRevenue,SC2002269NCR,QA,/data/apps/nbx/Fact/config/SrcSaleskonami_TgtRevenueFact,spark.parent.id,,
SrcSalesKonami,TgtRevenue,SC2002269NCR,QA,/data/apps/nbx/Fact/config/SrcSaleskonami_TgtRevenueFact,spark.target.table.format,org.apache.phoenix.spark,
SrcSalesKonami,TgtRevenue,SC2002269NCR,QA,/data/apps/nbx/Fact/config/SrcSaleskonami_TgtRevenueFact,spark.target.ops.table.format,org.apache.phoenix.spark,
SrcSalesKonami,TgtRevenue,SC2002269NCR,QA,/data/apps/nbx/Fact/config/SrcSaleskonami_TgtRevenueFact,spark.target.ops.table.mode,overwrite,
SrcSalesKonami,TgtRevenue,SC2002269NCR,QA,/data/apps/nbx/Fact/config/SrcSaleskonami_TgtRevenueFact,spark.target.enablerops_table,ship.HBTB_INGESTION_METADATA,
SrcSalesKonami,TgtRevenue,SC2002269NCR,QA,/data/apps/nbx/Fact/config/SrcSaleskonami_TgtRevenueFact,#spark.target.enablerops_table,ship.HBTB_STREAMING_INGESTION_OFFSET,
SrcSalesKonami,TgtRevenue,SC2002269NCR,QA,/data/apps/nbx/Fact/config/SrcSaleskonami_TgtRevenueFact,spark.target.zkurl,q-lab-hdp-ada1.virginvoyages.qa.dev:2181/hbase-secure:nbx.service@VIRGINVOYAGES.QA.DEV:/home/nbx.service/nbx.keytab,
SrcSalesKonami,TgtRevenue,SC2002269NCR,QA,/data/apps/nbx/Fact/config/SrcSaleskonami_TgtRevenueFact,spark.datasource.hive.warehouse.load.staging.dir,/tmp,
SrcSalesKonami,TgtRevenue,SC2002269NCR,QA,/data/apps/nbx/Fact/config/SrcSaleskonami_TgtRevenueFact,spark.datasource.hive.warehouse.metastoreUri,thrift://q-lab-hdp-ada3.virginvoyages.qa.dev:9083,
SrcSalesKonami,TgtRevenue,SC2002269NCR,QA,/data/apps/nbx/Fact/config/SrcSaleskonami_TgtRevenueFact,spark.hadoop.hive.llap.daemon.service.hosts,@llap0,
SrcSalesKonami,TgtRevenue,SC2002269NCR,QA,/data/apps/nbx/Fact/config/SrcSaleskonami_TgtRevenueFact,spark.hadoop.hive.zookeeper.quorum,"q-lab-hdp-ada3.virginvoyages.qa.dev:2181,q-lab-hdp-ada2.virginvoyages.qa.dev:2181,q-lab-hdp-ada1.virginvoyages.qa.dev:2181",
SrcSalesKonami,TgtRevenue,SC2002269NCR,QA,/data/apps/nbx/Fact/config/SrcSaleskonami_TgtRevenueFact,spark.sql.hive.hiveserver2.jdbc.url,"jdbc:hive2://q-lab-hdp-adb3.virginvoyages.qa.dev:2181,q-lab-hdp-adb2.virginvoyages.qa.dev:2181,q-lab-hdp-adb1.virginvoyages.qa.dev:2181/;serviceDiscoveryMode=zooKeeper;zooKeeperNamespace=hiveserver2",
SrcSalesKonami,TgtRevenue,SC2002269NCR,QA,/data/apps/nbx/Fact/config/SrcSaleskonami_TgtRevenueFact,spark.sql.hive.hiveserver2.jdbc.url.principal,hive/_HOST@VIRGINVOYAGES.QA.DEV,
SrcSalesKonami,TgtRevenue,SC2002269NCR,QA,/data/apps/nbx/Fact/config/SrcSaleskonami_TgtRevenueFact,spark.sql.hive.metastore.jars,/usr/hdp/current/spark2-client/standalone-metastore/*,
SrcSalesKonami,TgtRevenue,SC2002269NCR,QA,/data/apps/nbx/Fact/config/SrcSaleskonami_TgtRevenueFact,spark.sql.hive.metastore.version,3.0,
SrcSalesKonami,TgtRevenue,SC2002269NCR,QA,/data/apps/nbx/Fact/config/SrcSaleskonami_TgtRevenueFact,spark.sql.warehouse.dir,/apps/spark/warehouse,
SrcSalesKonami,TgtRevenue,SC2002269NCR,QA,/data/apps/nbx/Fact/config/SrcSaleskonami_TgtRevenueFact,spark.source.sql,"select 'N/A' as booking_reference_number,itinerary_skey, voyage_skey,dim_voyage.ship_code as ship_code,'KONAMI' as source_type,voyage_number as voyage_id,sale_detail_skey,pos_item_skey,folio_item_skey,cast(ptnid as string)as ptnid,itinerary_skey,outlet_skey,activity_skey,sale_date_skey,sale_time_skey,device_skey,time_on_device_seconds,avg_wager_amount,casino_game_dph,theoritical_winnings,sale_quantity,item_list_price_amount,debit_amount,credit_amount,tax_amount,discount_amount,discount_value,cost_of_goods,manual_adjustment_amount,total_collected_sales_amount, total_shared_revenue_amount   from  ((select 'SC' as ship_code,dim_dev.device_skey,konami_src.voyageid as voyage_id,ptnid,dateinserted , -1 as sale_detail_skey,   -1 as pos_item_skey, -1 as folio_item_skey,   -1 as activity_skey, 0 as sale_time_skey, NVL(dd.date_id, -1) as sale_date_skey, devid, timeondevsec as time_on_device_seconds,avgwager as avg_wager_amount,gamedph as casino_game_dph,theowin as theoritical_winnings, 0 as sale_quantity, 0 as item_list_price_amount, 0 as tax_amount, 0 as discount_amount, 0 as discount_value,0 as cost_of_goods, 0 as manual_adjustment_amount, itinerary_skey, totbuyin as debit_amount, totwalkwith as  credit_amount, totbuyin-totwalkwith-0 as total_shared_revenue_amount, totbuyin-totwalkwith as total_collected_sales_amount,1 as outlet_srcjoin_key from shipdw.hvtb_parse_konami_vw_odbc_dailyptnrtg  konami_src  left join  shipdw.hvtb_mart_dim_itinerary dim_itinerary on (konami_src.voyageid== dim_itinerary.voyage_id and to_date(konami_src.dateinserted)==date(dim_itinerary.itinerary_day_date)) left join shipdw.hvtb_mart_dim_date dd on to_date(konami_src.dateinserted) = dd.`date`   left join shipdw.hvtb_mart_dim_device dim_dev on(konami_src.devid==dim_dev.device_id)    *whereclause*  )  Konami_Sales  left join  (select outlet_skey, 1 as outlet_dimjoin_key from shipdw.hvtb_mart_dim_outlet where outlet_name='Casino') outlet_dim  on(Konami_Sales.outlet_srcjoin_key==outlet_dim.outlet_dimjoin_key)) left join shipdw.hvtb_mart_dim_voyage dim_voyage on  (dim_voyage.ship_code==Konami_Sales.ship_code and to_date(Konami_Sales.dateinserted) between dim_voyage.voyage_start_date and dim_voyage.voyage_end_date)",
SrcSalesKonami,TgtRevenue,SC2002269NCR,QA,/data/apps/nbx/Fact/config/SrcSaleskonami_TgtRevenueFact,spark.source.columns,"source_type,voyage_id ,sale_detail_skey ,pos_item_skey ,folio_item_skey ,person_skey ,itinerary_skey ,outlet_skey ,activity_skey ,sale_date_skey ,sale_time_skey ,device_skey,time_on_device_seconds,avg_wager_amount,casino_game_dph,theoritical_winnings,sale_quantity ,item_list_price_amount ,debit_amount ,credit_amount ,tax_amount ,discount_amount ,discount_value ,cost_of_goods ,manual_adjustment_amount ,total_collected_sales_amount ,total_collected_sales_ap ,total_shared_revenue_amount ,total_shared_revenue_ap",
SrcSalesKonami,TgtRevenue,SC2002269NCR,QA,/data/apps/nbx/Fact/config/SrcSaleskonami_TgtRevenueFact,spark.pond.allColumns,"pond_source_type,pond_voyage_id,pond_sale_detail_skey,pond_pos_item_skey,pond_folio_item_skey,pond_person_skey,pond_itinerary_skey,pond_outlet_skey,pond_activity_skey,pond_sale_date_skey,pond_sale_time_skey, pond_device_skey, pond_time_on_device_seconds, pond_avg_wager_amount, pond_casino_game_dph, pond_theoritical_winnings, pond_sale_quantity,pond_item_list_price_amount,pond_debit_amount,pond_credit_amount,pond_tax_amount,pond_discount_amount,pond_discount_value,pond_cost_of_goods,pond_manual_adjustment_amount,pond_total_collected_sales_amount,pond_total_collected_sales_ap,pond_total_shared_revenue_amount,pond_total_shared_revenue_ap,load_dt as pond_load_dt,upd_dt as pond_upd_dt,part_dt as pond_part_dt",
SrcSalesKonami,TgtRevenue,SC2002269NCR,QA,/data/apps/nbx/Fact/config/SrcSaleskonami_TgtRevenueFact,spark.pond.database,shipdw,
SrcSalesKonami,TgtRevenue,SC2002269NCR,QA,/data/apps/nbx/Fact/config/SrcSaleskonami_TgtRevenueFact,spark.pond.table,hvtb_mart_fact_revenue,
SrcSalesKonami,TgtRevenue,SC2002269NCR,QA,/data/apps/nbx/Fact/config/SrcSaleskonami_TgtRevenueFact,spark.api.env,QA,
SrcSalesKonami,TgtRevenue,SC2002269NCR,QA,/data/apps/nbx/Fact/config/SrcSaleskonami_TgtRevenueFact,spark.target.schema,shipdw,
SrcSalesKonami,TgtRevenue,SC2002269NCR,QA,/data/apps/nbx/Fact/config/SrcSaleskonami_TgtRevenueFact,spark.target.final_collist," voyage_id,NVL(sale_detail_skey,-1)  as sale_detail_skey,NVL(pos_item_skey,-1)as pos_item_skey,NVL(folio_item_skey,-1)as folio_item_skey,NVL(person_skey,-1)as person_skey,NVL(itinerary_skey,-1)as itinerary_skey,NVL(outlet_skey,-1) as outlet_skey,NVL(activity_skey,-1) as activity_skey,NVL(cast(sale_date_skey as bigint),-1) as sale_date_skey,NVL(cast(sale_time_skey as bigint),-1) as sale_time_skey, NVL(cast(device_skey as bigint),-1) as device_skey , cast(time_on_device_seconds as int) as time_on_device_seconds , cast(avg_wager_amount as decimal(10,0)) as avg_wager_amount, cast(casino_game_dph as int) as casino_game_dph, cast(theoritical_winnings as decimal(10,0)) as theoritical_winnings, cast(sale_quantity as int) as sale_quantity,  cast(item_list_price_amount as decimal) as item_list_price_amount,cast(debit_amount as decimal) as debit_amount,cast(credit_amount as decimal) as credit_amount,cast(tax_amount as decimal) as tax_amount,cast(discount_amount as decimal) as discount_amount,cast(discount_value as decimal) as discount_value, cast(cost_of_goods as decimal) as cost_of_goods,cast(manual_adjustment_amount as decimal) as manual_adjustment_amount,cast(total_collected_sales_amount as decimal) as total_collected_sales_amount,cast(total_collected_sales_ap as decimal) as total_collected_sales_ap,total_shared_revenue_amount,total_shared_revenue_ap,source_type,load_dt,upd_dt,part_dt",
SrcSalesKonami,TgtRevenue,SC2002269NCR,QA,/data/apps/nbx/Fact/config/SrcSaleskonami_TgtRevenueFact,spark.target.location,/data/apps/nbx/hive/hvtb_mart_fact_revenue,
SrcSalesKonami,TgtRevenue,SC2002269NCR,QA,/data/apps/nbx/Fact/config/SrcSaleskonami_TgtRevenueFact,spark.target.temp,/data/apps/nbx/hive/temp/hvtb_mart_fact_revenue,
SrcSalesKonami,TgtRevenue,SC2002269NCR,QA,/data/apps/nbx/Fact/config/SrcSaleskonami_TgtRevenueFact,spark.postgresql.schema,Hive_schema_stg,
SrcSalesKonami,TgtRevenue,SC2002269NCR,QA,/data/apps/nbx/Fact/config/SrcSaleskonami_TgtRevenueFact,spark.postgresql.tablename,ship_revenue_fact,
SrcSalesKonami,TgtRevenue,SC2002269NCR,QA,/data/apps/nbx/Fact/config/SrcSaleskonami_TgtRevenueFact,spark.scdtype,type1,
SrcSalesKonami,TgtRevenue,SC2002269NCR,QA,/data/apps/nbx/Fact/config/SrcSaleskonami_TgtRevenueFact,spark.tableType,FACT,
SrcSalesKonami,TgtRevenue,SC2002269NCR,QA,/data/apps/nbx/Fact/config/SrcSaleskonami_TgtRevenueFact,spark.frameworkEnv,ship,
SrcPostSailQuestion,TgtQuestionDim,SC2002269NCR,QA,/data/apps/nbx/Dim/config/SrcPostSailQuestion_TgtQuestionDim,spark.datasource.hive.warehouse.load.staging.dir,/tmp,
SrcPostSailQuestion,TgtQuestionDim,SC2002269NCR,QA,/data/apps/nbx/Dim/config/SrcPostSailQuestion_TgtQuestionDim,spark.datasource.hive.warehouse.metastoreUri,thrift://q-lab-hdp-ada3.virginvoyages.qa.dev:9083,
SrcPostSailQuestion,TgtQuestionDim,SC2002269NCR,QA,/data/apps/nbx/Dim/config/SrcPostSailQuestion_TgtQuestionDim,spark.hadoop.hive.llap.daemon.service.hosts,@llap0,
SrcPostSailQuestion,TgtQuestionDim,SC2002269NCR,QA,/data/apps/nbx/Dim/config/SrcPostSailQuestion_TgtQuestionDim,spark.hadoop.hive.zookeeper.quorum,"q-lab-hdp-ada3.virginvoyages.qa.dev:2181,q-lab-hdp-ada2.virginvoyages.qa.dev:2181,q-lab-hdp-ada1.virginvoyages.qa.dev:2181",
SrcPostSailQuestion,TgtQuestionDim,SC2002269NCR,QA,/data/apps/nbx/Dim/config/SrcPostSailQuestion_TgtQuestionDim,spark.sql.hive.hiveserver2.jdbc.url,"jdbc:hive2://q-lab-hdp-ada3.virginvoyages.qa.dev:2181,q-lab-hdp-ada2.virginvoyages.qa.dev:2181,q-lab-hdp-ada1.virginvoyages.qa.dev:2181/;serviceDiscoveryMode=zooKeeper;zooKeeperNamespace=hiveserver2",
SrcPostSailQuestion,TgtQuestionDim,SC2002269NCR,QA,/data/apps/nbx/Dim/config/SrcPostSailQuestion_TgtQuestionDim,spark.sql.hive.hiveserver2.jdbc.url.principal,hive/_HOST@VIRGINVOYAGES.QA.DEV,
SrcPostSailQuestion,TgtQuestionDim,SC2002269NCR,QA,/data/apps/nbx/Dim/config/SrcPostSailQuestion_TgtQuestionDim,spark.sql.hive.metastore.jars,/usr/hdp/current/spark2-client/standalone-metastore/*,
SrcPostSailQuestion,TgtQuestionDim,SC2002269NCR,QA,/data/apps/nbx/Dim/config/SrcPostSailQuestion_TgtQuestionDim,spark.sql.hive.metastore.version,3.0,
SrcPostSailQuestion,TgtQuestionDim,SC2002269NCR,QA,/data/apps/nbx/Dim/config/SrcPostSailQuestion_TgtQuestionDim,spark.sql.warehouse.dir,/apps/spark/warehouse,
SrcPostSailQuestion,TgtQuestionDim,SC2002269NCR,QA,/data/apps/nbx/Dim/config/SrcPostSailQuestion_TgtQuestionDim,spark.src.config.id,SrcPostSailQuestion,
SrcPostSailQuestion,TgtQuestionDim,SC2002269NCR,QA,/data/apps/nbx/Dim/config/SrcPostSailQuestion_TgtQuestionDim,spark.voyage.id,SC2002269NCR,
SrcPostSailQuestion,TgtQuestionDim,SC2002269NCR,QA,/data/apps/nbx/Dim/config/SrcPostSailQuestion_TgtQuestionDim,spark.tgt.env,QA,
SrcPostSailQuestion,TgtQuestionDim,SC2002269NCR,QA,/data/apps/nbx/Dim/config/SrcPostSailQuestion_TgtQuestionDim,spark.target.config.id,TgtQuestionDIm,
SrcPostSailQuestion,TgtQuestionDim,SC2002269NCR,QA,/data/apps/nbx/Dim/config/SrcPostSailQuestion_TgtQuestionDim,spark.parent.id,SrcPostSailQuestion-TgtQuestionDIm-SC2002269NCR,
SrcPostSailQuestion,TgtQuestionDim,SC2002269NCR,QA,/data/apps/nbx/Dim/config/SrcPostSailQuestion_TgtQuestionDim,spark.target.ops.table.format,org.apache.phoenix.spark,
SrcPostSailQuestion,TgtQuestionDim,SC2002269NCR,QA,/data/apps/nbx/Dim/config/SrcPostSailQuestion_TgtQuestionDim,spark.target.ops.table.mode,overwrite,
SrcPostSailQuestion,TgtQuestionDim,SC2002269NCR,QA,/data/apps/nbx/Dim/config/SrcPostSailQuestion_TgtQuestionDim,spark.postgresql.database,qanbx,
SrcPostSailQuestion,TgtQuestionDim,SC2002269NCR,QA,/data/apps/nbx/Dim/config/SrcPostSailQuestion_TgtQuestionDim,spark.target.enablerops_table,ship.HBTB_INGESTION_METADATA,
SrcPostSailQuestion,TgtQuestionDim,SC2002269NCR,QA,/data/apps/nbx/Dim/config/SrcPostSailQuestion_TgtQuestionDim,spark.target.zkurl,q-lab-hdp-ada1.virginvoyages.qa.dev:2181/hbase-secure:nbx.service@VIRGINVOYAGES.QA.DEV:/home/nbx.service/nbx.keytab,
SrcPostSailQuestion,TgtQuestionDim,SC2002269NCR,QA,/data/apps/nbx/Dim/config/SrcPostSailQuestion_TgtQuestionDim,spark.table.type,dim,
SrcPostSailQuestion,TgtQuestionDim,SC2002269NCR,QA,/data/apps/nbx/Dim/config/SrcPostSailQuestion_TgtQuestionDim,spark.postgresql.url,jdbc:postgresql://10.2.52.87:5432/,
SrcPostSailQuestion,TgtQuestionDim,SC2002269NCR,QA,/data/apps/nbx/Dim/config/SrcPostSailQuestion_TgtQuestionDim,spark.postgresql.user,nifiusr,
SrcPostSailQuestion,TgtQuestionDim,SC2002269NCR,QA,/data/apps/nbx/Dim/config/SrcPostSailQuestion_TgtQuestionDim,spark.postgresql.password,finiQA@123,
SrcPostSailQuestion,TgtQuestionDim,SC2002269NCR,QA,/data/apps/nbx/Dim/config/SrcPostSailQuestion_TgtQuestionDim,spark.source.location,s3://vv-dev-emr-cluster/data/data/apps/nbx/Dim/config/postcruise_QD_20200319_134500.txt,
SrcPostSailQuestion,TgtQuestionDim,SC2002269NCR,QA,/data/apps/nbx/Dim/config/SrcPostSailQuestion_TgtQuestionDim,spark.source.columns,"src_question_id,batchtime,category, answer_code_max, answer_code_min, variable_id, Type, Start, Finish, question_text, answer_code, answer_label, answer_code_min_text, answer_code_max_text",
SrcPostSailQuestion,TgtQuestionDim,SC2002269NCR,QA,/data/apps/nbx/Dim/config/SrcPostSailQuestion_TgtQuestionDim,spark.pond.allColumns,"question_id as pond_question_id,src_question_id as pond_src_question_id,variable_id as pond_variable_id,question_text as pond_question_text,Type as pond_Type,category as pond_category,answer_code_min as pond_answer_code_min,answer_code_max as pond_answer_code_max,answer_code_min_text as pond_answer_code_min_text,answer_code_max_text as pond_answer_code_max_text,load_dt as pond_load_dt,upd_dt as pond_upd_dt,primaryhash as pond_primaryhash,md5_hash as pond_md5_hash",
SrcPostSailQuestion,TgtQuestionDim,SC2002269NCR,QA,/data/apps/nbx/Dim/config/SrcPostSailQuestion_TgtQuestionDim,spark.surrogate_key.column,question_id,
SrcPostSailQuestion,TgtQuestionDim,SC2002269NCR,QA,/data/apps/nbx/Dim/config/SrcPostSailQuestion_TgtQuestionDim,spark.pond.database,vv_db,
SrcPostSailQuestion,TgtQuestionDim,SC2002269NCR,QA,/data/apps/nbx/Dim/config/SrcPostSailQuestion_TgtQuestionDim,spark.pond.table,hvtb_nbx_core_postvoyage_survey_questions_dim,
SrcPostSailQuestion,TgtQuestionDim,SC2002269NCR,QA,/data/apps/nbx/Dim/config/SrcPostSailQuestion_TgtQuestionDim,spark.postgresql.schema,vv_db,
SrcPostSailQuestion,TgtQuestionDim,SC2002269NCR,QA,/data/apps/nbx/Dim/config/SrcPostSailQuestion_TgtQuestionDim,spark.target.table,,
SrcPostSailQuestion,TgtQuestionDim,SC2002269NCR,QA,/data/apps/nbx/Dim/config/SrcPostSailQuestion_TgtQuestionDim,spark.source.primaryKeyColumns,"src_question_id,variable_id",
SrcPostSailQuestion,TgtQuestionDim,SC2002269NCR,QA,/data/apps/nbx/Dim/config/SrcPostSailQuestion_TgtQuestionDim,spark.target.final_collist," cast(final_view.question_id as bigint)as question_id, cast(final_view.src_question_id as varchar(50))as src_question_id, cast(final_view.variable_id as varchar(50))as variable_id, cast(final_view.question_text as varchar(500))as question_text, cast(final_view.type as varchar(50))as type,final_view.category, cast(final_view.answer_code_min as int)as answer_code_min, cast(final_view.answer_code_max as int)as answer_code_max, cast(final_view.answer_code_min_text as varchar(500))as answer_code_min_text, cast(final_view.answer_code_max_text as varchar(500))as answer_code_max_text, cast(final_view.load_dt as timestamp)as load_dt, cast(final_view.upd_dt as timestamp)as upd_dt, cast(final_view.primaryhash as string)as primaryhash, cast(final_view.md5_hash as string)as md5_hash",
SrcPostSailQuestion,TgtQuestionDim,SC2002269NCR,QA,/data/apps/nbx/Dim/config/SrcPostSailQuestion_TgtQuestionDim,spark.target.temp,/data/apps/nbx/temp/hvtb_nbx_core_postvoyage_survey_questions_dim,
SrcPostSailQuestion,TgtQuestionDim,SC2002269NCR,QA,/data/apps/nbx/Dim/config/SrcPostSailQuestion_TgtQuestionDim,spark.target.location,s3://vv-dev-emr-cluster/data/core/seaware/hvtb_nbx_core_postvoyage_survey_questions_dim,
SrcPostSailQuestion,TgtQuestionDim,SC2002269NCR,QA,/data/apps/nbx/Dim/config/SrcPostSailQuestion_TgtQuestionDim,spark.postgresql.schema,seaware,
SrcPostSailQuestion,TgtQuestionDim,SC2002269NCR,QA,/data/apps/nbx/Dim/config/SrcPostSailQuestion_TgtQuestionDim,spark.postgresql.tablename,postvoyage_survey_questions_dim,
SrcPostSailQuestion,TgtQuestionDim,SC2002269NCR,QA,/data/apps/nbx/Dim/config/SrcPostSailQuestion_TgtQuestionDim,spark.scdtype,type1,
SrcPostSailQuestion,TgtQuestionDim,SC2002269NCR,QA,/data/apps/nbx/Dim/config/SrcPostSailQuestion_TgtQuestionDim,spark.tableType,DIMENSION,
SrcPostSailQuestion,TgtQuestionDim,SC2002269NCR,QA,/data/apps/nbx/Dim/config/SrcPostSailQuestion_TgtQuestionDim,spark.frameworkEnv,ship,
SrcCrIti,TgtItinery,SC2002269NCR,QA,/data/apps/nbx/Dim/config/SrcCrIti_TgtIti,spark.datasource.hive.warehouse.load.staging.dir,/tmp,
SrcCrIti,TgtItinery,SC2002269NCR,QA,/data/apps/nbx/Dim/config/SrcCrIti_TgtIti,spark.datasource.hive.warehouse.metastoreUri,thrift://q-lab-hdp-ada3.virginvoyages.qa.dev:9083,
SrcCrIti,TgtItinery,SC2002269NCR,QA,/data/apps/nbx/Dim/config/SrcCrIti_TgtIti,spark.hadoop.hive.llap.daemon.service.hosts,@llap0,
SrcCrIti,TgtItinery,SC2002269NCR,QA,/data/apps/nbx/Dim/config/SrcCrIti_TgtIti,spark.hadoop.hive.zookeeper.quorum,"q-lab-hdp-ada3.virginvoyages.qa.dev:2181,q-lab-hdp-ada2.virginvoyages.qa.dev:2181,q-lab-hdp-ada1.virginvoyages.qa.dev:2181",
SrcCrIti,TgtItinery,SC2002269NCR,QA,/data/apps/nbx/Dim/config/SrcCrIti_TgtIti,spark.sql.hive.hiveserver2.jdbc.url,"jdbc:hive2://q-lab-hdp-ada3.virginvoyages.qa.dev:2181,q-lab-hdp-ada2.virginvoyages.qa.dev:2181,q-lab-hdp-ada1.virginvoyages.qa.dev:2181/;serviceDiscoveryMode=zooKeeper;zooKeeperNamespace=hiveserver2",
SrcCrIti,TgtItinery,SC2002269NCR,QA,/data/apps/nbx/Dim/config/SrcCrIti_TgtIti,spark.sql.hive.hiveserver2.jdbc.url.principal,hive/_HOST@VIRGINVOYAGES.QA.DEV,
SrcCrIti,TgtItinery,SC2002269NCR,QA,/data/apps/nbx/Dim/config/SrcCrIti_TgtIti,spark.sql.hive.metastore.jars,/usr/hdp/current/spark2-client/standalone-metastore/*,
SrcCrIti,TgtItinery,SC2002269NCR,QA,/data/apps/nbx/Dim/config/SrcCrIti_TgtIti,spark.sql.hive.metastore.version,3.0,
SrcCrIti,TgtItinery,SC2002269NCR,QA,/data/apps/nbx/Dim/config/SrcCrIti_TgtIti,spark.sql.warehouse.dir,/apps/spark/warehouse,
SrcCrIti,TgtItinery,SC2002269NCR,QA,/data/apps/nbx/Dim/config/SrcCrIti_TgtIti,spark.src.config.id,SrcCrIti,
SrcCrIti,TgtItinery,SC2002269NCR,QA,/data/apps/nbx/Dim/config/SrcCrIti_TgtIti,spark.voyage.id,SC2002269NCR,
SrcCrIti,TgtItinery,SC2002269NCR,QA,/data/apps/nbx/Dim/config/SrcCrIti_TgtIti,spark.tgt.env,QA,
SrcCrIti,TgtItinery,SC2002269NCR,QA,/data/apps/nbx/Dim/config/SrcCrIti_TgtIti,spark.target.config.id,TgtItinery,
SrcCrIti,TgtItinery,SC2002269NCR,QA,/data/apps/nbx/Dim/config/SrcCrIti_TgtIti,spark.parent.id,SrcShrIti-TgtShrIti-SC2002269NCR,
SrcCrIti,TgtItinery,SC2002269NCR,QA,/data/apps/nbx/Dim/config/SrcCrIti_TgtIti,spark.target.ops.table.format,org.apache.phoenix.spark,
SrcCrIti,TgtItinery,SC2002269NCR,QA,/data/apps/nbx/Dim/config/SrcCrIti_TgtIti,spark.target.ops.table.mode,overwrite,
SrcCrIti,TgtItinery,SC2002269NCR,QA,/data/apps/nbx/Dim/config/SrcCrIti_TgtIti,spark.postgresql.database,qanbx,
SrcCrIti,TgtItinery,SC2002269NCR,QA,/data/apps/nbx/Dim/config/SrcCrIti_TgtIti,spark.target.enablerops_table,ship.HBTB_INGESTION_METADATA,
SrcCrIti,TgtItinery,SC2002269NCR,QA,/data/apps/nbx/Dim/config/SrcCrIti_TgtIti,spark.target.zkurl,q-lab-hdp-ada1.virginvoyages.qa.dev:2181/hbase-secure:nbx.service@VIRGINVOYAGES.QA.DEV:/home/nbx.service/nbx.keytab,
SrcCrIti,TgtItinery,SC2002269NCR,QA,/data/apps/nbx/Dim/config/SrcCrIti_TgtIti,spark.table.type,dim,
SrcCrIti,TgtItinery,SC2002269NCR,QA,/data/apps/nbx/Dim/config/SrcCrIti_TgtIti,spark.postgresql.url,jdbc:postgresql://10.2.52.87:5432/,
SrcCrIti,TgtItinery,SC2002269NCR,QA,/data/apps/nbx/Dim/config/SrcCrIti_TgtIti,spark.postgresql.user,nifiusr,
SrcCrIti,TgtItinery,SC2002269NCR,QA,/data/apps/nbx/Dim/config/SrcCrIti_TgtIti,spark.postgresql.password,finiQA@123,
SrcCrIti,TgtItinery,SC2002269NCR,QA,/data/apps/nbx/Dim/config/SrcCrIti_TgtIti,spark.source.sql,"select * from(select * from (select voyage_id as voyageid,number as voyage_number,itinerary_id,itinerary_voyageitineraryid,namekey,cast(itinerary_itineraryday as int)as itinerary_itineraryday,embarkdate,debarkdate,embarkportcode,debarkportcode,itinerary_gangwayopeningtime,itinerary_gangwayclosingtime,itinerary_departuretime,itinerary_arrivaltime,itinerary_isseaday,batchtime,part_date,Cast(split(itinerary_date,'T')[0] as date)as sale_date,itinerary_date as itinerary_day_date, Row_Number() over(partition by itinerary_id order by modificationtime desc) as rn from shipdw.hvtb_parse_mxp_shore_itinerary )iti where rn=1)iti_dim ",
SrcCrIti,TgtItinery,SC2002269NCR,QA,/data/apps/nbx/Dim/config/SrcCrIti_TgtIti,spark.source.columns,"voyageid,voyage_number,itinerary_id,itinerary_voyageitineraryid,namekey,itinerary_itineraryday,embarkdate,debarkdate,embarkportcode,debarkportcode,itinerary_gangwayopeningtime,itinerary_gangwayclosingtime,itinerary_departuretime,itinerary_arrivaltime,itinerary_isseaday,itinerary_day_date",
SrcCrIti,TgtItinery,SC2002269NCR,QA,/data/apps/nbx/Dim/config/SrcCrIti_TgtIti,spark.pond.allColumns,"itinerary_skey as pond_itinerary_skey,voyage_id as pond_voyage_id,voyage_number as pond_voyage_number,itinerary_id as pond_itinerary_id,voyage_itinerary_guid as pond_voyage_itinerary_guid,itinerary_name as pond_itinerary_name,itinerary_day as pond_itinerary_day,itinerary_embark_dt as pond_itinerary_embark_dt,itinerary_debark_dt as pond_itinerary_debark_dt,itinerary_embark_port_code as pond_itinerary_embark_port_code,itinerary_debark_port_code as pond_itinerary_debark_port_code,gangway_open_time as pond_gangway_open_time,gangway_close_time as pond_gangway_close_time,itinerary_departure_time as pond_itinerary_departure_time,itinerary_arrival_time as pond_itinerary_arrival_time,itinerary_isseaDay as pond_itinerary_isseaDay,load_dt as pond_load_dt,upd_dt as pond_upd_dt,itinerary_day_date as pond_itinerary_day_date,primaryhash as pond_primaryhash,md5_hash as pond_md5_hash",
SrcCrIti,TgtItinery,SC2002269NCR,QA,/data/apps/nbx/Dim/config/SrcCrIti_TgtIti,spark.surrogate_key.column,itinerary_skey,
SrcCrIti,TgtItinery,SC2002269NCR,QA,/data/apps/nbx/Dim/config/SrcCrIti_TgtIti,spark.pond.database,shipdw,
SrcCrIti,TgtItinery,SC2002269NCR,QA,/data/apps/nbx/Dim/config/SrcCrIti_TgtIti,spark.pond.table,hvtb_mart_dim_itinerary,
SrcCrIti,TgtItinery,SC2002269NCR,QA,/data/apps/nbx/Dim/config/SrcCrIti_TgtIti,spark.postgresql.schema,Hive_schema_stg,
SrcCrIti,TgtItinery,SC2002269NCR,QA,/data/apps/nbx/Dim/config/SrcCrIti_TgtIti,spark.target.table,itinerary_dim,
SrcCrIti,TgtItinery,SC2002269NCR,QA,/data/apps/nbx/Dim/config/SrcCrIti_TgtIti,spark.source.primaryKeyColumns,itinerary_id,
SrcCrIti,TgtItinery,SC2002269NCR,QA,/data/apps/nbx/Dim/config/SrcCrIti_TgtIti,spark.target.final_collist,""" itinerary_skey,final_view.voyageid as voyage_id,final_view.voyage_number as voyage_number,final_view.itinerary_id as itinerary_id,final_view.itinerary_voyageitineraryid as voyage_itinerary_guid,final_view.namekey as itinerary_name,cast(final_view.itinerary_itineraryday as int)as itinerary_day,Cast (final_view.embarkdate as timestamp)as  itinerary_embark_dt,cast(final_view.debarkdate as timestamp) as itinerary_debark_dt,final_view.embarkportcode as itinerary_embark_port_code,final_view.debarkportcode as itinerary_debark_port_code,Cast(final_view.itinerary_gangwayopeningtime as timestamp) as gangway_open_time,cast(final_view.itinerary_gangwayclosingtime as timestamp) as gangway_close_time,cast(final_view.itinerary_departuretime as timestamp) as itinerary_departure_time,cast(final_view.itinerary_arrivaltime as timestamp) as itinerary_arrival_time,final_view.itinerary_isseaday,final_view.itinerary_day_date,load_dt,upd_dt,primaryhash,md5_hash""",
SrcCrIti,TgtItinery,SC2002269NCR,QA,/data/apps/nbx/Dim/config/SrcCrIti_TgtIti,spark.target.temp,/data/apps/nbx/temp/hvtb_mart_dim_itinerary,
SrcCrIti,TgtItinery,SC2002269NCR,QA,/data/apps/nbx/Dim/config/SrcCrIti_TgtIti,spark.target.location,/data/apps/nbx/mart/hvtb_mart_dim_itinerary,
SrcCrIti,TgtItinery,SC2002269NCR,QA,/data/apps/nbx/Dim/config/SrcCrIti_TgtIti,spark.postgresql.schema,Hive_schema_stg,
SrcCrIti,TgtItinery,SC2002269NCR,QA,/data/apps/nbx/Dim/config/SrcCrIti_TgtIti,spark.postgresql.tablename,itinerary_dim,
SrcCrIti,TgtItinery,SC2002269NCR,QA,/data/apps/nbx/Dim/config/SrcCrIti_TgtIti,spark.scdtype,type1,
SrcCrIti,TgtItinery,SC2002269NCR,QA,/data/apps/nbx/Dim/config/SrcCrIti_TgtIti,spark.tableType,DIMENSION,
SrcCrIti,TgtItinery,SC2002269NCR,QA,/data/apps/nbx/Dim/config/SrcCrIti_TgtIti,spark.frameworkEnv,ship,
SrcCruise,TgtVoyage,SC2002269NCR,QA,/data/apps/nbx/Dim/config/SrcCruise_TgtVoyage,spark.datasource.hive.warehouse.load.staging.dir,/tmp,
SrcCruise,TgtVoyage,SC2002269NCR,QA,/data/apps/nbx/Dim/config/SrcCruise_TgtVoyage,spark.datasource.hive.warehouse.metastoreUri,thrift://q-lab-hdp-ada3.virginvoyages.qa.dev:9083,
SrcCruise,TgtVoyage,SC2002269NCR,QA,/data/apps/nbx/Dim/config/SrcCruise_TgtVoyage,spark.hadoop.hive.llap.daemon.service.hosts,@llap0,
SrcCruise,TgtVoyage,SC2002269NCR,QA,/data/apps/nbx/Dim/config/SrcCruise_TgtVoyage,spark.hadoop.hive.zookeeper.quorum,"q-lab-hdp-ada3.virginvoyages.qa.dev:2181,q-lab-hdp-ada2.virginvoyages.qa.dev:2181,q-lab-hdp-ada1.virginvoyages.qa.dev:2181",
SrcCruise,TgtVoyage,SC2002269NCR,QA,/data/apps/nbx/Dim/config/SrcCruise_TgtVoyage,spark.sql.hive.hiveserver2.jdbc.url,"jdbc:hive2://q-lab-hdp-ada3.virginvoyages.qa.dev:2181,q-lab-hdp-ada2.virginvoyages.qa.dev:2181,q-lab-hdp-ada1.virginvoyages.qa.dev:2181/;serviceDiscoveryMode=zooKeeper;zooKeeperNamespace=hiveserver2",
SrcCruise,TgtVoyage,SC2002269NCR,QA,/data/apps/nbx/Dim/config/SrcCruise_TgtVoyage,spark.sql.hive.hiveserver2.jdbc.url.principal,hive/_HOST@VIRGINVOYAGES.QA.DEV,
SrcCruise,TgtVoyage,SC2002269NCR,QA,/data/apps/nbx/Dim/config/SrcCruise_TgtVoyage,spark.sql.hive.metastore.jars,/usr/hdp/current/spark2-client/standalone-metastore/*,
SrcCruise,TgtVoyage,SC2002269NCR,QA,/data/apps/nbx/Dim/config/SrcCruise_TgtVoyage,spark.sql.hive.metastore.version,3.0,
SrcCruise,TgtVoyage,SC2002269NCR,QA,/data/apps/nbx/Dim/config/SrcCruise_TgtVoyage,spark.sql.warehouse.dir,/apps/spark/warehouse,
SrcCruise,TgtVoyage,SC2002269NCR,QA,/data/apps/nbx/Dim/config/SrcCruise_TgtVoyage,spark.src.config.id,SrcCruise,
SrcCruise,TgtVoyage,SC2002269NCR,QA,/data/apps/nbx/Dim/config/SrcCruise_TgtVoyage,spark.voyage.id,SC2002269NCR,
SrcCruise,TgtVoyage,SC2002269NCR,QA,/data/apps/nbx/Dim/config/SrcCruise_TgtVoyage,spark.tgt.env,QA,
SrcCruise,TgtVoyage,SC2002269NCR,QA,/data/apps/nbx/Dim/config/SrcCruise_TgtVoyage,spark.target.config.id,TgtVoyage,
SrcCruise,TgtVoyage,SC2002269NCR,QA,/data/apps/nbx/Dim/config/SrcCruise_TgtVoyage,spark.parent.id,SrcShrCr-TgtShrCr-SC2002269NCR,
SrcCruise,TgtVoyage,SC2002269NCR,QA,/data/apps/nbx/Dim/config/SrcCruise_TgtVoyage,spark.target.ops.table.format,org.apache.phoenix.spark,
SrcCruise,TgtVoyage,SC2002269NCR,QA,/data/apps/nbx/Dim/config/SrcCruise_TgtVoyage,spark.target.ops.table.mode,overwrite,
SrcCruise,TgtVoyage,SC2002269NCR,QA,/data/apps/nbx/Dim/config/SrcCruise_TgtVoyage,spark.postgresql.database,qanbx,
SrcCruise,TgtVoyage,SC2002269NCR,QA,/data/apps/nbx/Dim/config/SrcCruise_TgtVoyage,spark.target.enablerops_table,ship.HBTB_INGESTION_METADATA,
SrcCruise,TgtVoyage,SC2002269NCR,QA,/data/apps/nbx/Dim/config/SrcCruise_TgtVoyage,spark.target.zkurl,q-lab-hdp-ada1.virginvoyages.qa.dev:2181/hbase-secure:nbx.service@VIRGINVOYAGES.QA.DEV:/home/nbx.service/nbx.keytab,
SrcCruise,TgtVoyage,SC2002269NCR,QA,/data/apps/nbx/Dim/config/SrcCruise_TgtVoyage,spark.table.type,dim,
SrcCruise,TgtVoyage,SC2002269NCR,QA,/data/apps/nbx/Dim/config/SrcCruise_TgtVoyage,spark.postgresql.url,jdbc:postgresql://10.2.52.87:5432/,
SrcCruise,TgtVoyage,SC2002269NCR,QA,/data/apps/nbx/Dim/config/SrcCruise_TgtVoyage,spark.postgresql.user,nifiusr,
SrcCruise,TgtVoyage,SC2002269NCR,QA,/data/apps/nbx/Dim/config/SrcCruise_TgtVoyage,spark.postgresql.password,finiQA@123,
SrcCruise,TgtVoyage,SC2002269NCR,QA,/data/apps/nbx/Dim/config/SrcCruise_TgtVoyage,spark.source.sql,"select * from (select * from (select cruise.batchtime,cruise.part_date,cruise.voyageid as voyage_id, cruise.number as voyage_number, cruise.guid as  voyage_guid,    cruise.description as voyage_description,       cruise.startdate as voyage_start_date,  row_number() over (partition by cruise.number order by lastchanged desc )as rn, cruise.enddate as voyage_end_date,datediff( to_date(cruise.enddate),to_date(cruise.startdate)) as  voyage_length,cruise.cruisestatus as voyage_status, cruise.shipcode as ship_guid,    cruise.shipcode as ship_code,   cruise.orgunit   as ship_name,cnt.isSeaDay,  case when date(current_date()) between Cast(split( cruise.startdate   ,'T')[0] as date) and  Cast(split(cruise.enddate   ,'T')[0] as date)  then 'Y' else 'N' end as active_status  from  shipdw.hvtb_parse_mxp_shore_cruise   cruise   Left JOIN  (Select count(*) as isSeaDay, voyageid from  (select itinerary_id,itinerary_isseaday,voyageid, ROW_NUMBER() OVER(PARTITION BY cruiseid,  debarkdate,  debarkportcode,  embarkdate,  embarkportcode,  isactive,  isdeleted,  lastchanged,  modificationtime,  namekey,  number,  orgunitid,  shipcode,  shipid,  itinerary_arrivaltime,  itinerary_createdbyuser,  itinerary_creationtime,  itinerary_departuretime,  itinerary_gangwayopeningtime,  itinerary_gangwayclosingtime,  itinerary_id,  itinerary_isdeleted,  itinerary_isseaday,  itinerary_itineraryday,  itinerary_lastchanged,  itinerary_modificationtime,  itinerary_portcode,  itinerary_voyageitineraryid,  voyageid order by batchtime desc) as rn from  shipdw.hvtb_parse_mxp_shore_itinerary)grouped where grouped.itinerary_isseaday=true and grouped.rn=1 group by voyageid) cnt   on(cruise.voyageid=cnt.voyageid) )cruise_topic where cruise_topic.rn=1)cruiser",
SrcCruise,TgtVoyage,SC2002269NCR,QA,/data/apps/nbx/Dim/config/SrcCruise_TgtVoyage,spark.source.columns,"voyage_id, voyage_number,voyage_guid,voyage_description, voyage_start_date, voyage_end_date, voyage_length, voyage_status, ship_guid,ship_code, ship_name,isSeaDay,actual_capacity_days,booked_capacity_days,actual_sailor_days,built_capacity_days,sailed_cabin_occupancy_pct,active_status",
SrcCruise,TgtVoyage,SC2002269NCR,QA,/data/apps/nbx/Dim/config/SrcCruise_TgtVoyage,spark.pond.allColumns,"voyage_skey as pond_voyage_skey,voyage_id as pond_voyage_id, voyage_number as pond_voyage_number, voyage_guid as pond_voyage_guid, voyage_description as pond_voyage_description, voyage_start_date as pond_voyage_start_date, voyage_end_date as pond_voyage_end_date, voyage_length as pond_voyage_length, voyage_status as pond_voyage_status, ship_guid as pond_ship_guid, ship_code as pond_ship_code, ship_name as pond_ship_name, isSeaDay as pond_isSeaDay, actual_capacity_days as pond_actual_capacity_days, booked_capacity_days as pond_booked_capacity_days, actual_sailor_days as pond_actual_sailor_days, built_capacity_days as pond_built_capacity_days, sailed_cabin_occupancy_pct as pond_sailed_cabin_occupancy_pct,active_status as pond_active_status, load_dt as pond_load_dt, upd_dt as pond_upd_dt, primaryhash as pond_primaryhash, md5_hash as pond_md5_hash",
SrcCruise,TgtVoyage,SC2002269NCR,QA,/data/apps/nbx/Dim/config/SrcCruise_TgtVoyage,spark.surrogate_key.column,voyage_skey,
SrcCruise,TgtVoyage,SC2002269NCR,QA,/data/apps/nbx/Dim/config/SrcCruise_TgtVoyage,spark.pond.database,shipdw,
SrcCruise,TgtVoyage,SC2002269NCR,QA,/data/apps/nbx/Dim/config/SrcCruise_TgtVoyage,spark.pond.table,hvtb_mart_dim_voyage,
SrcCruise,TgtVoyage,SC2002269NCR,QA,/data/apps/nbx/Dim/config/SrcCruise_TgtVoyage,spark.postgresql.schema,Hive_schema_stg,
SrcCruise,TgtVoyage,SC2002269NCR,QA,/data/apps/nbx/Dim/config/SrcCruise_TgtVoyage,spark.target.table,voyage_dim,
SrcCruise,TgtVoyage,SC2002269NCR,QA,/data/apps/nbx/Dim/config/SrcCruise_TgtVoyage,spark.pond.Columns,"pond_voyage_id,pond_voyage_number,pond_voyage_guid,pond_voyage_description,pond_voyage_start_date,pond_voyage_end_date,pond_voyage_length,pond_voyage_status,pond_ship_guid,pond_ship_code,pond_ship_name,pond_isSeaDay,pond_actual_capacity_days,pond_booked_capacity_days,pond_actual_sailor_days,pond_built_capacity_days,pond_sailed_cabin_occupancy_pct,active_status",
SrcCruise,TgtVoyage,SC2002269NCR,QA,/data/apps/nbx/Dim/config/SrcCruise_TgtVoyage,spark.source.primaryKeyColumns,voyage_number,
SrcCruise,TgtVoyage,SC2002269NCR,QA,/data/apps/nbx/Dim/config/SrcCruise_TgtVoyage,spark.pond.primaryKeyColumns,,
SrcCruise,TgtVoyage,SC2002269NCR,QA,/data/apps/nbx/Dim/config/SrcCruise_TgtVoyage,spark.scdtype,type1,
SrcCruise,TgtVoyage,SC2002269NCR,QA,/data/apps/nbx/Dim/config/SrcCruise_TgtVoyage,spark.frameworkEnv,ship,
SrcCruise,TgtVoyage,SC2002269NCR,QA,/data/apps/nbx/Dim/config/SrcCruise_TgtVoyage,spark.target.final_collist,"voyage_skey,final_view.voyage_id as voyage_id,final_view.voyage_number as  voyage_number,final_view.voyage_guid as voyage_guid,final_view.voyage_description as voyage_description,Cast(final_view.voyage_start_date as timestamp) as voyage_start_date,Cast(final_view.voyage_end_date as timestamp) as voyage_end_date,Cast(final_view.voyage_length as int) as voyage_length,final_view.voyage_status as voyage_status,final_view.ship_guid as ship_guid,final_view.ship_code as ship_code,final_view.ship_name as ship_name,Cast(final_view.isSeaDay as int) as isseaday,Cast(final_view.actual_capacity_days as int) as actual_capacity_days,Cast(final_view.booked_capacity_days as int) as booked_capacity_days,Cast(final_view.actual_sailor_days as int) as actual_sailor_days,Cast(final_view.built_capacity_days as int) as built_capacity_days,Cast(final_view.sailed_cabin_occupancy_pct as int) as sailed_cabin_occupancy_pct,final_view.active_status as active_status,load_dt,upd_dt,primaryhash,md5_hash",
SrcCruise,TgtVoyage,SC2002269NCR,QA,/data/apps/nbx/Dim/config/SrcCruise_TgtVoyage,spark.target.temp,/data/apps/nbx/temp/hvtb_mart_dim_voyage,
SrcCruise,TgtVoyage,SC2002269NCR,QA,/data/apps/nbx/Dim/config/SrcCruise_TgtVoyage,spark.target.location,/data/apps/nbx/mart/hvtb_mart_dim_voyage,
SrcCruise,TgtVoyage,SC2002269NCR,QA,/data/apps/nbx/Dim/config/SrcCruise_TgtVoyage,spark.postgresql.schema,Hive_schema_stg,
SrcCruise,TgtVoyage,SC2002269NCR,QA,/data/apps/nbx/Dim/config/SrcCruise_TgtVoyage,spark.postgresql.tablename,voyage_dim,
SrcCruise,TgtVoyage,SC2002269NCR,QA,/data/apps/nbx/Dim/config/SrcCruise_TgtVoyage,spark.scdtype,type1,
SrcCruise,TgtVoyage,SC2002269NCR,QA,/data/apps/nbx/Dim/config/SrcCruise_TgtVoyage,spark.tableType,DIMENSION,
SrcCruise,TgtVoyage,SC2002269NCR,QA,/data/apps/nbx/Dim/config/SrcCruise_TgtVoyage,spark.frameworkEnv,ship,
SrcSales,TgtSaleDetail,SC2002269NCR,QA,/data/apps/nbx/Dim/config/SrcSales_TgtSaleDetail,spark.datasource.hive.warehouse.load.staging.dir,/tmp,
SrcSales,TgtSaleDetail,SC2002269NCR,QA,/data/apps/nbx/Dim/config/SrcSales_TgtSaleDetail,spark.datasource.hive.warehouse.metastoreUri,thrift://q-lab-hdp-ada3.virginvoyages.qa.dev:9083,
SrcSales,TgtSaleDetail,SC2002269NCR,QA,/data/apps/nbx/Dim/config/SrcSales_TgtSaleDetail,spark.hadoop.hive.llap.daemon.service.hosts,@llap0,
SrcSales,TgtSaleDetail,SC2002269NCR,QA,/data/apps/nbx/Dim/config/SrcSales_TgtSaleDetail,spark.hadoop.hive.zookeeper.quorum,"q-lab-hdp-ada3.virginvoyages.qa.dev:2181,q-lab-hdp-ada2.virginvoyages.qa.dev:2181,q-lab-hdp-ada1.virginvoyages.qa.dev:2181",
SrcSales,TgtSaleDetail,SC2002269NCR,QA,/data/apps/nbx/Dim/config/SrcSales_TgtSaleDetail,spark.sql.hive.hiveserver2.jdbc.url,"jdbc:hive2://q-lab-hdp-ada3.virginvoyages.qa.dev:2181,q-lab-hdp-ada2.virginvoyages.qa.dev:2181,q-lab-hdp-ada1.virginvoyages.qa.dev:2181/;serviceDiscoveryMode=zooKeeper;zooKeeperNamespace=hiveserver2",
SrcSales,TgtSaleDetail,SC2002269NCR,QA,/data/apps/nbx/Dim/config/SrcSales_TgtSaleDetail,spark.sql.hive.hiveserver2.jdbc.url.principal,hive/_HOST@VIRGINVOYAGES.QA.DEV,
SrcSales,TgtSaleDetail,SC2002269NCR,QA,/data/apps/nbx/Dim/config/SrcSales_TgtSaleDetail,spark.sql.hive.metastore.jars,/usr/hdp/current/spark2-client/standalone-metastore/*,
SrcSales,TgtSaleDetail,SC2002269NCR,QA,/data/apps/nbx/Dim/config/SrcSales_TgtSaleDetail,spark.sql.hive.metastore.version,3.0,
SrcSales,TgtSaleDetail,SC2002269NCR,QA,/data/apps/nbx/Dim/config/SrcSales_TgtSaleDetail,spark.sql.warehouse.dir,/apps/spark/warehouse,
SrcSales,TgtSaleDetail,SC2002269NCR,QA,/data/apps/nbx/Dim/config/SrcSales_TgtSaleDetail,spark.src.config.id,SrcSales,
SrcSales,TgtSaleDetail,SC2002269NCR,QA,/data/apps/nbx/Dim/config/SrcSales_TgtSaleDetail,spark.voyage.id,SC2002269NCR,
SrcSales,TgtSaleDetail,SC2002269NCR,QA,/data/apps/nbx/Dim/config/SrcSales_TgtSaleDetail,spark.tgt.env,QA,
SrcSales,TgtSaleDetail,SC2002269NCR,QA,/data/apps/nbx/Dim/config/SrcSales_TgtSaleDetail,spark.target.config.id,TgtSaleDetail,
SrcSales,TgtSaleDetail,SC2002269NCR,QA,/data/apps/nbx/Dim/config/SrcSales_TgtSaleDetail,spark.parent.id,SrcShrPosSales-TgtShrPOsSales-SC2002269NCR,
SrcSales,TgtSaleDetail,SC2002269NCR,QA,/data/apps/nbx/Dim/config/SrcSales_TgtSaleDetail,spark.target.ops.table.format,org.apache.phoenix.spark,
SrcSales,TgtSaleDetail,SC2002269NCR,QA,/data/apps/nbx/Dim/config/SrcSales_TgtSaleDetail,spark.target.ops.table.mode,overwrite,
SrcSales,TgtSaleDetail,SC2002269NCR,QA,/data/apps/nbx/Dim/config/SrcSales_TgtSaleDetail,spark.postgresql.database,qanbx,
SrcSales,TgtSaleDetail,SC2002269NCR,QA,/data/apps/nbx/Dim/config/SrcSales_TgtSaleDetail,spark.target.enablerops_table,ship.HBTB_INGESTION_METADATA,
SrcSales,TgtSaleDetail,SC2002269NCR,QA,/data/apps/nbx/Dim/config/SrcSales_TgtSaleDetail,spark.target.zkurl,q-lab-hdp-ada1.virginvoyages.qa.dev:2181/hbase-secure:nbx.service@VIRGINVOYAGES.QA.DEV:/home/nbx.service/nbx.keytab,
SrcSales,TgtSaleDetail,SC2002269NCR,QA,/data/apps/nbx/Dim/config/SrcSales_TgtSaleDetail,spark.table.type,dim,
SrcSales,TgtSaleDetail,SC2002269NCR,QA,/data/apps/nbx/Dim/config/SrcSales_TgtSaleDetail,spark.postgresql.url,jdbc:postgresql://10.2.52.87:5432/,
SrcSales,TgtSaleDetail,SC2002269NCR,QA,/data/apps/nbx/Dim/config/SrcSales_TgtSaleDetail,spark.postgresql.user,nifiusr,
SrcSales,TgtSaleDetail,SC2002269NCR,QA,/data/apps/nbx/Dim/config/SrcSales_TgtSaleDetail,spark.postgresql.password,finiQA@123,
SrcSales,TgtSaleDetail,SC2002269NCR,QA,/data/apps/nbx/Dim/config/SrcSales_TgtSaleDetail,spark.source.sql,"select voyageid,batchtime,sales_id,sales_operatornr,sale_detail_src,sales_receiptnr,sales_checkstatus from (select voyageid,batchtime,sales_id,sales_operatornr,sale_detail_src,sales_receiptnr,sales_checkstatus,rn from (select sale.voyageid as voyageid,sale.batchtime as batchtime,sale.sales_id as sales_id,cast(sale.sales_operatornr as int) as sales_operatornr, 'POS' as sale_detail_src,sale.sales_receiptnr as sales_receiptnr,sale.sales_checkstatus as sales_checkstatus,row_number() over (partition by sales_id order by sales_created desc ) as rn  from shipdw.hvtb_parse_mxp_pos_sales sale where sale.sales_outletid != 1001000000100000170 or sale.sales_outletname != 'Casino'   )a where a.rn=1)sale_detail  ",
SrcSales,TgtSaleDetail,SC2002269NCR,QA,/data/apps/nbx/Dim/config/SrcSales_TgtSaleDetail,spark.source.columns,"voyageid,sales_id,sales_operatornr,sales_receiptnr,sales_checkstatus,location,line_type,line_status,line_description",
SrcSales,TgtSaleDetail,SC2002269NCR,QA,/data/apps/nbx/Dim/config/SrcSales_TgtSaleDetail,spark.pond.allColumns,"sale_detail_skey as pond_sale_detail_skey, voyage_id as pond_voyage_id, sale_id as pond_sale_id, sale_operator_num as pond_sale_operator_num, sale_detail_src as pond_sale_detail_src,receipt_number as pond_receipt_number, check_status as pond_check_status, location as pond_location,line_type as pond_line_type, line_status as pond_line_status,line_description as pond_line_description,load_dt as pond_load_dt, upd_dt as pond_upd_dt, primaryhash as pond_primaryhash, md5_hash as pond_md5_hash",
SrcSales,TgtSaleDetail,SC2002269NCR,QA,/data/apps/nbx/Dim/config/SrcSales_TgtSaleDetail,spark.surrogate_key.column,sale_detail_skey,
SrcSales,TgtSaleDetail,SC2002269NCR,QA,/data/apps/nbx/Dim/config/SrcSales_TgtSaleDetail,spark.pond.database,shipdw,
SrcSales,TgtSaleDetail,SC2002269NCR,QA,/data/apps/nbx/Dim/config/SrcSales_TgtSaleDetail,spark.pond.table,hvtb_mart_dim_sale_detail,
SrcSales,TgtSaleDetail,SC2002269NCR,QA,/data/apps/nbx/Dim/config/SrcSales_TgtSaleDetail,spark.source.primaryKeyColumns,sales_id,
SrcSales,TgtSaleDetail,SC2002269NCR,QA,/data/apps/nbx/Dim/config/SrcSales_TgtSaleDetail,spark.target.final_collist,"sale_detail_skey,  final_view.voyageid as voyage_id,  final_view.sales_id as sale_id, final_view.sale_detail_src as sale_detail_src, cast(final_view.sales_operatornr as int) as sale_operator_num , final_view.sales_receiptnr as receipt_number,final_view.sales_checkstatus as  check_status, final_view.location as location,final_view.line_type as line_type,final_view.line_Status as line_Status,final_view.line_description as line_description,load_dt, upd_dt, primaryhash, md5_hash",
SrcSales,TgtSaleDetail,SC2002269NCR,QA,/data/apps/nbx/Dim/config/SrcSales_TgtSaleDetail,spark.target.temp,/data/apps/nbx/temp/hvtb_mart_dim_sale_detail,
SrcSales,TgtSaleDetail,SC2002269NCR,QA,/data/apps/nbx/Dim/config/SrcSales_TgtSaleDetail,spark.target.location,/data/apps/nbx/mart/hvtb_mart_dim_sale_detail,
SrcSales,TgtSaleDetail,SC2002269NCR,QA,/data/apps/nbx/Dim/config/SrcSales_TgtSaleDetail,spark.postgresql.schema,Hive_schema_stg,
SrcSales,TgtSaleDetail,SC2002269NCR,QA,/data/apps/nbx/Dim/config/SrcSales_TgtSaleDetail,spark.postgresql.tablename,sail_detail_dim,
SrcSales,TgtSaleDetail,SC2002269NCR,QA,/data/apps/nbx/Dim/config/SrcSales_TgtSaleDetail,spark.scdtype,type1,
SrcSales,TgtSaleDetail,SC2002269NCR,QA,/data/apps/nbx/Dim/config/SrcSales_TgtSaleDetail,spark.tableType,DIMENSION,
SrcSales,TgtSaleDetail,SC2002269NCR,QA,/data/apps/nbx/Dim/config/SrcSales_TgtSaleDetail,spark.frameworkEnv,ship,
SrcSales,TgtOutlet,SC2002269NCR,QA,/data/apps/nbx/Dim/config/SrcSales_TgtOutlet,spark.datasource.hive.warehouse.load.staging.dir,/tmp,
SrcSales,TgtOutlet,SC2002269NCR,QA,/data/apps/nbx/Dim/config/SrcSales_TgtOutlet,spark.datasource.hive.warehouse.metastoreUri,thrift://q-lab-hdp-ada3.virginvoyages.qa.dev:9083,
SrcSales,TgtOutlet,SC2002269NCR,QA,/data/apps/nbx/Dim/config/SrcSales_TgtOutlet,spark.hadoop.hive.llap.daemon.service.hosts,@llap0,
SrcSales,TgtOutlet,SC2002269NCR,QA,/data/apps/nbx/Dim/config/SrcSales_TgtOutlet,spark.hadoop.hive.zookeeper.quorum,"q-lab-hdp-ada3.virginvoyages.qa.dev:2181,q-lab-hdp-ada2.virginvoyages.qa.dev:2181,q-lab-hdp-ada1.virginvoyages.qa.dev:2181",
SrcSales,TgtOutlet,SC2002269NCR,QA,/data/apps/nbx/Dim/config/SrcSales_TgtOutlet,spark.sql.hive.hiveserver2.jdbc.url,"jdbc:hive2://q-lab-hdp-ada3.virginvoyages.qa.dev:2181,q-lab-hdp-ada2.virginvoyages.qa.dev:2181,q-lab-hdp-ada1.virginvoyages.qa.dev:2181/;serviceDiscoveryMode=zooKeeper;zooKeeperNamespace=hiveserver2",
SrcSales,TgtOutlet,SC2002269NCR,QA,/data/apps/nbx/Dim/config/SrcSales_TgtOutlet,spark.sql.hive.hiveserver2.jdbc.url.principal,hive/_HOST@VIRGINVOYAGES.QA.DEV,
SrcSales,TgtOutlet,SC2002269NCR,QA,/data/apps/nbx/Dim/config/SrcSales_TgtOutlet,spark.sql.hive.metastore.jars,/usr/hdp/current/spark2-client/standalone-metastore/*,
SrcSales,TgtOutlet,SC2002269NCR,QA,/data/apps/nbx/Dim/config/SrcSales_TgtOutlet,spark.sql.hive.metastore.version,3.0,
SrcSales,TgtOutlet,SC2002269NCR,QA,/data/apps/nbx/Dim/config/SrcSales_TgtOutlet,spark.sql.warehouse.dir,/apps/spark/warehouse,
SrcSales,TgtOutlet,SC2002269NCR,QA,/data/apps/nbx/Dim/config/SrcSales_TgtOutlet,spark.src.config.id,SrcSales,
SrcSales,TgtOutlet,SC2002269NCR,QA,/data/apps/nbx/Dim/config/SrcSales_TgtOutlet,spark.voyage.id,SC2002269NCR,
SrcSales,TgtOutlet,SC2002269NCR,QA,/data/apps/nbx/Dim/config/SrcSales_TgtOutlet,spark.tgt.env,QA,
SrcSales,TgtOutlet,SC2002269NCR,QA,/data/apps/nbx/Dim/config/SrcSales_TgtOutlet,spark.target.config.id,TgtOutlet,
SrcSales,TgtOutlet,SC2002269NCR,QA,/data/apps/nbx/Dim/config/SrcSales_TgtOutlet,spark.parent.id,SrcMXPPosSales-TgtMXPPosSales-SC2002269NCR,
SrcSales,TgtOutlet,SC2002269NCR,QA,/data/apps/nbx/Dim/config/SrcSales_TgtOutlet,spark.target.ops.table.format,org.apache.phoenix.spark,
SrcSales,TgtOutlet,SC2002269NCR,QA,/data/apps/nbx/Dim/config/SrcSales_TgtOutlet,spark.target.ops.table.mode,overwrite,
SrcSales,TgtOutlet,SC2002269NCR,QA,/data/apps/nbx/Dim/config/SrcSales_TgtOutlet,spark.postgresql.database,qanbx,
SrcSales,TgtOutlet,SC2002269NCR,QA,/data/apps/nbx/Dim/config/SrcSales_TgtOutlet,spark.target.enablerops_table,ship.HBTB_INGESTION_METADATA,
SrcSales,TgtOutlet,SC2002269NCR,QA,/data/apps/nbx/Dim/config/SrcSales_TgtOutlet,spark.target.zkurl,q-lab-hdp-ada1.virginvoyages.qa.dev:2181/hbase-secure:nbx.service@VIRGINVOYAGES.QA.DEV:/home/nbx.service/nbx.keytab,
SrcSales,TgtOutlet,SC2002269NCR,QA,/data/apps/nbx/Dim/config/SrcSales_TgtOutlet,spark.table.type,dim,
SrcSales,TgtOutlet,SC2002269NCR,QA,/data/apps/nbx/Dim/config/SrcSales_TgtOutlet,spark.postgresql.url,jdbc:postgresql://10.2.52.87:5432/,
SrcSales,TgtOutlet,SC2002269NCR,QA,/data/apps/nbx/Dim/config/SrcSales_TgtOutlet,spark.postgresql.user,nifiusr,
SrcSales,TgtOutlet,SC2002269NCR,QA,/data/apps/nbx/Dim/config/SrcSales_TgtOutlet,spark.postgresql.password,finiQA@123,
SrcSales,TgtOutlet,SC2002269NCR,QA,/data/apps/nbx/Dim/config/SrcSales_TgtOutlet,spark.source.sql,"select Sales_OutletId,Sales_OutletName,VoyageID,batchtime,part_date from shipdw.hvtb_parse_mxp_pos_sales",
SrcSales,TgtOutlet,SC2002269NCR,QA,/data/apps/nbx/Dim/config/SrcSales_TgtOutlet,spark.source.columns,"Sales_OutletId,Sales_OutletName,VoyageID",
SrcSales,TgtOutlet,SC2002269NCR,QA,/data/apps/nbx/Dim/config/SrcSales_TgtOutlet,spark.pond.allColumns,"outlet_id as pond_outlet_id,Outlet_Name as pond_Outlet_Name,VoyageID as pond_VoyageID,outlet_skey as pond_outlet_skey,load_dt as pond_load_dt,upd_dt as pond_upd_dt,primaryhash as pond_primaryhash,md5_hash as pond_md5_hash",
SrcSales,TgtOutlet,SC2002269NCR,QA,/data/apps/nbx/Dim/config/SrcSales_TgtOutlet,spark.surrogate_key.column,outlet_skey,
SrcSales,TgtOutlet,SC2002269NCR,QA,/data/apps/nbx/Dim/config/SrcSales_TgtOutlet,spark.pond.database,shipdw,
SrcSales,TgtOutlet,SC2002269NCR,QA,/data/apps/nbx/Dim/config/SrcSales_TgtOutlet,spark.pond.table,hvtb_mart_dim_outlet,
SrcSales,TgtOutlet,SC2002269NCR,QA,/data/apps/nbx/Dim/config/SrcSales_TgtOutlet,spark.source.primaryKeyColumns,Sales_OutletId,
SrcSales,TgtOutlet,SC2002269NCR,QA,/data/apps/nbx/Dim/config/SrcSales_TgtOutlet,spark.target.final_collist,"final_view.outlet_skey as outlet_skey,final_view.Sales_OutletId as outlet_id,final_view.Sales_OutletName as Outlet_Name,final_view.VoyageID as VoyageID,final_view.load_dt as load_dt,final_view.upd_dt as upd_dt,primaryhash,md5_hash",
SrcSales,TgtOutlet,SC2002269NCR,QA,/data/apps/nbx/Dim/config/SrcSales_TgtOutlet,spark.target.temp,/data/apps/nbx/temp/hvtb_mart_dim_outlet,
SrcSales,TgtOutlet,SC2002269NCR,QA,/data/apps/nbx/Dim/config/SrcSales_TgtOutlet,spark.target.location,/data/apps/nbx/mart/hvtb_mart_dim_outlet,
SrcSales,TgtOutlet,SC2002269NCR,QA,/data/apps/nbx/Dim/config/SrcSales_TgtOutlet,spark.postgresql.schema,Hive_schema_stg,
SrcSales,TgtOutlet,SC2002269NCR,QA,/data/apps/nbx/Dim/config/SrcSales_TgtOutlet,spark.postgresql.tablename,outlet_dim,
SrcSales,TgtOutlet,SC2002269NCR,QA,/data/apps/nbx/Dim/config/SrcSales_TgtOutlet,spark.scdtype,type1,
SrcSales,TgtOutlet,SC2002269NCR,QA,/data/apps/nbx/Dim/config/SrcSales_TgtOutlet,spark.tableType,DIMENSION,
SrcSales,TgtOutlet,SC2002269NCR,QA,/data/apps/nbx/Dim/config/SrcSales_TgtOutlet,spark.frameworkEnv,ship,
SrcSales,TgtRevenue,SC2002269NCR,QA,/data/apps/nbx/Fact/config/SrcSales_TgtRevenue,spark.datasource.hive.warehouse.load.staging.dir,/tmp,
SrcSales,TgtRevenue,SC2002269NCR,QA,/data/apps/nbx/Fact/config/SrcSales_TgtRevenue,spark.datasource.hive.warehouse.metastoreUri,thrift://q-lab-hdp-ada3.virginvoyages.qa.dev:9083,
SrcSales,TgtRevenue,SC2002269NCR,QA,/data/apps/nbx/Fact/config/SrcSales_TgtRevenue,spark.hadoop.hive.llap.daemon.service.hosts,@llap0,
SrcSales,TgtRevenue,SC2002269NCR,QA,/data/apps/nbx/Fact/config/SrcSales_TgtRevenue,spark.hadoop.hive.zookeeper.quorum,"q-lab-hdp-ada3.virginvoyages.qa.dev:2181,q-lab-hdp-ada2.virginvoyages.qa.dev:2181,q-lab-hdp-ada1.virginvoyages.qa.dev:2181",
SrcSales,TgtRevenue,SC2002269NCR,QA,/data/apps/nbx/Fact/config/SrcSales_TgtRevenue,spark.sql.hive.hiveserver2.jdbc.url,"jdbc:hive2://q-lab-hdp-ada3.virginvoyages.qa.dev:2181,q-lab-hdp-ada2.virginvoyages.qa.dev:2181,q-lab-hdp-ada1.virginvoyages.qa.dev:2181/;serviceDiscoveryMode=zooKeeper;zooKeeperNamespace=hiveserver2",
SrcSales,TgtRevenue,SC2002269NCR,QA,/data/apps/nbx/Fact/config/SrcSales_TgtRevenue,spark.sql.hive.hiveserver2.jdbc.url.principal,hive/_HOST@VIRGINVOYAGES.QA.DEV,
SrcSales,TgtRevenue,SC2002269NCR,QA,/data/apps/nbx/Fact/config/SrcSales_TgtRevenue,spark.sql.hive.metastore.jars,/usr/hdp/current/spark2-client/standalone-metastore/*,
SrcSales,TgtRevenue,SC2002269NCR,QA,/data/apps/nbx/Fact/config/SrcSales_TgtRevenue,spark.sql.hive.metastore.version,3.0,
SrcSales,TgtRevenue,SC2002269NCR,QA,/data/apps/nbx/Fact/config/SrcSales_TgtRevenue,spark.sql.warehouse.dir,/apps/spark/warehouse,
SrcSales,TgtRevenue,SC2002269NCR,QA,/data/apps/nbx/Fact/config/SrcSales_TgtRevenue,spark.src.config.id,SrcSales,
SrcSales,TgtRevenue,SC2002269NCR,QA,/data/apps/nbx/Fact/config/SrcSales_TgtRevenue,spark.voyage.id,SC2002269NCR,
SrcSales,TgtRevenue,SC2002269NCR,QA,/data/apps/nbx/Fact/config/SrcSales_TgtRevenue,spark.tgt.env,QA,
SrcSales,TgtRevenue,SC2002269NCR,QA,/data/apps/nbx/Fact/config/SrcSales_TgtRevenue,spark.target.config.id,TgtRevenue,
SrcSales,TgtRevenue,SC2002269NCR,QA,/data/apps/nbx/Fact/config/SrcSales_TgtRevenue,spark.parent.id,,
SrcSales,TgtRevenue,SC2002269NCR,QA,/data/apps/nbx/Fact/config/SrcSales_TgtRevenue,spark.target.ops.table.format,org.apache.phoenix.spark,
SrcSales,TgtRevenue,SC2002269NCR,QA,/data/apps/nbx/Fact/config/SrcSales_TgtRevenue,spark.target.ops.table.mode,overwrite,
SrcSales,TgtRevenue,SC2002269NCR,QA,/data/apps/nbx/Fact/config/SrcSales_TgtRevenue,spark.postgresql.database,qanbx,
SrcSales,TgtRevenue,SC2002269NCR,QA,/data/apps/nbx/Fact/config/SrcSales_TgtRevenue,spark.target.enablerops_table,ship.HBTB_INGESTION_METADATA,
SrcSales,TgtRevenue,SC2002269NCR,QA,/data/apps/nbx/Fact/config/SrcSales_TgtRevenue,spark.target.zkurl,q-lab-hdp-ada1.virginvoyages.qa.dev:2181/hbase-secure:nbx.service@VIRGINVOYAGES.QA.DEV:/home/nbx.service/nbx.keytab,
SrcSales,TgtRevenue,SC2002269NCR,QA,/data/apps/nbx/Fact/config/SrcSales_TgtRevenue,spark.table.type,fact,
SrcSales,TgtRevenue,SC2002269NCR,QA,/data/apps/nbx/Fact/config/SrcSales_TgtRevenue,spark.postgresql.url,jdbc:postgresql://10.2.52.87:5432/,
SrcSales,TgtRevenue,SC2002269NCR,QA,/data/apps/nbx/Fact/config/SrcSales_TgtRevenue,spark.postgresql.user,nifiusr,
SrcSales,TgtRevenue,SC2002269NCR,QA,/data/apps/nbx/Fact/config/SrcSales_TgtRevenue,spark.postgresql.password,finiQA@123,
SrcSales,TgtRevenue,SC2002269NCR,QA,/data/apps/nbx/Fact/config/SrcSales_TgtRevenue,spark.source.sql,"Select part_date,batchtime, pos_include_flg, sales_checkstatus,cast(sale_time as date),sale_id,'N/A' as booking_reference_number,-1 as device_skey,wearable_skey,charge_skey,0 as time_on_device_seconds,0 as avg_wager_amount,0 as casino_game_dph,0 as theoritical_winnings,'POS' as source_type,revenue_type,sales.voyage_id ,dated.date_id as sale_date_skey,timed.time_skey as sale_time_skey,  sale_detail_skey  ,  item_skey as pos_item_skey  ,  '-1' as folio_item_skey  , person_skey  ,  itinerary_skey  ,  outlet_skey  ,  '-1'activity_skey  , saleqty as sale_quantity  ,  unitprice as item_list_price_amount  ,  0.0 as debit_amount ,   0.0 as credit_amount ,  checkdetailtaxamount as tax_amount  ,  discount_amount  ,  discount_value  ,  cost_of_goods  ,      manual_adjustment_amount  ,      total_collected_sales_amount ,     NVL(total_collected_sales_amount/(guest_count*voyage_length),0) as total_collected_sales_ap   ,       total_collected_sales_amount - NVL(cost_of_goods,0) as total_shared_revenue_amount , NVL((total_collected_sales_amount - cost_of_goods)/(guest_count*voyage_length),0)  as total_shared_revenue_ap ,sale_date from      (select * ,         NVL((unitprice*saleqty)-checkdetailtaxamount-discount_amount ,0)as total_collected_sales_amount  ,CASE when (UPPER(person_type)=='COMPANY ACCOUNT') THEN NVL(((unitprice*saleqty)-checkdetailtaxamount-discount_amount),0) ELSE 0  end as manual_adjustment_amount,sales_trans.cruise_number_sales as cruise_no from     (   select batchtime,part_date,outlet_name,pos_include_flg,sales_checkstatus,voyage_dim.voyage_number as cruise_number_sales,person.person_type, CASE   WHEN (UPPER(revenue_type)=='BEVERAGES') THEN    NVL(apollo_pos_change.costofgoods,0)    +NVL(sestra.cost,0        )  WHEN (UPPER(revenue_type)=='RETAIL') THEN NVL(cog.price,0)ELSE   0   END AS cost_of_goods,revenue_rel.revenue_type,revenue_rel.category_value,NVL(itinerary_skey,-1) as itinerary_skey,sale_detail_skey,nvl(item_skey,-1)as item_skey ,person_skey,wearable_skey,charge_skey,nvl(outlet_skey,-1) as outlet_skey , sale.voyageid as voyage_id,sale.sales_id as sale_id,checkd.checkdetailsplunr as plunr, sale.sales_chargeid as charge_id,Cast(split(sales_date,'T')[0] as date)as sale_date,from_unixtime(UNIX_TIMESTAMP(Cast(concat(split(sales_time,'T')[0],' ',split(sales_time,'T')[1])as timestamp)), 'YYYY-MM-dd HH:mm:ss')as sale_time ,  sale.sales_outletid as outlet_id,     NVL(checkd.checkdetailsalesqty,0)     as saleqty  ,    NVL(checkd.checkdetailunitprice,0)   as unitprice,    NVL(checkd.checkdetailtaxamount,0)   as checkdetailtaxamount,  NVL(checkd.discount_amount,0) as discount_amount,  NVL(checkd.discount_value,0)  as discount_value,  NVL(cog.price,0)   as price        from      (select * from      (select  checkdetailsguid,price, ROW_NUMBER() OVER (Partition by checkdetailsguid ORDER by datediff(valid_to,valid_from     ) asc) as rn  from     ( select NVL(Cast(split(validfrom     ,'T')[0] as date),'1999-01-01') as valid_from      ,NVL(Cast(split(validto,'T')[0] as date),'2099-12-31') as valid_to,checkdetailsguid,price from      shipdw.hvtb_parse_mxp_ship_pos_sales_costofgood       )a where CURRENT_DATE BETWEEN a.valid_from      AND a.valid_to)b where b.rn=1) cog left join (select batchtime,part_date,discount_value, discount_amount,checkdetailtaxamount,checkdetailunitprice,checkdetailsalesqty,checkdetailsplunr, checkdetailsguid,sales_guid from      shipdw.hvtb_parse_mxp_ship_pos_sales_checkdetails group by batchtime,part_date,discount_value, discount_amount,checkdetailtaxamount,checkdetailunitprice,checkdetailsalesqty,checkdetailsplunr, checkdetailsguid,sales_guid  ) checkd on(cog.checkdetailsguid==checkd.checkdetailsguid) left join ((select * from     (select sales_checkstatus,voyageid,sales_chargeid,sales_shipcode, sales_time,sales_date,sales_id,sales_guid, sales_outletid ,row_number() over( partition by sales_id,sales_guid, sales_outletid ,sales_shipcode order by sales_date desc,sales_time desc)  as rn from              shipdw.hvtb_parse_mxp_pos_sales where ((sales_checkstatus='V' and sales_voidedparent is not null) or (sales_checkstatus='C'))           )sales_check where sales_check.rn=1      ) ) sale on(checkd.sales_guid==sale.sales_guid)  left join shipdw.hvtb_mart_dim_voyage voyage_dim on (sale.sales_shipcode == voyage_dim.ship_code and Cast(split(sales_date,'T')[0] as date) between voyage_dim.voyage_start_date and voyage_dim.voyage_end_date) left join (   select * from      (select voyage_number,itinerary_day_date,itinerary_skey ,row_number() over(partition by voyage_number,itinerary_day_date order by  itinerary_day_date desc ) as rn from      shipdw.hvtb_mart_dim_itinerary )iti where iti.rn=1  ) dim_itinerary    on(voyage_dim.voyage_number==dim_itinerary.voyage_number and Cast(split(sales_date,'T')[0] as date)==date(dim_itinerary.itinerary_day_date))        left join shipdw.hvtb_mart_dim_sale_detail as sale_detail on(sale_detail_src='POS' and sale.sales_id==sale_detail.sale_id )     left join shipdw.hvtb_mart_dim_pos_item as item on(checkd.checkdetailsplunr==item.item_plu_number)  left join shipdw.hvtb_mart_lkp_revenue_category_rel as revenue_rel  on( (item.item_plu_category_name==revenue_rel.category_value))          left join           (  select person_type,person_charge_id,booking_cruise_number, person_skey,wearable_skey, charge_skey from(select dim_person.person_type,person_charge_id,booking_cruise_number, dim_person.person_skey,wearable_skey, charge_skey, row_number() over(partition by dim_person.person_charge_id order by dim_person.load_dt desc) as p_rn from      shipdw.hvtb_mart_dim_person dim_person  left join   shipdw.hvtb_mart_dim_wearable wearable_dim        on(dim_person.guest_wearable_id == wearable_dim.wearable_id)        left join shipdw.hvtb_mart_dim_charge charge_dim on         (dim_person.person_charge_id == charge_dim.charge_id)   where person_charge_id is not null and  charge_dim.charge_id is not null )person_charge     where person_charge.p_rn =1)        as  person on(sale.sales_chargeid ==person.person_charge_id  )      left join  shipdw.hvtb_mart_dim_outlet as outlet on(sale.sales_outletid==outlet.outlet_id)                          left join ( select * from (select plunr,costofgoods,row_number() over(partition by plunr order by  batchtime desc) as rn from shipdw.hvtb_parse_apollo_poschange)apollo_dedup where apollo_dedup.rn=1) as apollo_pos_change on((checkd.checkdetailsplunr==apollo_pos_change.plunr)  )       left join shipdw.hvtb_mart_lkp_sestra_cogs as sestra on(cast(checkd.checkdetailsplunr as bigint)==sestra.plunbr)    where   trim(outlet.outlet_name)!='Casino'  )sales_trans   *whereclause*    )sales left join shipdw.hvtb_mart_dim_date dated on(dated.`date`==sales.sale_date) left join shipdw.hvtb_nbx_core_time_dim timed on(timed.seconds_of_day==hour(sale_time)*60*60+minute(sale_time)*60+second(sale_time) ) left join (select count(*) as guest_count, voyage_number ,abs(voyage_length) as voyage_length  from      shipdw.hvtb_mart_dim_voyage voyage inner join shipdw.hvtb_mart_dim_person person on (voyage.voyage_number==person.booking_cruise_number) where person_type='Guest'  group by voyage_number,abs(voyage_length))guest_count on(guest_count.voyage_number==sales.cruise_no)",
SrcSales,TgtRevenue,SC2002269NCR,QA,/data/apps/nbx/Fact/config/SrcSales_TgtRevenue,spark.source.columns,"source_type, voyage_id, sale_detail_skey, pos_item_skey, folio_item_skey, person_skey,voyage_skey,ship_code, itinerary_skey, outlet_skey, activity_skey, sale_date_skey, sale_time_skey, device_skey, venue_skey, charge_skey, wearable_skey, time_on_device_seconds, avg_wager_amount, casino_game_dph, theoritical_winnings, booking_reference_number, sale_quantity, item_list_price_amount, debit_amount, credit_amount, tax_amount, discount_amount, discount_value, cost_of_goods, manual_adjustment_amount, total_collected_sales_amount, total_collected_sales_ap, total_shared_revenue_amount, total_shared_revenue_ap, load_dt as load_dt, upd_dt as upd_dt, part_dt as part_dt",
SrcSales,TgtRevenue,SC2002269NCR,QA,/data/apps/nbx/Fact/config/SrcSales_TgtRevenue,spark.pond.allColumns,"pond_source_type, pond_voyage_id, pond_sale_detail_skey, pond_pos_item_skey, pond_folio_item_skey, pond_person_skey, pond_voyage_skey,pond_ship_code,pond_itinerary_skey, pond_outlet_skey, pond_activity_skey, pond_sale_date_skey, pond_sale_time_skey, pond_device_skey, pond_venue_skey,  pond_charge_skey,  pond_wearable_skey, pond_time_on_device_seconds, pond_avg_wager_amount, pond_casino_game_dph, pond_theoritical_winnings, pond_booking_reference_number, pond_sale_quantity, pond_item_list_price_amount, pond_debit_amount, pond_credit_amount, pond_tax_amount, pond_discount_amount, pond_discount_value, pond_cost_of_goods, pond_manual_adjustment_amount, pond_total_collected_sales_amount, pond_total_collected_sales_ap, pond_total_shared_revenue_amount, pond_total_shared_revenue_ap, load_dt as pond_load_dt, upd_dt as pond_upd_dt, part_dt as pond_part_dt",
SrcSales,TgtRevenue,SC2002269NCR,QA,/data/apps/nbx/Fact/config/SrcSales_TgtRevenue,spark.pond.database,shipdw,
SrcSales,TgtRevenue,SC2002269NCR,QA,/data/apps/nbx/Fact/config/SrcSales_TgtRevenue,spark.pond.table,hvtb_mart_fact_revenue,
SrcSales,TgtRevenue,SC2002269NCR,QA,/data/apps/nbx/Fact/config/SrcSales_TgtRevenue,spark.postgresql.schema,Hive_schema_stg,
SrcSales,TgtRevenue,SC2002269NCR,QA,/data/apps/nbx/Fact/config/SrcSales_TgtRevenue,spark.target.final_collist,"voyage_id, NVL(sale_detail_skey, -1)  as sale_detail_skey, NVL(pos_item_skey, -1)as pos_item_skey, NVL(folio_item_skey, -1)as folio_item_skey, NVL(person_skey, -1)as person_skey,ship_code,NVL(voyage_skey,-1) as voyage_skey, NVL(itinerary_skey, -1)as itinerary_skey, NVL(outlet_skey, -1) as outlet_skey, NVL(activity_skey, -1) as activity_skey, NVL(cast(sale_date_skey as bigint), -1) as sale_date_skey, NVL(cast(sale_time_skey as bigint), -1) as sale_time_skey, NVL(device_skey,-1) as device_skey, -1 as venue_skey, NVL(charge_skey,-1) as charge_skey,NVL(wearable_skey,-1) as wearable_skey, time_on_device_seconds, avg_wager_amount, casino_game_dph, theoritical_winnings, booking_reference_number, cast(sale_quantity as int) as sale_quantity, cast(item_list_price_amount as decimal(16,2)) as item_list_price_amount, cast(debit_amount as decimal(16,2)) as debit_amount, cast(credit_amount as decimal(16,2)) as credit_amount, cast(tax_amount as decimal(16,2)) as tax_amount, cast(discount_amount as decimal(16,2)) as discount_amount, cast(discount_value as decimal(16,2)) as discount_value,  cast(cost_of_goods as decimal(16,2)) as cost_of_goods, cast(manual_adjustment_amount as decimal(16,2)) as manual_adjustment_amount, cast(total_collected_sales_amount as decimal(16,2)) as total_collected_sales_amount, cast(total_collected_sales_ap as decimal(16,2)) as total_collected_sales_ap, total_shared_revenue_amount, total_shared_revenue_ap, source_type, load_dt, upd_dt, part_dt",
SrcSales,TgtRevenue,SC2002269NCR,QA,/data/apps/nbx/Fact/config/SrcSales_TgtRevenue,spark.target.temp,/data/apps/nbx/temp/hvtb_mart_fact_revenue,
SrcSales,TgtRevenue,SC2002269NCR,QA,/data/apps/nbx/Fact/config/SrcSales_TgtRevenue,spark.target.location,/data/apps/nbx/mart/hvtb_mart_fact_revenue,
SrcSales,TgtRevenue,SC2002269NCR,QA,/data/apps/nbx/Fact/config/SrcSales_TgtRevenue,spark.postgresql.schema,Hive_schema_stg,
SrcSales,TgtRevenue,SC2002269NCR,QA,/data/apps/nbx/Fact/config/SrcSales_TgtRevenue,spark.postgresql.tablename,ship_revenue_fact,
SrcSales,TgtRevenue,SC2002269NCR,QA,/data/apps/nbx/Fact/config/SrcSales_TgtRevenue,spark.scdtype,type1,
SrcSales,TgtRevenue,SC2002269NCR,QA,/data/apps/nbx/Fact/config/SrcSales_TgtRevenue,spark.tableType,FACT,
SrcSales,TgtRevenue,SC2002269NCR,QA,/data/apps/nbx/Fact/config/SrcSales_TgtRevenue,spark.frameworkEnv,ship,
SrcVenue,TgtVenue,SC2002269NCR,QA,/data/apps/nbx/Dim/config/SrcVenue_TgtVenue,spark.datasource.hive.warehouse.load.staging.dir,/tmp,
SrcVenue,TgtVenue,SC2002269NCR,QA,/data/apps/nbx/Dim/config/SrcVenue_TgtVenue,spark.datasource.hive.warehouse.metastoreUri,thrift://q-lab-hdp-ada3.virginvoyages.qa.dev:9083,
SrcVenue,TgtVenue,SC2002269NCR,QA,/data/apps/nbx/Dim/config/SrcVenue_TgtVenue,spark.hadoop.hive.llap.daemon.service.hosts,@llap0,
SrcVenue,TgtVenue,SC2002269NCR,QA,/data/apps/nbx/Dim/config/SrcVenue_TgtVenue,spark.hadoop.hive.zookeeper.quorum,"q-lab-hdp-ada3.virginvoyages.qa.dev:2181,q-lab-hdp-ada2.virginvoyages.qa.dev:2181,q-lab-hdp-ada1.virginvoyages.qa.dev:2181",
SrcVenue,TgtVenue,SC2002269NCR,QA,/data/apps/nbx/Dim/config/SrcVenue_TgtVenue,spark.sql.hive.hiveserver2.jdbc.url,"jdbc:hive2://q-lab-hdp-ada3.virginvoyages.qa.dev:2181,q-lab-hdp-ada2.virginvoyages.qa.dev:2181,q-lab-hdp-ada1.virginvoyages.qa.dev:2181/;serviceDiscoveryMode=zooKeeper;zooKeeperNamespace=hiveserver2",
SrcVenue,TgtVenue,SC2002269NCR,QA,/data/apps/nbx/Dim/config/SrcVenue_TgtVenue,spark.sql.hive.hiveserver2.jdbc.url.principal,hive/_HOST@VIRGINVOYAGES.QA.DEV,
SrcVenue,TgtVenue,SC2002269NCR,QA,/data/apps/nbx/Dim/config/SrcVenue_TgtVenue,spark.sql.hive.metastore.jars,/usr/hdp/current/spark2-client/standalone-metastore/*,
SrcVenue,TgtVenue,SC2002269NCR,QA,/data/apps/nbx/Dim/config/SrcVenue_TgtVenue,spark.sql.hive.metastore.version,3.0,
SrcVenue,TgtVenue,SC2002269NCR,QA,/data/apps/nbx/Dim/config/SrcVenue_TgtVenue,spark.sql.warehouse.dir,/apps/spark/warehouse,
SrcVenue,TgtVenue,SC2002269NCR,QA,/data/apps/nbx/Dim/config/SrcVenue_TgtVenue,spark.src.config.id,SrcVenue,
SrcVenue,TgtVenue,SC2002269NCR,QA,/data/apps/nbx/Dim/config/SrcVenue_TgtVenue,spark.voyage.id,SC2002269NCR,
SrcVenue,TgtVenue,SC2002269NCR,QA,/data/apps/nbx/Dim/config/SrcVenue_TgtVenue,spark.tgt.env,QA,
SrcVenue,TgtVenue,SC2002269NCR,QA,/data/apps/nbx/Dim/config/SrcVenue_TgtVenue,spark.target.config.id,TgtVenue,
SrcVenue,TgtVenue,SC2002269NCR,QA,/data/apps/nbx/Dim/config/SrcVenue_TgtVenue,spark.parent.id,SrcGoVenue-TgtGoVenue-SC2002269NCR,
SrcVenue,TgtVenue,SC2002269NCR,QA,/data/apps/nbx/Dim/config/SrcVenue_TgtVenue,spark.target.ops.table.format,org.apache.phoenix.spark,
SrcVenue,TgtVenue,SC2002269NCR,QA,/data/apps/nbx/Dim/config/SrcVenue_TgtVenue,spark.target.ops.table.mode,overwrite,
SrcVenue,TgtVenue,SC2002269NCR,QA,/data/apps/nbx/Dim/config/SrcVenue_TgtVenue,spark.postgresql.database,qanbx,
SrcVenue,TgtVenue,SC2002269NCR,QA,/data/apps/nbx/Dim/config/SrcVenue_TgtVenue,spark.target.enablerops_table,ship.HBTB_INGESTION_METADATA,
SrcVenue,TgtVenue,SC2002269NCR,QA,/data/apps/nbx/Dim/config/SrcVenue_TgtVenue,spark.target.zkurl,q-lab-hdp-ada1.virginvoyages.qa.dev:2181/hbase-secure:nbx.service@VIRGINVOYAGES.QA.DEV:/home/nbx.service/nbx.keytab,
SrcVenue,TgtVenue,SC2002269NCR,QA,/data/apps/nbx/Dim/config/SrcVenue_TgtVenue,spark.table.type,dim,
SrcVenue,TgtVenue,SC2002269NCR,QA,/data/apps/nbx/Dim/config/SrcVenue_TgtVenue,spark.postgresql.url,jdbc:postgresql://10.2.52.87:5432/,
SrcVenue,TgtVenue,SC2002269NCR,QA,/data/apps/nbx/Dim/config/SrcVenue_TgtVenue,spark.postgresql.user,nifiusr,
SrcVenue,TgtVenue,SC2002269NCR,QA,/data/apps/nbx/Dim/config/SrcVenue_TgtVenue,spark.postgresql.password,finiQA@123,
SrcVenue,TgtVenue,SC2002269NCR,QA,/data/apps/nbx/Dim/config/SrcVenue_TgtVenue,spark.source.columns,"voyage_id,venue_name,venue_id",
SrcVenue,TgtVenue,SC2002269NCR,QA,/data/apps/nbx/Dim/config/SrcVenue_TgtVenue,spark.pond.allColumns,"venue_skey as pond_venue_skey,voyage_id as pond_voyage_id,venue_id as pond_venue_id,venue_name as pond_venue_name,load_dt as pond_load_dt,upd_dt as pond_upd_dt,primaryhash as pond_primaryhash,md5_hash as pond_md5_hash",
SrcVenue,TgtVenue,SC2002269NCR,QA,/data/apps/nbx/Dim/config/SrcVenue_TgtVenue,spark.surrogate_key.column,venue_skey,
SrcVenue,TgtVenue,SC2002269NCR,QA,/data/apps/nbx/Dim/config/SrcVenue_TgtVenue,spark.pond.database,shipdw,
SrcVenue,TgtVenue,SC2002269NCR,QA,/data/apps/nbx/Dim/config/SrcVenue_TgtVenue,spark.pond.table,hvtb_mart_dim_venue,
SrcVenue,TgtVenue,SC2002269NCR,QA,/data/apps/nbx/Dim/config/SrcVenue_TgtVenue,spark.postgresql.schema,Hive_schema_stg,
SrcVenue,TgtVenue,SC2002269NCR,QA,/data/apps/nbx/Dim/config/SrcVenue_TgtVenue,spark.postgresql.table,venue_dim,
SrcVenue,TgtVenue,SC2002269NCR,QA,/data/apps/nbx/Dim/config/SrcVenue_TgtVenue,spark.source.primaryKeyColumns,venue_id,
SrcVenue,TgtVenue,SC2002269NCR,QA,/data/apps/nbx/Dim/config/SrcVenue_TgtVenue,spark.target.final_collist,"venue_skey,cast(final_view.voyage_id as string) as voyage_id,final_view.venue_id as venue_id,final_view.venue_name as venue_name,load_dt,upd_dt,primaryhash,md5_hash",
SrcVenue,TgtVenue,SC2002269NCR,QA,/data/apps/nbx/Dim/config/SrcVenue_TgtVenue,spark.target.temp,/data/apps/nbx/temp/hvtb_mart_dim_venue,
SrcVenue,TgtVenue,SC2002269NCR,QA,/data/apps/nbx/Dim/config/SrcVenue_TgtVenue,spark.target.location,/data/apps/nbx/mart/hvtb_mart_dim_venue,
SrcVenue,TgtVenue,SC2002269NCR,QA,/data/apps/nbx/Dim/config/SrcVenue_TgtVenue,spark.postgresql.schema,Hive_schema_stg,
SrcVenue,TgtVenue,SC2002269NCR,QA,/data/apps/nbx/Dim/config/SrcVenue_TgtVenue,spark.postgresql.tablename,venue_dim,
SrcVenue,TgtVenue,SC2002269NCR,QA,/data/apps/nbx/Dim/config/SrcVenue_TgtVenue,spark.scdtype,type1,
SrcVenue,TgtVenue,SC2002269NCR,QA,/data/apps/nbx/Dim/config/SrcVenue_TgtVenue,spark.tableType,DIMENSION,
SrcVenue,TgtVenue,SC2002269NCR,QA,/data/apps/nbx/Dim/config/SrcVenue_TgtVenue,spark.frameworkEnv,ship,
SrcVenue,TgtVenue,SC2002269NCR,QA,/data/apps/nbx/Dim/config/SrcVenue_TgtVenue,spark.source.sql,"select * from (Select venue_id,venue_name, voyage_id from (SELECT  pl_id as venue_id, pl_name as venue_name, voyageid  as voyage_id,ts,ROW_NUMBER() over (Partition by pl_id order by ts desc) as rn FROM shipdw.hvtb_parse_mxp_shore_gospark_venue)a where a.rn=1)venue_dim",
SrcAccSystemParse,TgtInternalPersonDim,SC2002269NCR,QA,/data/apps/nbx/Dim/config/SrcAccSystemParse_TgtInternalPersonDim,spark.datasource.hive.warehouse.load.staging.dir,/tmp,
SrcAccSystemParse,TgtInternalPersonDim,SC2002269NCR,QA,/data/apps/nbx/Dim/config/SrcAccSystemParse_TgtInternalPersonDim,spark.datasource.hive.warehouse.metastoreUri,thrift://q-lab-hdp-ada3.virginvoyages.qa.dev:9083,
SrcAccSystemParse,TgtInternalPersonDim,SC2002269NCR,QA,/data/apps/nbx/Dim/config/SrcAccSystemParse_TgtInternalPersonDim,spark.hadoop.hive.llap.daemon.service.hosts,@llap0,
SrcAccSystemParse,TgtInternalPersonDim,SC2002269NCR,QA,/data/apps/nbx/Dim/config/SrcAccSystemParse_TgtInternalPersonDim,spark.hadoop.hive.zookeeper.quorum,"q-lab-hdp-ada3.virginvoyages.qa.dev:2181,q-lab-hdp-ada2.virginvoyages.qa.dev:2181,q-lab-hdp-ada1.virginvoyages.qa.dev:2181",
SrcAccSystemParse,TgtInternalPersonDim,SC2002269NCR,QA,/data/apps/nbx/Dim/config/SrcAccSystemParse_TgtInternalPersonDim,spark.sql.hive.hiveserver2.jdbc.url,"jdbc:hive2://q-lab-hdp-ada3.virginvoyages.qa.dev:2181,q-lab-hdp-ada2.virginvoyages.qa.dev:2181,q-lab-hdp-ada1.virginvoyages.qa.dev:2181/;serviceDiscoveryMode=zooKeeper;zooKeeperNamespace=hiveserver2",
SrcAccSystemParse,TgtInternalPersonDim,SC2002269NCR,QA,/data/apps/nbx/Dim/config/SrcAccSystemParse_TgtInternalPersonDim,spark.sql.hive.hiveserver2.jdbc.url.principal,hive/_HOST@VIRGINVOYAGES.QA.DEV,
SrcAccSystemParse,TgtInternalPersonDim,SC2002269NCR,QA,/data/apps/nbx/Dim/config/SrcAccSystemParse_TgtInternalPersonDim,spark.sql.hive.metastore.jars,/usr/hdp/current/spark2-client/standalone-metastore/*,
SrcAccSystemParse,TgtInternalPersonDim,SC2002269NCR,QA,/data/apps/nbx/Dim/config/SrcAccSystemParse_TgtInternalPersonDim,spark.sql.hive.metastore.version,3.0,
SrcAccSystemParse,TgtInternalPersonDim,SC2002269NCR,QA,/data/apps/nbx/Dim/config/SrcAccSystemParse_TgtInternalPersonDim,spark.sql.warehouse.dir,/apps/spark/warehouse,
SrcAccSystemParse,TgtInternalPersonDim,SC2002269NCR,QA,/data/apps/nbx/Dim/config/SrcAccSystemParse_TgtInternalPersonDim,spark.src.config.id,SrcAccSystemParse,
SrcAccSystemParse,TgtInternalPersonDim,SC2002269NCR,QA,/data/apps/nbx/Dim/config/SrcAccSystemParse_TgtInternalPersonDim,spark.voyage.id,SC2002269NCR,
SrcAccSystemParse,TgtInternalPersonDim,SC2002269NCR,QA,/data/apps/nbx/Dim/config/SrcAccSystemParse_TgtInternalPersonDim,spark.tgt.env,QA,
SrcAccSystemParse,TgtInternalPersonDim,SC2002269NCR,QA,/data/apps/nbx/Dim/config/SrcAccSystemParse_TgtInternalPersonDim,spark.target.config.id,TgtInternalPersonDim,
SrcAccSystemParse,TgtInternalPersonDim,SC2002269NCR,QA,/data/apps/nbx/Dim/config/SrcAccSystemParse_TgtInternalPersonDim,spark.parent.id,SrcInternalAcc-TgtInternalAcc-SC2002269NCR,
SrcAccSystemParse,TgtInternalPersonDim,SC2002269NCR,QA,/data/apps/nbx/Dim/config/SrcAccSystemParse_TgtInternalPersonDim,spark.target.ops.table.format,org.apache.phoenix.spark,
SrcAccSystemParse,TgtInternalPersonDim,SC2002269NCR,QA,/data/apps/nbx/Dim/config/SrcAccSystemParse_TgtInternalPersonDim,spark.target.ops.table.mode,overwrite,
SrcAccSystemParse,TgtInternalPersonDim,SC2002269NCR,QA,/data/apps/nbx/Dim/config/SrcAccSystemParse_TgtInternalPersonDim,spark.postgresql.database,qanbx,
SrcAccSystemParse,TgtInternalPersonDim,SC2002269NCR,QA,/data/apps/nbx/Dim/config/SrcAccSystemParse_TgtInternalPersonDim,spark.target.enablerops_table,ship.HBTB_INGESTION_METADATA,
SrcAccSystemParse,TgtInternalPersonDim,SC2002269NCR,QA,/data/apps/nbx/Dim/config/SrcAccSystemParse_TgtInternalPersonDim,spark.target.zkurl,q-lab-hdp-ada1.virginvoyages.qa.dev:2181/hbase-secure:nbx.service@VIRGINVOYAGES.QA.DEV:/home/nbx.service/nbx.keytab,
SrcAccSystemParse,TgtInternalPersonDim,SC2002269NCR,QA,/data/apps/nbx/Dim/config/SrcAccSystemParse_TgtInternalPersonDim,spark.table.type,dim,
SrcAccSystemParse,TgtInternalPersonDim,SC2002269NCR,QA,/data/apps/nbx/Dim/config/SrcAccSystemParse_TgtInternalPersonDim,spark.postgresql.url,jdbc:postgresql://10.2.52.87:5432/,
SrcAccSystemParse,TgtInternalPersonDim,SC2002269NCR,QA,/data/apps/nbx/Dim/config/SrcAccSystemParse_TgtInternalPersonDim,spark.postgresql.user,nifiusr,
SrcAccSystemParse,TgtInternalPersonDim,SC2002269NCR,QA,/data/apps/nbx/Dim/config/SrcAccSystemParse_TgtInternalPersonDim,spark.postgresql.password,finiQA@123,
SrcAccSystemParse,TgtInternalPersonDim,SC2002269NCR,QA,/data/apps/nbx/Dim/config/SrcAccSystemParse_TgtInternalPersonDim,spark.source.sql,"SELECT a.person_id AS person_id, a.person_guid AS person_guid, 'ALL' AS voyage_id,a.batchtime as batchtime,a.part_date as part_date,a.chargeid AS person_charge_id, a.wearableid  AS guest_wearable_id, b.account_id AS account_number, a.type AS person_type, a.firstname  AS person_first_name, a.middlename AS person_middle_name, a.lastname AS person_last_name, to_date(from_unixtime(unix_timestamp(a.dateofbirth,'yyyy-MM-dd'),'yyyy-MM-dd')) AS  person_dob, cast(datediff(current_date(), a.dateofbirth) / 365 AS INT) as person_age, a.country AS person_nationality, c.address_country  AS address_country, c.address_type  AS address_type, NULL AS address_mailing, c.address_line1 AS address_line1, c.address_line2 AS address_line2, c.address_line3 AS address_line3, c.address_postal_code AS address_postal_code, c.address_city  AS address_city, c.address_state AS address_state, NULL AS booking_arrival_date, NULL AS booking_departure_date, 'NA' AS booking_reference, 'ALL' as booking_cruise_number,NULL AS cabin_number, NULL AS cabin_category, NULL AS cabin_type, NULL AS mega_rockstar_flag, NULL AS vip_flag, NULL AS sailor_tribe, NULL AS sailor_subtribe, NULL AS person_card_type, NULL AS person_card_status, NULL AS person_card_level, NULL AS person_card_color, NULL AS person_card_color_value FROM (select * from (select *,row_number() over ( partition by person_id order by lastchanged desc) as rn from shipdw.hvtb_parse_mxp_internal_person_detail )person_it where person_it.rn=1    ) a LEFT JOIN (select * from (select *,row_number() over( partition by person_guid order by account_lastchanged desc) as rn from shipdw.hvtb_parse_mxp_internal_account_detail )person_detail where person_detail.rn=1) b ON  a.person_guid = b.person_guid LEFT JOIN (select * from (select *,row_number() over ( partition by person_guid order by address_lastchanged desc) as rn from shipdw.hvtb_parse_mxp_internal_address_detail )address_detail where address_detail.rn=1) c ON  b.person_guid = c.person_guid",
SrcAccSystemParse,TgtInternalPersonDim,SC2002269NCR,QA,/data/apps/nbx/Dim/config/SrcAccSystemParse_TgtInternalPersonDim,spark.source.columns,"person_id,person_guid,person_charge_id,person_type,person_first_name,person_middle_name,person_last_name,person_dob,person_nationality,person_title,guest_wearable_id,booking_cruise_number,voyage_id,booking_arrival_date,booking_departure_date,booking_reference,cabin_number,cabin_category,cabin_type,person_guid_in_booking,person_guid_in_account,account_number,address_id,address_guid,address_type,address_mailing,address_line1,address_line2,address_line3,address_country,address_postal_code,person_guid_in_address,person_id,bookingguid,voyageid,batchtime,address_city,address_state,sailor_subtribe,sailor_tribe,person_age,mega_rockstar_flag,vip_flag,seaware_id,person_card_status,person_card_type,person_card_level,person_card_color,person_card_color_value",
SrcAccSystemParse,TgtInternalPersonDim,SC2002269NCR,QA,/data/apps/nbx/Dim/config/SrcAccSystemParse_TgtInternalPersonDim,spark.pond.allColumns,"person_skey as pond_person_skey,person_id as pond_person_id,person_guid as pond_person_guid,person_charge_id as pond_person_charge_id,guest_wearable_id as pond_guest_wearable_id,account_number as pond_account_number,person_type as pond_person_type,person_first_name as pond_person_first_name,person_middle_name as pond_person_middle_name,person_last_name as pond_person_last_name,person_dob as pond_person_dob,person_age as pond_person_age,person_nationality as pond_person_nationality,address_country as pond_address_country,address_type as pond_address_type,address_mailing as pond_address_mailing,address_line1 as pond_address_line1,address_line2 as pond_address_line2,address_line3 as pond_address_line3,address_postal_code as pond_address_postal_code,address_city as pond_address_city,address_state as pond_address_state,booking_arrival_date as pond_booking_arrival_date,booking_departure_date as pond_booking_departure_date,booking_reference as pond_booking_reference,booking_cruise_number as pond_booking_cruise_number,cabin_number as pond_cabin_number,cabin_category as pond_cabin_category,cabin_type as pond_cabin_type,mega_rockstar_flag as pond_mega_rockstar_flag,vip_flag as pond_vip_flag,sailor_tribe as pond_sailor_tribe,sailor_subtribe as pond_sailor_subtribe,voyage_id as pond_voyage_id,load_dt as pond_load_dt,upd_dt as pond_upd_dt,primaryhash as pond_primaryhash,md5_hash as pond_md5_hash,seaware_id as pond_seaware_id,person_card_status as pond_person_card_status,person_card_type as pond_person_card_type,person_card_level as pond_person_card_level,person_card_color as pond_person_card_color,person_card_color_value as pond_person_card_color_value",
SrcAccSystemParse,TgtInternalPersonDim,SC2002269NCR,QA,/data/apps/nbx/Dim/config/SrcAccSystemParse_TgtInternalPersonDim,spark.surrogate_key.column,person_skey,
SrcAccSystemParse,TgtInternalPersonDim,SC2002269NCR,QA,/data/apps/nbx/Dim/config/SrcAccSystemParse_TgtInternalPersonDim,spark.pond.database,shipdw,
SrcAccSystemParse,TgtInternalPersonDim,SC2002269NCR,QA,/data/apps/nbx/Dim/config/SrcAccSystemParse_TgtInternalPersonDim,spark.pond.table,hvtb_mart_dim_person,
SrcAccSystemParse,TgtInternalPersonDim,SC2002269NCR,QA,/data/apps/nbx/Dim/config/SrcAccSystemParse_TgtInternalPersonDim,spark.source.primaryKeyColumns,"person_guid,booking_reference",
SrcAccSystemParse,TgtInternalPersonDim,SC2002269NCR,QA,/data/apps/nbx/Dim/config/SrcAccSystemParse_TgtInternalPersonDim,spark.scdtype,type1,
SrcAccSystemParse,TgtInternalPersonDim,SC2002269NCR,QA,/data/apps/nbx/Dim/config/SrcAccSystemParse_TgtInternalPersonDim,spark.frameworkEnv,ship,
SrcAccSystemParse,TgtInternalPersonDim,SC2002269NCR,QA,/data/apps/nbx/Dim/config/SrcAccSystemParse_TgtInternalPersonDim,spark.tableType,DIMENSION,
SrcAccSystemParse,TgtInternalPersonDim,SC2002269NCR,QA,/data/apps/nbx/Dim/config/SrcAccSystemParse_TgtInternalPersonDim,spark.target.final_collist,"final_view.person_skey as person_skey,final_view.person_id as person_id,final_view.person_guid as person_guid,final_view.person_charge_id as person_charge_id,final_view.guest_wearable_id as guest_wearable_id,final_view.account_number as account_number,final_view.person_type as person_type,final_view.person_first_name as person_first_name,final_view.person_middle_name as person_middle_name,final_view.person_last_name as person_last_name,final_view.person_dob as person_dob,final_view.person_age as person_age,final_view.person_nationality as person_nationality,final_view.address_country as address_country,final_view.address_type as address_type,final_view.address_mailing as address_mailing,final_view.address_line1 as address_line1,final_view.address_line2 as address_line2,final_view.address_line3 as address_line3,final_view.address_postal_code as address_postal_code,final_view.address_city as address_city,final_view.address_state as address_state,final_view.booking_arrival_date as booking_arrival_date,final_view.booking_departure_date as booking_departure_date,final_view.booking_reference as booking_reference,final_view.booking_cruise_number as booking_cruise_number,final_view.cabin_number as cabin_number,final_view.cabin_category as cabin_category,final_view.cabin_type as cabin_type,final_view.mega_rockstar_flag as mega_rockstar_flag,final_view.vip_flag as vip_flag,final_view.sailor_tribe as sailor_tribe,final_view.sailor_subtribe as sailor_subtribe,final_view.voyage_id as voyage_id,final_view.load_dt as load_dt,final_view.upd_dt as upd_dt,primaryhash as primaryhash,md5_hash as md5_hash,final_view.seaware_id as seaware_id,final_view.person_card_status as person_card_status,final_view.person_card_type as person_card_type,final_view.person_card_level as person_card_level,final_view.person_card_color as person_card_color,final_view.person_card_color_value as person_card_color_value",
SrcAccSystemParse,TgtInternalPersonDim,SC2002269NCR,QA,/data/apps/nbx/Dim/config/SrcAccSystemParse_TgtInternalPersonDim,spark.target.temp,/data/apps/nbx/temp/hvtb_mart_dim_person,
SrcAccSystemParse,TgtInternalPersonDim,SC2002269NCR,QA,/data/apps/nbx/Dim/config/SrcAccSystemParse_TgtInternalPersonDim,spark.target.location,/data/apps/nbx/mart/hvtb_mart_dim_person,
SrcAccSystemParse,TgtInternalPersonDim,SC2002269NCR,QA,/data/apps/nbx/Dim/config/SrcAccSystemParse_TgtInternalPersonDim,spark.postgresql.schema,Hive_schema_stg,
SrcAccSystemParse,TgtInternalPersonDim,SC2002269NCR,QA,/data/apps/nbx/Dim/config/SrcAccSystemParse_TgtInternalPersonDim,spark.postgresql.tablename,person_dim,
SrcWearableDim,TgtWearableDim,SC1912065NCM,qa,/data/apps/nbx/Dim/config/SrcWearableDim_TgtWearableDim,spark.src.config.id,SrcWearableDim,
SrcWearableDim,TgtWearableDim,SC1912065NCM,qa,/data/apps/nbx/Dim/config/SrcWearableDim_TgtWearableDim,spark.voyage.id,SC1912065NCM ,
SrcWearableDim,TgtWearableDim,SC1912065NCM,qa,/data/apps/nbx/Dim/config/SrcWearableDim_TgtWearableDim,spark.tgt.env,qa,
SrcWearableDim,TgtWearableDim,SC1912065NCM,qa,/data/apps/nbx/Dim/config/SrcWearableDim_TgtWearableDim,spark.target.config.id,TgtWearableDim,
SrcWearableDim,TgtWearableDim,SC1912065NCM,qa,/data/apps/nbx/Dim/config/SrcWearableDim_TgtWearableDim,spark.parent.id,SrcShrGuest-TgtShrGuest-SC1912065NCM,
SrcWearableDim,TgtWearableDim,SC1912065NCM,qa,/data/apps/nbx/Dim/config/SrcWearableDim_TgtWearableDim,spark.target.ops.table.format,org.apache.phoenix.spark,
SrcWearableDim,TgtWearableDim,SC1912065NCM,qa,/data/apps/nbx/Dim/config/SrcWearableDim_TgtWearableDim,spark.target.ops.table.mode,overwrite,
SrcWearableDim,TgtWearableDim,SC1912065NCM,qa,/data/apps/nbx/Dim/config/SrcWearableDim_TgtWearableDim,spark.target.enablerops_table,SHIP.HBTB_INGESTION_METADATA ,
SrcWearableDim,TgtWearableDim,SC1912065NCM,qa,/data/apps/nbx/Dim/config/SrcWearableDim_TgtWearableDim,spark.target.zkurl,q-lab-hdp-ada1.virginvoyages.qa.dev:2181/hbase-secure:nbx.service@VIRGINVOYAGES.QA.DEV:/home/nbx.service/nbx.keytab,
SrcWearableDim,TgtWearableDim,SC1912065NCM,qa,/data/apps/nbx/Dim/config/SrcWearableDim_TgtWearableDim,spark.postgresql.url,jdbc:postgresql://10.2.52.87:5432/,
SrcWearableDim,TgtWearableDim,SC1912065NCM,qa,/data/apps/nbx/Dim/config/SrcWearableDim_TgtWearableDim,spark.postgresql.user,nifiusr,
SrcWearableDim,TgtWearableDim,SC1912065NCM,qa,/data/apps/nbx/Dim/config/SrcWearableDim_TgtWearableDim,spark.postgresql.password,finiQA@123,
SrcWearableDim,TgtWearableDim,SC1912065NCM,qa,/data/apps/nbx/Dim/config/SrcWearableDim_TgtWearableDim,spark.postgresql.database,qanbx,
SrcWearableDim,TgtWearableDim,SC1912065NCM,qa,/data/apps/nbx/Dim/config/SrcWearableDim_TgtWearableDim,spark.source.columns,"voyage_id,wearable_id,batchtime,partdate,person_skey",
SrcWearableDim,TgtWearableDim,SC1912065NCM,qa,/data/apps/nbx/Dim/config/SrcWearableDim_TgtWearableDim,spark.pond.allColumns,"wearable_skey as pond_wearable_skey,voyage_id as pond_voyage_id,wearable_id as pond_wearable_id,person_skey as pond_person_skey,load_dt as pond_load_dt,upd_dt as pond_upd_dt,primaryhash as pond_primaryhash,md5_hash as pond_md5_hash",
SrcWearableDim,TgtWearableDim,SC1912065NCM,qa,/data/apps/nbx/Dim/config/SrcWearableDim_TgtWearableDim,spark.surrogate_key.column,wearable_skey,
SrcWearableDim,TgtWearableDim,SC1912065NCM,qa,/data/apps/nbx/Dim/config/SrcWearableDim_TgtWearableDim,spark.pond.database,shipdw,
SrcWearableDim,TgtWearableDim,SC1912065NCM,qa,/data/apps/nbx/Dim/config/SrcWearableDim_TgtWearableDim,spark.pond.table,hvtb_mart_dim_wearable,
SrcWearableDim,TgtWearableDim,SC1912065NCM,qa,/data/apps/nbx/Dim/config/SrcWearableDim_TgtWearableDim,spark.target.schema,hive_schema_stg,
SrcWearableDim,TgtWearableDim,SC1912065NCM,qa,/data/apps/nbx/Dim/config/SrcWearableDim_TgtWearableDim,spark.target.table,wearable_dim,
SrcWearableDim,TgtWearableDim,SC1912065NCM,qa,/data/apps/nbx/Dim/config/SrcWearableDim_TgtWearableDim,spark.source.primaryKeyColumns,"wearable_id,voyage_id",
SrcWearableDim,TgtWearableDim,SC1912065NCM,qa,/data/apps/nbx/Dim/config/SrcWearableDim_TgtWearableDim,spark.target.final_collist,"wearable_skey,final_view.voyage_id,final_view.wearable_id,final_view.person_skey,load_dt,upd_dt,primaryhash,md5_hash",
SrcWearableDim,TgtWearableDim,SC1912065NCM,qa,/data/apps/nbx/Dim/config/SrcWearableDim_TgtWearableDim,spark.target.temp,/data/apps/nbx/temp/hvtb_mart_dim_wearable,
SrcWearableDim,TgtWearableDim,SC1912065NCM,qa,/data/apps/nbx/Dim/config/SrcWearableDim_TgtWearableDim,spark.target.location,/data/apps/nbx/mart/hvtb_mart_dim_wearable,
SrcWearableDim,TgtWearableDim,SC1912065NCM,qa,/data/apps/nbx/Dim/config/SrcWearableDim_TgtWearableDim,spark.scdtype,type1,
SrcWearableDim,TgtWearableDim,SC1912065NCM,qa,/data/apps/nbx/Dim/config/SrcWearableDim_TgtWearableDim,spark.tableType,DIMENSION,
SrcWearableDim,TgtWearableDim,SC1912065NCM,qa,/data/apps/nbx/Dim/config/SrcWearableDim_TgtWearableDim,spark.frameworkEnv,ship,
SrcWearableDim,TgtWearableDim,SC1912065NCM,qa,/data/apps/nbx/Dim/config/SrcWearableDim_TgtWearableDim,spark.source.sql,"SELECT dp.voyage_id as voyage_id, gp.guest_wearable_id as wearable_id, gp.batchtime, gp.partdate, dp.person_skey  FROM (select * from (select * ,row_number() over ( partition by person_id order by person_lastChanged desc) as rn from shipdw.hvtb_parse_mxp_ship_guest_person )guest_person where rn = 1) gp LEFT OUTER JOIN (select * from (select * ,row_number() over ( partition by person_id order by person_guid desc) as rn from shipdw.hvtb_mart_dim_person )person where rn = 1 ) dp  on (gp.person_id = dp.person_id) where dp.guest_wearable_id IS NOT NULL",
SrcWearableDim,TgtWearableDim,SC1912065NCM,qa,/data/apps/nbx/Dim/config/SrcWearableDim_TgtWearableDim,spark.datasource.hive.warehouse.load.staging.dir,/tmp,
SrcWearableDim,TgtWearableDim,SC1912065NCM,qa,/data/apps/nbx/Dim/config/SrcWearableDim_TgtWearableDim,spark.datasource.hive.warehouse.metastoreUri,thrift://q-lab-hdp-ada3.virginvoyages.qa.dev:9083,
SrcWearableDim,TgtWearableDim,SC1912065NCM,qa,/data/apps/nbx/Dim/config/SrcWearableDim_TgtWearableDim,spark.hadoop.hive.llap.daemon.service.hosts,@llap0,
SrcWearableDim,TgtWearableDim,SC1912065NCM,qa,/data/apps/nbx/Dim/config/SrcWearableDim_TgtWearableDim,spark.hadoop.hive.zookeeper.quorum,"q-lab-hdp-ada3.virginvoyages.qa.dev:2181,q-lab-hdp-ada2.virginvoyages.qa.dev:2181,q-lab-hdp-ada1.virginvoyages.qa.dev:2181",
SrcWearableDim,TgtWearableDim,SC1912065NCM,qa,/data/apps/nbx/Dim/config/SrcWearableDim_TgtWearableDim,spark.sql.hive.hiveserver2.jdbc.url,"jdbc:hive2://q-lab-hdp-ada3.virginvoyages.qa.dev:2181,q-lab-hdp-ada2.virginvoyages.qa.dev:2181,q-lab-hdp-ada1.virginvoyages.qa.dev:2181/;serviceDiscoveryMode=zooKeeper;zooKeeperNamespace=hiveserver2",
SrcWearableDim,TgtWearableDim,SC1912065NCM,qa,/data/apps/nbx/Dim/config/SrcWearableDim_TgtWearableDim,spark.sql.hive.hiveserver2.jdbc.url.principal,hive/_HOST@VIRGINVOYAGES.QA.DEV,
SrcWearableDim,TgtWearableDim,SC1912065NCM,qa,/data/apps/nbx/Dim/config/SrcWearableDim_TgtWearableDim,spark.sql.hive.metastore.jars,/usr/hdp/current/spark2-client/standalone-metastore/*,
SrcWearableDim,TgtWearableDim,SC1912065NCM,qa,/data/apps/nbx/Dim/config/SrcWearableDim_TgtWearableDim,spark.sql.hive.metastore.version,3.0,
SrcWearableDim,TgtWearableDim,SC1912065NCM,qa,/data/apps/nbx/Dim/config/SrcWearableDim_TgtWearableDim,spark.sql.warehouse.dir,/apps/spark/warehouse,
SrcChargeDim,TgtChargeDim,SC1912065NCM,qa,/data/apps/nbx/Dim/config/SrcChargeDim_TgtChargeDim,spark.src.config.id,SrcChargeDim,
SrcChargeDim,TgtChargeDim,SC1912065NCM,qa,/data/apps/nbx/Dim/config/SrcChargeDim_TgtChargeDim,spark.voyage.id,SC1912065NCM,
SrcChargeDim,TgtChargeDim,SC1912065NCM,qa,/data/apps/nbx/Dim/config/SrcChargeDim_TgtChargeDim,spark.tgt.env,qa,
SrcChargeDim,TgtChargeDim,SC1912065NCM,qa,/data/apps/nbx/Dim/config/SrcChargeDim_TgtChargeDim,spark.target.config.id,TgtChargeDim,
SrcChargeDim,TgtChargeDim,SC1912065NCM,qa,/data/apps/nbx/Dim/config/SrcChargeDim_TgtChargeDim,spark.parent.id,SrcShrGuest-TgtShrGuest-SC1912065NCM,
SrcChargeDim,TgtChargeDim,SC1912065NCM,qa,/data/apps/nbx/Dim/config/SrcChargeDim_TgtChargeDim,spark.target.ops.table.format,org.apache.phoenix.spark,
SrcChargeDim,TgtChargeDim,SC1912065NCM,qa,/data/apps/nbx/Dim/config/SrcChargeDim_TgtChargeDim,spark.target.ops.table.mode,overwrite,
SrcChargeDim,TgtChargeDim,SC1912065NCM,qa,/data/apps/nbx/Dim/config/SrcChargeDim_TgtChargeDim,spark.target.enablerops_table,SHIP.HBTB_INGESTION_METADATA ,
SrcChargeDim,TgtChargeDim,SC1912065NCM,qa,/data/apps/nbx/Dim/config/SrcChargeDim_TgtChargeDim,spark.target.zkurl,q-lab-hdp-ada1.virginvoyages.qa.dev:2181/hbase-secure:nbx.service@VIRGINVOYAGES.QA.DEV:/home/nbx.service/nbx.keytab,
SrcChargeDim,TgtChargeDim,SC1912065NCM,qa,/data/apps/nbx/Dim/config/SrcChargeDim_TgtChargeDim,spark.postgresql.url,jdbc:postgresql://10.2.52.87:5432/,
SrcChargeDim,TgtChargeDim,SC1912065NCM,qa,/data/apps/nbx/Dim/config/SrcChargeDim_TgtChargeDim,spark.postgresql.user,nifiusr,
SrcChargeDim,TgtChargeDim,SC1912065NCM,qa,/data/apps/nbx/Dim/config/SrcChargeDim_TgtChargeDim,spark.postgresql.password,finiQA@123,
SrcChargeDim,TgtChargeDim,SC1912065NCM,qa,/data/apps/nbx/Dim/config/SrcChargeDim_TgtChargeDim,spark.postgresql.database,qanbx,
SrcChargeDim,TgtChargeDim,SC1912065NCM,qa,/data/apps/nbx/Dim/config/SrcChargeDim_TgtChargeDim,spark.source.columns,"voyage_id,charge_id,batchtime,partdate,person_skey,dp.person_type",
SrcChargeDim,TgtChargeDim,SC1912065NCM,qa,/data/apps/nbx/Dim/config/SrcChargeDim_TgtChargeDim,spark.pond.allColumns,"charge_skey as pond_charge_skey,voyage_id as pond_voyage_id,charge_id as pond_charge_id,person_skey as pond_person_skey,person_type as pond_person_type, load_dt as pond_load_dt,upd_dt as pond_upd_dt,primaryhash as pond_primaryhash,md5_hash as pond_md5_hash",
SrcChargeDim,TgtChargeDim,SC1912065NCM,qa,/data/apps/nbx/Dim/config/SrcChargeDim_TgtChargeDim,spark.surrogate_key.column,charge_skey,
SrcChargeDim,TgtChargeDim,SC1912065NCM,qa,/data/apps/nbx/Dim/config/SrcChargeDim_TgtChargeDim,spark.pond.database,shipdw,
SrcChargeDim,TgtChargeDim,SC1912065NCM,qa,/data/apps/nbx/Dim/config/SrcChargeDim_TgtChargeDim,spark.pond.table,hvtb_mart_dim_charge,
SrcChargeDim,TgtChargeDim,SC1912065NCM,qa,/data/apps/nbx/Dim/config/SrcChargeDim_TgtChargeDim,spark.target.schema,hive_schema_stg,
SrcChargeDim,TgtChargeDim,SC1912065NCM,qa,/data/apps/nbx/Dim/config/SrcChargeDim_TgtChargeDim,spark.target.table,charge_dim,
SrcChargeDim,TgtChargeDim,SC1912065NCM,qa,/data/apps/nbx/Dim/config/SrcChargeDim_TgtChargeDim,spark.source.primaryKeyColumns,"charge_id,voyage_id",
SrcChargeDim,TgtChargeDim,SC1912065NCM,qa,/data/apps/nbx/Dim/config/SrcChargeDim_TgtChargeDim,spark.target.final_collist,"charge_skey,final_view.voyage_id,final_view.charge_id,final_view.person_skey,final_view.person_type,load_dt,upd_dt,primaryhash,md5_hash",
SrcChargeDim,TgtChargeDim,SC1912065NCM,qa,/data/apps/nbx/Dim/config/SrcChargeDim_TgtChargeDim,spark.target.temp,/data/apps/nbx/temp/hvtb_mart_dim_charge,
SrcChargeDim,TgtChargeDim,SC1912065NCM,qa,/data/apps/nbx/Dim/config/SrcChargeDim_TgtChargeDim,spark.target.location,/data/apps/nbx/mart/hvtb_mart_dim_charge,
SrcChargeDim,TgtChargeDim,SC1912065NCM,qa,/data/apps/nbx/Dim/config/SrcChargeDim_TgtChargeDim,spark.scdtype,type1,
SrcChargeDim,TgtChargeDim,SC1912065NCM,qa,/data/apps/nbx/Dim/config/SrcChargeDim_TgtChargeDim,spark.tableType,DIMENSION,
SrcChargeDim,TgtChargeDim,SC1912065NCM,qa,/data/apps/nbx/Dim/config/SrcChargeDim_TgtChargeDim,spark.frameworkEnv,ship,
SrcChargeDim,TgtChargeDim,SC1912065NCM,qa,/data/apps/nbx/Dim/config/SrcChargeDim_TgtChargeDim,spark.source.sql,"SELECT dp.voyage_id as voyage_id,gp.person_charge_id as charge_id,gp.batchtime,gp.partdate, dp.person_skey,dp.person_type FROM (select * from (select * ,row_number() over ( partition by person_id order by person_lastChanged desc) as rn from shipdw.hvtb_parse_mxp_ship_guest_person )guest_person where rn = 1) gp LEFT OUTER JOIN (select * from (select * ,row_number() over ( partition by person_id order by person_guid desc) as rn from shipdw.hvtb_mart_dim_person )person where rn = 1 ) dp  on (gp.person_id = dp.person_id) where dp.person_charge_id IS NOT NULL",
SrcChargeDim,TgtChargeDim,SC1912065NCM,qa,/data/apps/nbx/Dim/config/SrcChargeDim_TgtChargeDim,spark.datasource.hive.warehouse.load.staging.dir,/tmp,
SrcChargeDim,TgtChargeDim,SC1912065NCM,qa,/data/apps/nbx/Dim/config/SrcChargeDim_TgtChargeDim,spark.datasource.hive.warehouse.metastoreUri,thrift://q-lab-hdp-ada3.virginvoyages.qa.dev:9083,
SrcChargeDim,TgtChargeDim,SC1912065NCM,qa,/data/apps/nbx/Dim/config/SrcChargeDim_TgtChargeDim,spark.hadoop.hive.llap.daemon.service.hosts,@llap0,
SrcChargeDim,TgtChargeDim,SC1912065NCM,qa,/data/apps/nbx/Dim/config/SrcChargeDim_TgtChargeDim,spark.hadoop.hive.zookeeper.quorum,"q-lab-hdp-ada3.virginvoyages.qa.dev:2181,q-lab-hdp-ada2.virginvoyages.qa.dev:2181,q-lab-hdp-ada1.virginvoyages.qa.dev:2181",
SrcChargeDim,TgtChargeDim,SC1912065NCM,qa,/data/apps/nbx/Dim/config/SrcChargeDim_TgtChargeDim,spark.sql.hive.hiveserver2.jdbc.url,"jdbc:hive2://q-lab-hdp-ada3.virginvoyages.qa.dev:2181,q-lab-hdp-ada2.virginvoyages.qa.dev:2181,q-lab-hdp-ada1.virginvoyages.qa.dev:2181/;serviceDiscoveryMode=zooKeeper;zooKeeperNamespace=hiveserver2",
SrcChargeDim,TgtChargeDim,SC1912065NCM,qa,/data/apps/nbx/Dim/config/SrcChargeDim_TgtChargeDim,spark.sql.hive.hiveserver2.jdbc.url.principal,hive/_HOST@VIRGINVOYAGES.QA.DEV,
SrcChargeDim,TgtChargeDim,SC1912065NCM,qa,/data/apps/nbx/Dim/config/SrcChargeDim_TgtChargeDim,spark.sql.hive.metastore.jars,/usr/hdp/current/spark2-client/standalone-metastore/*,
SrcChargeDim,TgtChargeDim,SC1912065NCM,qa,/data/apps/nbx/Dim/config/SrcChargeDim_TgtChargeDim,spark.sql.hive.metastore.version,3.0,
SrcChargeDim,TgtChargeDim,SC1912065NCM,qa,/data/apps/nbx/Dim/config/SrcChargeDim_TgtChargeDim,spark.sql.warehouse.dir,/apps/spark/warehouse,
SrcEmpChargeDim,TgtEmpChargeDim,SC1912065NCM,qa,/data/apps/nbx/Dim/config/SrcEmpChargeDim_TgtEmpChargeDim,spark.src.config.id,SrcEmpChargeDim,
SrcEmpChargeDim,TgtEmpChargeDim,SC1912065NCM,qa,/data/apps/nbx/Dim/config/SrcEmpChargeDim_TgtEmpChargeDim,spark.voyage.id,SC1912065NCM,
SrcEmpChargeDim,TgtEmpChargeDim,SC1912065NCM,qa,/data/apps/nbx/Dim/config/SrcEmpChargeDim_TgtEmpChargeDim,spark.tgt.env,qa,
SrcEmpChargeDim,TgtEmpChargeDim,SC1912065NCM,qa,/data/apps/nbx/Dim/config/SrcEmpChargeDim_TgtEmpChargeDim,spark.target.config.id,TgtEmpChargeDim,
SrcEmpChargeDim,TgtEmpChargeDim,SC1912065NCM,qa,/data/apps/nbx/Dim/config/SrcEmpChargeDim_TgtEmpChargeDim,spark.parent.id,SrcShrGuest-TgtShrGuest-SC1912065NCM,
SrcEmpChargeDim,TgtEmpChargeDim,SC1912065NCM,qa,/data/apps/nbx/Dim/config/SrcEmpChargeDim_TgtEmpChargeDim,spark.target.ops.table.format,org.apache.phoenix.spark,
SrcEmpChargeDim,TgtEmpChargeDim,SC1912065NCM,qa,/data/apps/nbx/Dim/config/SrcEmpChargeDim_TgtEmpChargeDim,spark.target.ops.table.mode,overwrite,
SrcEmpChargeDim,TgtEmpChargeDim,SC1912065NCM,qa,/data/apps/nbx/Dim/config/SrcEmpChargeDim_TgtEmpChargeDim,spark.target.enablerops_table,SHIP.HBTB_INGESTION_METADATA ,
SrcEmpChargeDim,TgtEmpChargeDim,SC1912065NCM,qa,/data/apps/nbx/Dim/config/SrcEmpChargeDim_TgtEmpChargeDim,spark.target.zkurl,q-lab-hdp-ada1.virginvoyages.qa.dev:2181/hbase-secure:nbx.service@VIRGINVOYAGES.QA.DEV:/home/nbx.service/nbx.keytab,
SrcEmpChargeDim,TgtEmpChargeDim,SC1912065NCM,qa,/data/apps/nbx/Dim/config/SrcEmpChargeDim_TgtEmpChargeDim,spark.postgresql.url,jdbc:postgresql://10.2.52.87:5432/,
SrcEmpChargeDim,TgtEmpChargeDim,SC1912065NCM,qa,/data/apps/nbx/Dim/config/SrcEmpChargeDim_TgtEmpChargeDim,spark.postgresql.user,nifiusr,
SrcEmpChargeDim,TgtEmpChargeDim,SC1912065NCM,qa,/data/apps/nbx/Dim/config/SrcEmpChargeDim_TgtEmpChargeDim,spark.postgresql.password,finiQA@123,
SrcEmpChargeDim,TgtEmpChargeDim,SC1912065NCM,qa,/data/apps/nbx/Dim/config/SrcEmpChargeDim_TgtEmpChargeDim,spark.postgresql.database,qanbx,
SrcEmpChargeDim,TgtEmpChargeDim,SC1912065NCM,qa,/data/apps/nbx/Dim/config/SrcEmpChargeDim_TgtEmpChargeDim,spark.source.columns,"voyage_id,charge_id,batchtime,partdate,person_skey,person_type",
SrcEmpChargeDim,TgtEmpChargeDim,SC1912065NCM,qa,/data/apps/nbx/Dim/config/SrcEmpChargeDim_TgtEmpChargeDim,spark.pond.allColumns,"charge_skey as pond_charge_skey,voyage_id as pond_voyage_id,charge_id as pond_charge_id,person_skey as pond_person_skey,person_type as pond_person_type, load_dt as pond_load_dt,upd_dt as pond_upd_dt,primaryhash as pond_primaryhash,md5_hash as pond_md5_hash",
SrcEmpChargeDim,TgtEmpChargeDim,SC1912065NCM,qa,/data/apps/nbx/Dim/config/SrcEmpChargeDim_TgtEmpChargeDim,spark.surrogate_key.column,charge_skey,
SrcEmpChargeDim,TgtEmpChargeDim,SC1912065NCM,qa,/data/apps/nbx/Dim/config/SrcEmpChargeDim_TgtEmpChargeDim,spark.pond.database,shipdw,
SrcEmpChargeDim,TgtEmpChargeDim,SC1912065NCM,qa,/data/apps/nbx/Dim/config/SrcEmpChargeDim_TgtEmpChargeDim,spark.pond.table,hvtb_mart_dim_charge,
SrcEmpChargeDim,TgtEmpChargeDim,SC1912065NCM,qa,/data/apps/nbx/Dim/config/SrcEmpChargeDim_TgtEmpChargeDim,spark.target.schema,shipdw,
SrcEmpChargeDim,TgtEmpChargeDim,SC1912065NCM,qa,/data/apps/nbx/Dim/config/SrcEmpChargeDim_TgtEmpChargeDim,spark.target.table,charge_dim,
SrcEmpChargeDim,TgtEmpChargeDim,SC1912065NCM,qa,/data/apps/nbx/Dim/config/SrcEmpChargeDim_TgtEmpChargeDim,spark.source.primaryKeyColumns,"charge_id,voyage_id",
SrcEmpChargeDim,TgtEmpChargeDim,SC1912065NCM,qa,/data/apps/nbx/Dim/config/SrcEmpChargeDim_TgtEmpChargeDim,spark.target.final_collist,"charge_skey,final_view.voyage_id,final_view.charge_id,final_view.person_skey,final_view.person_type,load_dt,upd_dt,primaryhash,md5_hash",
SrcEmpChargeDim,TgtEmpChargeDim,SC1912065NCM,qa,/data/apps/nbx/Dim/config/SrcEmpChargeDim_TgtEmpChargeDim,spark.target.temp,/data/apps/nbx/temp/hvtb_mart_dim_charge,
SrcEmpChargeDim,TgtEmpChargeDim,SC1912065NCM,qa,/data/apps/nbx/Dim/config/SrcEmpChargeDim_TgtEmpChargeDim,spark.target.location,/data/apps/nbx/mart/hvtb_mart_dim_charge,
SrcEmpChargeDim,TgtEmpChargeDim,SC1912065NCM,qa,/data/apps/nbx/Dim/config/SrcEmpChargeDim_TgtEmpChargeDim,spark.scdtype,type1,
SrcEmpChargeDim,TgtEmpChargeDim,SC1912065NCM,qa,/data/apps/nbx/Dim/config/SrcEmpChargeDim_TgtEmpChargeDim,spark.tableType,DIMENSION,
SrcEmpChargeDim,TgtEmpChargeDim,SC1912065NCM,qa,/data/apps/nbx/Dim/config/SrcEmpChargeDim_TgtEmpChargeDim,spark.frameworkEnv,ship,
SrcEmpChargeDim,TgtEmpChargeDim,SC1912065NCM,qa,/data/apps/nbx/Dim/config/SrcEmpChargeDim_TgtEmpChargeDim,spark.source.sql,"select employee.chargeid as charge_id, employee.type as person_type, person.person_skey as person_skey, person.voyage_id as voyage_id,employee.batchtime,employee.part_date as partdate from (select * from (select * ,row_number() over ( partition by person_id order by lastchanged desc) as rn from shipdw.hvtb_parse_mxp_internal_person_detail )Int_person where rn = 1)employee left outer join (select * from (select * ,row_number() over ( partition by person_id order by person_guid desc) as rn from shipdw.hvtb_mart_dim_person )person where rn = 1 ) person on (employee.person_id = person.person_id) where employee.chargeid is not null",
SrcEmpChargeDim,TgtEmpChargeDim,SC1912065NCM,qa,/data/apps/nbx/Dim/config/SrcEmpChargeDim_TgtEmpChargeDim,spark.datasource.hive.warehouse.load.staging.dir,/tmp,
SrcEmpChargeDim,TgtEmpChargeDim,SC1912065NCM,qa,/data/apps/nbx/Dim/config/SrcEmpChargeDim_TgtEmpChargeDim,spark.datasource.hive.warehouse.metastoreUri,thrift://q-lab-hdp-ada3.virginvoyages.qa.dev:9083,
SrcEmpChargeDim,TgtEmpChargeDim,SC1912065NCM,qa,/data/apps/nbx/Dim/config/SrcEmpChargeDim_TgtEmpChargeDim,spark.hadoop.hive.llap.daemon.service.hosts,@llap0,
SrcEmpChargeDim,TgtEmpChargeDim,SC1912065NCM,qa,/data/apps/nbx/Dim/config/SrcEmpChargeDim_TgtEmpChargeDim,spark.hadoop.hive.zookeeper.quorum,"q-lab-hdp-ada3.virginvoyages.qa.dev:2181,q-lab-hdp-ada2.virginvoyages.qa.dev:2181,q-lab-hdp-ada1.virginvoyages.qa.dev:2181",
SrcEmpChargeDim,TgtEmpChargeDim,SC1912065NCM,qa,/data/apps/nbx/Dim/config/SrcEmpChargeDim_TgtEmpChargeDim,spark.sql.hive.hiveserver2.jdbc.url,"jdbc:hive2://q-lab-hdp-ada3.virginvoyages.qa.dev:2181,q-lab-hdp-ada2.virginvoyages.qa.dev:2181,q-lab-hdp-ada1.virginvoyages.qa.dev:2181/;serviceDiscoveryMode=zooKeeper;zooKeeperNamespace=hiveserver2",
SrcEmpChargeDim,TgtEmpChargeDim,SC1912065NCM,qa,/data/apps/nbx/Dim/config/SrcEmpChargeDim_TgtEmpChargeDim,spark.sql.hive.hiveserver2.jdbc.url.principal,hive/_HOST@VIRGINVOYAGES.QA.DEV,
SrcEmpChargeDim,TgtEmpChargeDim,SC1912065NCM,qa,/data/apps/nbx/Dim/config/SrcEmpChargeDim_TgtEmpChargeDim,spark.sql.hive.metastore.jars,/usr/hdp/current/spark2-client/standalone-metastore/*,
SrcEmpChargeDim,TgtEmpChargeDim,SC1912065NCM,qa,/data/apps/nbx/Dim/config/SrcEmpChargeDim_TgtEmpChargeDim,spark.sql.hive.metastore.version,3.0,
SrcEmpChargeDim,TgtEmpChargeDim,SC1912065NCM,qa,/data/apps/nbx/Dim/config/SrcEmpChargeDim_TgtEmpChargeDim,spark.sql.warehouse.dir,/apps/spark/warehouse,
SrcBookingDim,TgtBookingDim,SC1912065NCM,qa,/data/apps/nbx/Dim/config/SrcBookingDim_TgtBookingDim,spark.src.config.id,SrcBookingDim,
SrcBookingDim,TgtBookingDim,SC1912065NCM,qa,/data/apps/nbx/Dim/config/SrcBookingDim_TgtBookingDim,spark.voyage.id,SC1912065NCM,
SrcBookingDim,TgtBookingDim,SC1912065NCM,qa,/data/apps/nbx/Dim/config/SrcBookingDim_TgtBookingDim,spark.tgt.env,qa,
SrcBookingDim,TgtBookingDim,SC1912065NCM,qa,/data/apps/nbx/Dim/config/SrcBookingDim_TgtBookingDim,spark.target.config.id,TgtBookingDim,
SrcBookingDim,TgtBookingDim,SC1912065NCM,qa,/data/apps/nbx/Dim/config/SrcBookingDim_TgtBookingDim,spark.parent.id,SrcShrArsBooking-TgtShrArsBooking-SC1912065NCM,
SrcBookingDim,TgtBookingDim,SC1912065NCM,qa,/data/apps/nbx/Dim/config/SrcBookingDim_TgtBookingDim,spark.target.ops.table.format,org.apache.phoenix.spark,
SrcBookingDim,TgtBookingDim,SC1912065NCM,qa,/data/apps/nbx/Dim/config/SrcBookingDim_TgtBookingDim,spark.target.ops.table.mode,overwrite,
SrcBookingDim,TgtBookingDim,SC1912065NCM,qa,/data/apps/nbx/Dim/config/SrcBookingDim_TgtBookingDim,spark.target.enablerops_table,SHIP.HBTB_INGESTION_METADATA ,
SrcBookingDim,TgtBookingDim,SC1912065NCM,qa,/data/apps/nbx/Dim/config/SrcBookingDim_TgtBookingDim,spark.target.zkurl,q-lab-hdp-ada1.virginvoyages.qa.dev:2181/hbase-secure:nbx.service@VIRGINVOYAGES.QA.DEV:/home/nbx.service/nbx.keytab,
SrcBookingDim,TgtBookingDim,SC1912065NCM,qa,/data/apps/nbx/Dim/config/SrcBookingDim_TgtBookingDim,spark.postgresql.url,jdbc:postgresql://10.2.52.87:5432/,
SrcBookingDim,TgtBookingDim,SC1912065NCM,qa,/data/apps/nbx/Dim/config/SrcBookingDim_TgtBookingDim,spark.postgresql.user,nifiusr,
SrcBookingDim,TgtBookingDim,SC1912065NCM,qa,/data/apps/nbx/Dim/config/SrcBookingDim_TgtBookingDim,spark.postgresql.password,finiQA@123,
SrcBookingDim,TgtBookingDim,SC1912065NCM,qa,/data/apps/nbx/Dim/config/SrcBookingDim_TgtBookingDim,spark.postgresql.database,qanbx,
SrcBookingDim,TgtBookingDim,SC1912065NCM,qa,/data/apps/nbx/Dim/config/SrcBookingDim_TgtBookingDim,spark.source.columns,"reservation_number,booking_id,status,cancellation_reason,waiver_code,waiver_status,payment_status,voyage_id,batchtime",
SrcBookingDim,TgtBookingDim,SC1912065NCM,qa,/data/apps/nbx/Dim/config/SrcBookingDim_TgtBookingDim,spark.pond.allColumns,"booking_detail_skey as pond_booking_detail_skey, voyage_id as pond_voyage_id, reservation_number as pond_reservation_number, booking_id as pond_booking_id, status as pond_status, cancellation_reason as pond_cancellation_reason, waiver_code as pond_waiver_code, waiver_status as pond_waiver_status, payment_status as pond_payment_status, load_dt as pond_load_dt,upd_dt as pond_upd_dt,primaryhash as pond_primaryhash,md5_hash as pond_md5_hash",
SrcBookingDim,TgtBookingDim,SC1912065NCM,qa,/data/apps/nbx/Dim/config/SrcBookingDim_TgtBookingDim,spark.surrogate_key.column,booking_detail_skey,
SrcBookingDim,TgtBookingDim,SC1912065NCM,qa,/data/apps/nbx/Dim/config/SrcBookingDim_TgtBookingDim,spark.pond.database,shipdw,
SrcBookingDim,TgtBookingDim,SC1912065NCM,qa,/data/apps/nbx/Dim/config/SrcBookingDim_TgtBookingDim,spark.pond.table,hvtb_mart_dim_booking_detail,
SrcBookingDim,TgtBookingDim,SC1912065NCM,qa,/data/apps/nbx/Dim/config/SrcBookingDim_TgtBookingDim,spark.target.schema,shipdw,
SrcBookingDim,TgtBookingDim,SC1912065NCM,qa,/data/apps/nbx/Dim/config/SrcBookingDim_TgtBookingDim,spark.target.table,hvtb_mart_dim_booking_detail,
SrcBookingDim,TgtBookingDim,SC1912065NCM,qa,/data/apps/nbx/Dim/config/SrcBookingDim_TgtBookingDim,spark.source.primaryKeyColumns,booking_id,
SrcBookingDim,TgtBookingDim,SC1912065NCM,qa,/data/apps/nbx/Dim/config/SrcBookingDim_TgtBookingDim,spark.target.final_collist,"booking_detail_skey,reservation_number,booking_id,status,cancellation_reason,waiver_code,waiver_status,payment_status,voyage_id,load_dt,upd_dt,primaryhash,md5_hash",
SrcBookingDim,TgtBookingDim,SC1912065NCM,qa,/data/apps/nbx/Dim/config/SrcBookingDim_TgtBookingDim,spark.target.temp,/data/apps/nbx/temp/hvtb_mart_dim_booking_detail,
SrcBookingDim,TgtBookingDim,SC1912065NCM,qa,/data/apps/nbx/Dim/config/SrcBookingDim_TgtBookingDim,spark.target.location,/data/apps/nbx/mart/hvtb_mart_dim_booking_detail,
SrcBookingDim,TgtBookingDim,SC1912065NCM,qa,/data/apps/nbx/Dim/config/SrcBookingDim_TgtBookingDim,spark.scdtype,type1,
SrcBookingDim,TgtBookingDim,SC1912065NCM,qa,/data/apps/nbx/Dim/config/SrcBookingDim_TgtBookingDim,spark.tableType,DIMENSION,
SrcBookingDim,TgtBookingDim,SC1912065NCM,qa,/data/apps/nbx/Dim/config/SrcBookingDim_TgtBookingDim,spark.frameworkEnv,ship,
SrcBookingDim,TgtBookingDim,SC1912065NCM,qa,/data/apps/nbx/Dim/config/SrcBookingDim_TgtBookingDim,spark.arsbooking.target.table,shipdw.hvtb_parse_ars_booking,
SrcBookingDim,TgtBookingDim,SC1912065NCM,qa,/data/apps/nbx/Dim/config/SrcBookingDim_TgtBookingDim,spark.datasource.hive.warehouse.load.staging.dir,/tmp,
SrcBookingDim,TgtBookingDim,SC1912065NCM,qa,/data/apps/nbx/Dim/config/SrcBookingDim_TgtBookingDim,spark.datasource.hive.warehouse.metastoreUri,thrift://q-lab-hdp-ada3.virginvoyages.qa.dev:9083,
SrcBookingDim,TgtBookingDim,SC1912065NCM,qa,/data/apps/nbx/Dim/config/SrcBookingDim_TgtBookingDim,spark.hadoop.hive.llap.daemon.service.hosts,@llap0,
SrcBookingDim,TgtBookingDim,SC1912065NCM,qa,/data/apps/nbx/Dim/config/SrcBookingDim_TgtBookingDim,spark.hadoop.hive.zookeeper.quorum,"q-lab-hdp-ada3.virginvoyages.qa.dev:2181,q-lab-hdp-ada2.virginvoyages.qa.dev:2181,q-lab-hdp-ada1.virginvoyages.qa.dev:2181",
SrcBookingDim,TgtBookingDim,SC1912065NCM,qa,/data/apps/nbx/Dim/config/SrcBookingDim_TgtBookingDim,spark.sql.hive.hiveserver2.jdbc.url,"jdbc:hive2://q-lab-hdp-ada3.virginvoyages.qa.dev:2181,q-lab-hdp-ada2.virginvoyages.qa.dev:2181,q-lab-hdp-ada1.virginvoyages.qa.dev:2181/;serviceDiscoveryMode=zooKeeper;zooKeeperNamespace=hiveserver2",
SrcBookingDim,TgtBookingDim,SC1912065NCM,qa,/data/apps/nbx/Dim/config/SrcBookingDim_TgtBookingDim,spark.sql.hive.hiveserver2.jdbc.url.principal,hive/_HOST@VIRGINVOYAGES.QA.DEV,
SrcBookingDim,TgtBookingDim,SC1912065NCM,qa,/data/apps/nbx/Dim/config/SrcBookingDim_TgtBookingDim,spark.sql.hive.metastore.jars,/usr/hdp/current/spark2-client/standalone-metastore/*,
SrcBookingDim,TgtBookingDim,SC1912065NCM,qa,/data/apps/nbx/Dim/config/SrcBookingDim_TgtBookingDim,spark.sql.hive.metastore.version,3.0,
SrcBookingDim,TgtBookingDim,SC1912065NCM,qa,/data/apps/nbx/Dim/config/SrcBookingDim_TgtBookingDim,spark.sql.warehouse.dir,/apps/spark/warehouse,
SrcShrBookingDim,TgtShrBookingDim,SC2002269NCR,QA,/data/apps/nbx/Fact/config/SrcBooking_TgtBooking,spark.source.columns,"voyage_id,booking_detail_skey,vendor_skey,person_skey,activity_skey,activity_slot_skey,booked_by_person_skey,paid_by_person_skey,number_of_people,booking_paid_amount,booking_remaining_amount,refund_paid_amount,refund_remaining_amount,batchtime,partdate",
SrcShrBookingDim,TgtShrBookingDim,SC2002269NCR,QA,/data/apps/nbx/Fact/config/SrcBooking_TgtBooking,spark.pond.database,shipdw,
SrcShrBookingDim,TgtShrBookingDim,SC2002269NCR,QA,/data/apps/nbx/Fact/config/SrcBooking_TgtBooking,spark.pond.table,hvtb_mart_fact_booking,
SrcShrBookingDim,TgtShrBookingDim,SC2002269NCR,QA,/data/apps/nbx/Fact/config/SrcBooking_TgtBooking,spark.target.final_collist,"voyage_id, booking_detail_skey, NVL(person_skey,-1) as person_skey, activity_skey, activity_slot_skey,vendor_skey as vendor_skey,NVL(booked_by_person_skey,-1)as booked_by_person_skey, NVL(paid_by_person_skey,-1) as paid_by_person_skey, number_of_people, booking_paid_amount, booking_remaining_amount, refund_paid_amount, refund_remaining_amount, load_dt, upd_dt, part_dt",
SrcShrBookingDim,TgtShrBookingDim,SC2002269NCR,QA,/data/apps/nbx/Fact/config/SrcBooking_TgtBooking,spark.target.temp,/data/apps/nbx/temp/hvtb_mart_fact_booking,
SrcShrBookingDim,TgtShrBookingDim,SC2002269NCR,QA,/data/apps/nbx/Fact/config/SrcBooking_TgtBooking,spark.target.location,/data/apps/nbx/mart/hvtb_mart_fact_booking,
SrcShrBookingDim,TgtShrBookingDim,SC2002269NCR,QA,/data/apps/nbx/Fact/config/SrcBooking_TgtBooking,spark.postgresql.schema,Hive_schema_stg,
SrcShrBookingDim,TgtShrBookingDim,SC2002269NCR,QA,/data/apps/nbx/Fact/config/SrcBooking_TgtBooking,spark.postgresql.tablename,booking_fact,
SrcShrBookingDim,TgtShrBookingDim,SC2002269NCR,QA,/data/apps/nbx/Fact/config/SrcBooking_TgtBooking,spark.tableType,FACT,
SrcShrBookingDim,TgtShrBookingDim,SC2002269NCR,QA,/data/apps/nbx/Fact/config/SrcBooking_TgtBooking,spark.frameworkEnv,ship,
SrcShrBookingDim,TgtShrBookingDim,SC2002269NCR,QA,/data/apps/nbx/Fact/config/SrcBooking_TgtBooking,spark.postgresql.user,nifiusr,
SrcShrBookingDim,TgtShrBookingDim,SC2002269NCR,QA,/data/apps/nbx/Fact/config/SrcBooking_TgtBooking,spark.postgresql.password,finiQA@123,
SrcShrBookingDim,TgtShrBookingDim,SC2002269NCR,QA,/data/apps/nbx/Fact/config/SrcBooking_TgtBooking,spark.postgresql.url,jdbc:postgresql://10.2.52.87:5432/,
SrcShrBookingDim,TgtShrBookingDim,SC2002269NCR,QA,/data/apps/nbx/Fact/config/SrcBooking_TgtBooking,spark.postgresql.database,qanbx,
SrcShrBookingDim,TgtShrBookingDim,SC2002269NCR,QA,/data/apps/nbx/Fact/config/SrcBooking_TgtBooking,spark.target.table.format,org.apache.phoenix.spark,
SrcShrBookingDim,TgtShrBookingDim,SC2002269NCR,QA,/data/apps/nbx/Fact/config/SrcBooking_TgtBooking,spark.target.ops.table.format,org.apache.phoenix.spark,
SrcShrBookingDim,TgtShrBookingDim,SC2002269NCR,QA,/data/apps/nbx/Fact/config/SrcBooking_TgtBooking,spark.target.ops.table.mode,overwrite,
SrcShrBookingDim,TgtShrBookingDim,SC2002269NCR,QA,/data/apps/nbx/Fact/config/SrcBooking_TgtBooking,spark.target.enablerops_table,ship.HBTB_INGESTION_METADATA,
SrcShrBookingDim,TgtShrBookingDim,SC2002269NCR,QA,/data/apps/nbx/Fact/config/SrcBooking_TgtBooking,#spark.target.enablerops_table,ship.HBTB_STREAMING_INGESTION_OFFSET,
SrcShrBookingDim,TgtShrBookingDim,SC2002269NCR,QA,/data/apps/nbx/Fact/config/SrcBooking_TgtBooking,spark.target.zkurl,q-lab-hdp-ada1.virginvoyages.qa.dev:2181/hbase-secure:nbx.service@VIRGINVOYAGES.QA.DEV:/home/nbx.service/nbx.keytab,
SrcShrBookingDim,TgtShrBookingDim,SC2002269NCR,QA,/data/apps/nbx/Fact/config/SrcBooking_TgtBooking,spark.datasource.hive.warehouse.load.staging.dir,/tmp,
SrcShrBookingDim,TgtShrBookingDim,SC2002269NCR,QA,/data/apps/nbx/Fact/config/SrcBooking_TgtBooking,spark.datasource.hive.warehouse.metastoreUri,thrift://q-lab-hdp-ada3.virginvoyages.qa.dev:9083,
SrcShrBookingDim,TgtShrBookingDim,SC2002269NCR,QA,/data/apps/nbx/Fact/config/SrcBooking_TgtBooking,spark.hadoop.hive.llap.daemon.service.hosts,@llap0,
SrcShrBookingDim,TgtShrBookingDim,SC2002269NCR,QA,/data/apps/nbx/Fact/config/SrcBooking_TgtBooking,spark.hadoop.hive.zookeeper.quorum,"q-lab-hdp-ada3.virginvoyages.qa.dev:2181,q-lab-hdp-ada2.virginvoyages.qa.dev:2181,q-lab-hdp-ada1.virginvoyages.qa.dev:2181",
SrcShrBookingDim,TgtShrBookingDim,SC2002269NCR,QA,/data/apps/nbx/Fact/config/SrcBooking_TgtBooking,spark.sql.hive.hiveserver2.jdbc.url,,
SrcShrBookingDim,TgtShrBookingDim,SC2002269NCR,QA,/data/apps/nbx/Fact/config/SrcBooking_TgtBooking,"jdbc:hive2://q-lab-hdp-adb3.virginvoyages.qa.dev:2181,q-lab-hdp-adb2.virginvoyages.qa.dev:2181,q-lab-hdp-adb1.virginvoyages.qa.dev:2181/;serviceDiscoveryMode=zooKeeper;zooKeeperNamespace=hiveserver2",,
SrcShrBookingDim,TgtShrBookingDim,SC2002269NCR,QA,/data/apps/nbx/Fact/config/SrcBooking_TgtBooking,spark.sql.hive.hiveserver2.jdbc.url.principal,hive/_HOST@VIRGINVOYAGES.QA.DEV,
SrcShrBookingDim,TgtShrBookingDim,SC2002269NCR,QA,/data/apps/nbx/Fact/config/SrcBooking_TgtBooking,spark.sql.hive.metastore.jars,/usr/hdp/current/spark2-client/standalone-metastore/*,
SrcShrBookingDim,TgtShrBookingDim,SC2002269NCR,QA,/data/apps/nbx/Fact/config/SrcBooking_TgtBooking,spark.sql.hive.metastore.version,3.0,
SrcShrBookingDim,TgtShrBookingDim,SC2002269NCR,QA,/data/apps/nbx/Fact/config/SrcBooking_TgtBooking,spark.sql.warehouse.dir,/apps/spark/warehouse,