Sourceid,Targetid,Voyageid,Env,TargetConfigFile,Key,Value
SrcCruise,TgtVoyage,SC2002269NCR,Qa,/data/apps/talend/shared/scripts/nbx/Dim/config/SrcCruise_TgtVoyage,spark.src.config.id,SrcCruise
SrcCruise,TgtVoyage,SC2002269NCR,Qa,/data/apps/talend/shared/scripts/nbx/Dim/config/SrcCruise_TgtVoyage,spark.voyage.id,SC2002269NCR
SrcCruise,TgtVoyage,SC2002269NCR,Qa,/data/apps/talend/shared/scripts/nbx/Dim/config/SrcCruise_TgtVoyage,spark.tgt.env,Qa
SrcCruise,TgtVoyage,SC2002269NCR,Qa,/data/apps/talend/shared/scripts/nbx/Dim/config/SrcCruise_TgtVoyage,spark.target.config.id,TgtVoyage
SrcCruise,TgtVoyage,SC2002269NCR,Qa,/data/apps/talend/shared/scripts/nbx/Dim/config/SrcCruise_TgtVoyage,spark.parent.id,SrcShrCr-TgtShrCr-SC2002269NCR
SrcCruise,TgtVoyage,SC2002269NCR,Qa,/data/apps/talend/shared/scripts/nbx/Dim/config/SrcCruise_TgtVoyage,spark.target.ops.table.format,org.apache.phoenix.spark
SrcCruise,TgtVoyage,SC2002269NCR,Qa,/data/apps/talend/shared/scripts/nbx/Dim/config/SrcCruise_TgtVoyage,spark.target.ops.table.mode,overwrite
SrcCruise,TgtVoyage,SC2002269NCR,Qa,/data/apps/talend/shared/scripts/nbx/Dim/config/SrcCruise_TgtVoyage,spark.target.enablerops_table,HBTB_INGESTION_METADATA 
SrcCruise,TgtVoyage,SC2002269NCR,Qa,/data/apps/talend/shared/scripts/nbx/Dim/config/SrcCruise_TgtVoyage,spark.target.zkurl,10.4.100.154:2181/hbase-unsecure
SrcCruise,TgtVoyage,SC2002269NCR,Qa,/data/apps/talend/shared/scripts/nbx/Dim/config/SrcCruise_TgtVoyage,spark.table.type,dim
SrcCruise,TgtVoyage,SC2002269NCR,Qa,/data/apps/talend/shared/scripts/nbx/Dim/config/SrcCruise_TgtVoyage,spark.redshift.url,jdbc:redshift://10.4.0.203:5439/qanbx
SrcCruise,TgtVoyage,SC2002269NCR,Qa,/data/apps/talend/shared/scripts/nbx/Dim/config/SrcCruise_TgtVoyage,spark.redshift.username,talenduser
SrcCruise,TgtVoyage,SC2002269NCR,Qa,/data/apps/talend/shared/scripts/nbx/Dim/config/SrcCruise_TgtVoyage,spark.redshift.password,Talenduser@123
SrcCruise,TgtVoyage,SC2002269NCR,Qa,/data/apps/talend/shared/scripts/nbx/Dim/config/SrcCruise_TgtVoyage,spark.source.sql,"select cruise.batchtime,cruise.part_date,cruise.voyageid as voyage_id,  cruise.number as voyage_number, cruise.guid as  voyage_guid,    cruise.description as voyage_description,       cruise.startdate as voyage_start_date,   cruise.enddate as voyage_end_date,datediff( to_date(cruise.enddate),to_date(cruise.startdate)) as  voyage_length,cruise.cruisestatus as voyage_status, cruise.shipcode as ship_guid,    cruise.shipcode as ship_code,   cruise.orgunit   as ship_name,cnt.isSeaDay ,  case when date(current_date()) between Cast(split( cruise.startdate    ,'T')[0] as date) and  Cast(split(cruise.enddate    ,'T')[0] as date)  then 'Y' else 'N' end as active_status  from  shipdw.hvtb_parse_mxp_shore_cruise   cruise   Left JOIN  (Select count(*) as isSeaDay, voyageid from  (select itinerary_id,itinerary_isseaday,voyageid, ROW_NUMBER() OVER(PARTITION BY cruiseid,  debarkdate,  debarkportcode,  embarkdate,  embarkportcode,  isactive,  isdeleted,  lastchanged,  modificationtime,  namekey,  number,  orgunitid,  shipcode,  shipid,  itinerary_arrivaltime,  itinerary_createdbyuser,  itinerary_creationtime,  itinerary_departuretime,  itinerary_gangwayopeningtime,  itinerary_gangwayclosingtime,  itinerary_id,  itinerary_isdeleted,  itinerary_isseaday,  itinerary_itineraryday,  itinerary_lastchanged,  itinerary_modificationtime,  itinerary_portcode,  itinerary_voyageitineraryid,  voyageid order by batchtime desc) as rn from  shipdw.hvtb_parse_mxp_shore_itinerary)grouped where grouped.itinerary_isseaday=true and grouped.rn=1 group by voyageid) cnt  on(cruise.voyageid=cnt.voyageid)"
SrcCruise,TgtVoyage,SC2002269NCR,Qa,/data/apps/talend/shared/scripts/nbx/Dim/config/SrcCruise_TgtVoyage,spark.source.columns,"voyage_id, voyage_number,voyage_guid,voyage_description, voyage_start_date, voyage_end_date, voyage_length, voyage_status, ship_guid,ship_code, ship_name,isSeaDay,actual_capacity_days,booked_capacity_days,actual_sailor_days,built_capacity_days,sailed_cabin_occupancy_pct,active_status"
SrcCruise,TgtVoyage,SC2002269NCR,Qa,/data/apps/talend/shared/scripts/nbx/Dim/config/SrcCruise_TgtVoyage,spark.pond.allColumns,"voyage_skey as pond_voyage_skey,voyage_id as pond_voyage_id , voyage_number as pond_voyage_number , voyage_guid as pond_voyage_guid , voyage_description as pond_voyage_description , voyage_start_date as pond_voyage_start_date , voyage_end_date as pond_voyage_end_date , voyage_length as pond_voyage_length , voyage_status as pond_voyage_status , ship_guid as pond_ship_guid , ship_code as pond_ship_code , ship_name as pond_ship_name , isSeaDay as pond_isSeaDay , actual_capacity_days as pond_actual_capacity_days , booked_capacity_days as pond_booked_capacity_days , actual_sailor_days as pond_actual_sailor_days , built_capacity_days as pond_built_capacity_days , sailed_cabin_occupancy_pct as pond_sailed_cabin_occupancy_pct ,active_status as pond_active_status, load_dt as pond_load_dt , upd_dt as pond_upd_dt , primaryhash as pond_primaryhash , md5_hash as pond_md5_hash"
SrcCruise,TgtVoyage,SC2002269NCR,Qa,/data/apps/talend/shared/scripts/nbx/Dim/config/SrcCruise_TgtVoyage,spark.surrogate_key.column,voyage_skey
SrcCruise,TgtVoyage,SC2002269NCR,Qa,/data/apps/talend/shared/scripts/nbx/Dim/config/SrcCruise_TgtVoyage,spark.pond.database,shipdw
SrcCruise,TgtVoyage,SC2002269NCR,Qa,/data/apps/talend/shared/scripts/nbx/Dim/config/SrcCruise_TgtVoyage,spark.pond.table,hvtb_mart_dim_voyage
SrcCruise,TgtVoyage,SC2002269NCR,Qa,/data/apps/talend/shared/scripts/nbx/Dim/config/SrcCruise_TgtVoyage,spark.target.schema,shipdw
SrcCruise,TgtVoyage,SC2002269NCR,Qa,/data/apps/talend/shared/scripts/nbx/Dim/config/SrcCruise_TgtVoyage,spark.target.table,voyage_dim
SrcCruise,TgtVoyage,SC2002269NCR,Qa,/data/apps/talend/shared/scripts/nbx/Dim/config/SrcCruise_TgtVoyage,spark.pond.Columns,"pond_voyage_id,pond_voyage_number,pond_voyage_guid,pond_voyage_description,pond_voyage_start_date,pond_voyage_end_date,pond_voyage_length,pond_voyage_status,pond_ship_guid,pond_ship_code,pond_ship_name,pond_isSeaDay,pond_actual_capacity_days,pond_booked_capacity_days,pond_actual_sailor_days,pond_built_capacity_days,pond_sailed_cabin_occupancy_pct,active_status"
SrcCruise,TgtVoyage,SC2002269NCR,Qa,/data/apps/talend/shared/scripts/nbx/Dim/config/SrcCruise_TgtVoyage,spark.source.primaryKeyColumns,voyage_number
SrcCruise,TgtVoyage,SC2002269NCR,Qa,/data/apps/talend/shared/scripts/nbx/Dim/config/SrcCruise_TgtVoyage,spark.pond.primaryKeyColumns,
SrcCruise,TgtVoyage,SC2002269NCR,Qa,/data/apps/talend/shared/scripts/nbx/Dim/config/SrcCruise_TgtVoyage,spark.scdtype,type1
SrcCruise,TgtVoyage,SC2002269NCR,Qa,/data/apps/talend/shared/scripts/nbx/Dim/config/SrcCruise_TgtVoyage,spark.frameworkEnv,shore
SrcCruise,TgtVoyage,SC2002269NCR,Qa,/data/apps/talend/shared/scripts/nbx/Dim/config/SrcCruise_TgtVoyage,spark.target.final_collist,"voyage_skey,final_view.voyage_id as voyage_id ,final_view.voyage_number as  voyage_number,final_view.voyage_guid as voyage_guid,final_view.voyage_description as voyage_description,Cast(final_view.voyage_start_date as timestamp) as voyage_start_date,Cast(final_view.voyage_end_date as timestamp) as voyage_end_date,Cast(final_view.voyage_length as int) as voyage_length,final_view.voyage_status as voyage_status,final_view.ship_guid as ship_guid,final_view.ship_code as ship_code,final_view.ship_name as ship_name,Cast(final_view.isSeaDay as int) as isseaday,Cast(final_view.actual_capacity_days as int) as actual_capacity_days,Cast(final_view.booked_capacity_days as int) as booked_capacity_days,Cast(final_view.actual_sailor_days as int) as actual_sailor_days,Cast(final_view.built_capacity_days as int) as built_capacity_days,Cast(final_view.sailed_cabin_occupancy_pct as int) as sailed_cabin_occupancy_pct,final_view.active_status as active_status,load_dt,upd_dt,primaryhash,md5_hash"
SrcCruise,TgtVoyage,SC2002269NCR,Qa,/data/apps/talend/shared/scripts/nbx/Dim/config/SrcCruise_TgtVoyage,spark.target.temp,s3://vv-qa-emr-cluster/data/temp/hvtb_mart_dim_voyage
SrcCruise,TgtVoyage,SC2002269NCR,Qa,/data/apps/talend/shared/scripts/nbx/Dim/config/SrcCruise_TgtVoyage,spark.target.location,s3://vv-qa-emr-cluster/data/mart/hvtb_mart_dim_voyage
SrcCruise,TgtVoyage,SC2002269NCR,Qa,/data/apps/talend/shared/scripts/nbx/Dim/config/SrcCruise_TgtVoyage,spark.redshift.schema,Hive_schema_stg
SrcCruise,TgtVoyage,SC2002269NCR,Qa,/data/apps/talend/shared/scripts/nbx/Dim/config/SrcCruise_TgtVoyage,spark.redshift.tablename,voyage_dim
SrcCruise,TgtVoyage,SC2002269NCR,Qa,/data/apps/talend/shared/scripts/nbx/Dim/config/SrcCruise_TgtVoyage,spark.scdtype,type1
SrcCruise,TgtVoyage,SC2002269NCR,Qa,/data/apps/talend/shared/scripts/nbx/Dim/config/SrcCruise_TgtVoyage,spark.tableType,DIMENSION
SrcCruise,TgtVoyage,SC2002269NCR,Qa,/data/apps/talend/shared/scripts/nbx/Dim/config/SrcCruise_TgtVoyage,spark.frameworkEnv,shore
SrcCrIti,TgtItinery,SC2002269NCR,Qa,/data/apps/talend/shared/scripts/nbx/Dim/config/SrcCrIti_TgtIti,spark.src.config.id,SrcCrIti
SrcCrIti,TgtItinery,SC2002269NCR,Qa,/data/apps/talend/shared/scripts/nbx/Dim/config/SrcCrIti_TgtIti,spark.voyage.id,SC2002269NCR
SrcCrIti,TgtItinery,SC2002269NCR,Qa,/data/apps/talend/shared/scripts/nbx/Dim/config/SrcCrIti_TgtIti,spark.tgt.env,Qa
SrcCrIti,TgtItinery,SC2002269NCR,Qa,/data/apps/talend/shared/scripts/nbx/Dim/config/SrcCrIti_TgtIti,spark.target.config.id,TgtItinery
SrcCrIti,TgtItinery,SC2002269NCR,Qa,/data/apps/talend/shared/scripts/nbx/Dim/config/SrcCrIti_TgtIti,spark.parent.id,SrcShrIti-TgtShrIti-SC2002269NCR
SrcCrIti,TgtItinery,SC2002269NCR,Qa,/data/apps/talend/shared/scripts/nbx/Dim/config/SrcCrIti_TgtIti,spark.target.ops.table.format,org.apache.phoenix.spark
SrcCrIti,TgtItinery,SC2002269NCR,Qa,/data/apps/talend/shared/scripts/nbx/Dim/config/SrcCrIti_TgtIti,spark.target.ops.table.mode,overwrite
SrcCrIti,TgtItinery,SC2002269NCR,Qa,/data/apps/talend/shared/scripts/nbx/Dim/config/SrcCrIti_TgtIti,spark.target.enablerops_table,HBTB_INGESTION_METADATA 
SrcCrIti,TgtItinery,SC2002269NCR,Qa,/data/apps/talend/shared/scripts/nbx/Dim/config/SrcCrIti_TgtIti,spark.target.zkurl,10.4.100.154:2181/hbase-unsecure
SrcCrIti,TgtItinery,SC2002269NCR,Qa,/data/apps/talend/shared/scripts/nbx/Dim/config/SrcCrIti_TgtIti,spark.table.type,dim
SrcCrIti,TgtItinery,SC2002269NCR,Qa,/data/apps/talend/shared/scripts/nbx/Dim/config/SrcCrIti_TgtIti,spark.redshift.url,jdbc:redshift://10.4.0.203:5439/qanbx
SrcCrIti,TgtItinery,SC2002269NCR,Qa,/data/apps/talend/shared/scripts/nbx/Dim/config/SrcCrIti_TgtIti,spark.redshift.username,talenduser
SrcCrIti,TgtItinery,SC2002269NCR,Qa,/data/apps/talend/shared/scripts/nbx/Dim/config/SrcCrIti_TgtIti,spark.redshift.password,Talenduser@123
SrcCrIti,TgtItinery,SC2002269NCR,Qa,/data/apps/talend/shared/scripts/nbx/Dim/config/SrcCrIti_TgtIti,spark.source.sql,"select voyage_id as voyageid,number as voyage_number,itinerary_id,itinerary_voyageitineraryid,namekey,cast(itinerary_itineraryday as int)as itinerary_itineraryday,embarkdate,debarkdate,embarkportcode,debarkportcode,itinerary_gangwayopeningtime,itinerary_gangwayclosingtime,itinerary_departuretime,itinerary_arrivaltime,itinerary_isseaday,batchtime,part_date,Cast(split(itinerary_date,'T')[0] as date)as sale_date,itinerary_date as itinerary_day_date from shipdw.hvtb_parse_mxp_shore_itinerary "
SrcCrIti,TgtItinery,SC2002269NCR,Qa,/data/apps/talend/shared/scripts/nbx/Dim/config/SrcCrIti_TgtIti,spark.source.columns,"voyageid,voyage_number,itinerary_id,itinerary_voyageitineraryid,namekey,itinerary_itineraryday,embarkdate,debarkdate,embarkportcode,debarkportcode,itinerary_gangwayopeningtime,itinerary_gangwayclosingtime,itinerary_departuretime,itinerary_arrivaltime,itinerary_isseaday,itinerary_day_date"
SrcCrIti,TgtItinery,SC2002269NCR,Qa,/data/apps/talend/shared/scripts/nbx/Dim/config/SrcCrIti_TgtIti,spark.pond.allColumns,"itinerary_skey as pond_itinerary_skey,voyage_id as pond_voyage_id,voyage_number as pond_voyage_number,itinerary_id as pond_itinerary_id,voyage_itinerary_guid as pond_voyage_itinerary_guid,itinerary_name as pond_itinerary_name,itinerary_day as pond_itinerary_day,itinerary_embark_dt as pond_itinerary_embark_dt,itinerary_debark_dt as pond_itinerary_debark_dt,itinerary_embark_port_code as pond_itinerary_embark_port_code,itinerary_debark_port_code as pond_itinerary_debark_port_code,gangway_open_time as pond_gangway_open_time,gangway_close_time as pond_gangway_close_time,itinerary_departure_time as pond_itinerary_departure_time,itinerary_arrival_time as pond_itinerary_arrival_time,itinerary_isseaDay as pond_itinerary_isseaDay,load_dt as pond_load_dt,upd_dt as pond_upd_dt,itinerary_day_date as pond_itinerary_day_date,primaryhash as pond_primaryhash,md5_hash as pond_md5_hash"
SrcCrIti,TgtItinery,SC2002269NCR,Qa,/data/apps/talend/shared/scripts/nbx/Dim/config/SrcCrIti_TgtIti,spark.surrogate_key.column,itinerary_skey
SrcCrIti,TgtItinery,SC2002269NCR,Qa,/data/apps/talend/shared/scripts/nbx/Dim/config/SrcCrIti_TgtIti,spark.pond.database,shipdw
SrcCrIti,TgtItinery,SC2002269NCR,Qa,/data/apps/talend/shared/scripts/nbx/Dim/config/SrcCrIti_TgtIti,spark.pond.table,hvtb_mart_dim_itinerary
SrcCrIti,TgtItinery,SC2002269NCR,Qa,/data/apps/talend/shared/scripts/nbx/Dim/config/SrcCrIti_TgtIti,spark.target.schema,shipdw
SrcCrIti,TgtItinery,SC2002269NCR,Qa,/data/apps/talend/shared/scripts/nbx/Dim/config/SrcCrIti_TgtIti,spark.target.table,itinerary_dim
SrcCrIti,TgtItinery,SC2002269NCR,Qa,/data/apps/talend/shared/scripts/nbx/Dim/config/SrcCrIti_TgtIti,spark.source.primaryKeyColumns,itinerary_id
SrcCrIti,TgtItinery,SC2002269NCR,Qa,/data/apps/talend/shared/scripts/nbx/Dim/config/SrcCrIti_TgtIti,spark.target.final_collist,""" itinerary_skey,final_view.voyageid as voyage_id,final_view.voyage_number as voyage_number,final_view.itinerary_id as itinerary_id,final_view.itinerary_voyageitineraryid as voyage_itinerary_guid ,final_view.namekey as itinerary_name,cast(final_view.itinerary_itineraryday as int)as itinerary_day,Cast (final_view.embarkdate as timestamp)as  itinerary_embark_dt,cast(final_view.debarkdate as timestamp) as itinerary_debark_dt,final_view.embarkportcode as itinerary_embark_port_code,final_view.debarkportcode as itinerary_debark_port_code ,Cast(final_view.itinerary_gangwayopeningtime as timestamp) as gangway_open_time ,cast(final_view.itinerary_gangwayclosingtime as timestamp) as gangway_close_time,cast(final_view.itinerary_departuretime as timestamp) as itinerary_departure_time,cast(final_view.itinerary_arrivaltime as timestamp) as itinerary_arrival_time,final_view.itinerary_isseaday,final_view.itinerary_day_date,load_dt,upd_dt,primaryhash,md5_hash"""
SrcCrIti,TgtItinery,SC2002269NCR,Qa,/data/apps/talend/shared/scripts/nbx/Dim/config/SrcCrIti_TgtIti,spark.target.temp,s3://vv-qa-emr-cluster/data/temp/hvtb_mart_dim_itinerary
SrcCrIti,TgtItinery,SC2002269NCR,Qa,/data/apps/talend/shared/scripts/nbx/Dim/config/SrcCrIti_TgtIti,spark.target.location,s3://vv-qa-emr-cluster/data/mart/hvtb_mart_dim_itinerary
SrcCrIti,TgtItinery,SC2002269NCR,Qa,/data/apps/talend/shared/scripts/nbx/Dim/config/SrcCrIti_TgtIti,spark.redshift.schema,Hive_schema_stg
SrcCrIti,TgtItinery,SC2002269NCR,Qa,/data/apps/talend/shared/scripts/nbx/Dim/config/SrcCrIti_TgtIti,spark.redshift.tablename,itinerary_dim
SrcCrIti,TgtItinery,SC2002269NCR,Qa,/data/apps/talend/shared/scripts/nbx/Dim/config/SrcCrIti_TgtIti,spark.scdtype,type1
SrcCrIti,TgtItinery,SC2002269NCR,Qa,/data/apps/talend/shared/scripts/nbx/Dim/config/SrcCrIti_TgtIti,spark.tableType,DIMENSION
SrcCrIti,TgtItinery,SC2002269NCR,Qa,/data/apps/talend/shared/scripts/nbx/Dim/config/SrcCrIti_TgtIti,spark.frameworkEnv,shore
SrcSales,TgtSaleDetail,SC2002269NCR,Qa,/data/apps/talend/shared/scripts/nbx/Dim/config/SrcSales_TgtSaleDetail,spark.src.config.id,SrcSales
SrcSales,TgtSaleDetail,SC2002269NCR,Qa,/data/apps/talend/shared/scripts/nbx/Dim/config/SrcSales_TgtSaleDetail,spark.voyage.id,SC2002269NCR
SrcSales,TgtSaleDetail,SC2002269NCR,Qa,/data/apps/talend/shared/scripts/nbx/Dim/config/SrcSales_TgtSaleDetail,spark.tgt.env,Qa
SrcSales,TgtSaleDetail,SC2002269NCR,Qa,/data/apps/talend/shared/scripts/nbx/Dim/config/SrcSales_TgtSaleDetail,spark.target.config.id,TgtSaleDetail
SrcSales,TgtSaleDetail,SC2002269NCR,Qa,/data/apps/talend/shared/scripts/nbx/Dim/config/SrcSales_TgtSaleDetail,spark.parent.id,SrcShrPosSales-TgtShrPOsSales-SC2002269NCR
SrcSales,TgtSaleDetail,SC2002269NCR,Qa,/data/apps/talend/shared/scripts/nbx/Dim/config/SrcSales_TgtSaleDetail,spark.target.ops.table.format,org.apache.phoenix.spark
SrcSales,TgtSaleDetail,SC2002269NCR,Qa,/data/apps/talend/shared/scripts/nbx/Dim/config/SrcSales_TgtSaleDetail,spark.target.ops.table.mode,overwrite
SrcSales,TgtSaleDetail,SC2002269NCR,Qa,/data/apps/talend/shared/scripts/nbx/Dim/config/SrcSales_TgtSaleDetail,spark.target.enablerops_table,HBTB_INGESTION_METADATA 
SrcSales,TgtSaleDetail,SC2002269NCR,Qa,/data/apps/talend/shared/scripts/nbx/Dim/config/SrcSales_TgtSaleDetail,spark.target.zkurl,10.4.100.154:2181/hbase-unsecure
SrcSales,TgtSaleDetail,SC2002269NCR,Qa,/data/apps/talend/shared/scripts/nbx/Dim/config/SrcSales_TgtSaleDetail,spark.table.type,dim
SrcSales,TgtSaleDetail,SC2002269NCR,Qa,/data/apps/talend/shared/scripts/nbx/Dim/config/SrcSales_TgtSaleDetail,spark.redshift.url,jdbc:redshift://10.4.0.203:5439/qanbx
SrcSales,TgtSaleDetail,SC2002269NCR,Qa,/data/apps/talend/shared/scripts/nbx/Dim/config/SrcSales_TgtSaleDetail,spark.redshift.username,talenduser
SrcSales,TgtSaleDetail,SC2002269NCR,Qa,/data/apps/talend/shared/scripts/nbx/Dim/config/SrcSales_TgtSaleDetail,spark.redshift.password,Talenduser@123
SrcSales,TgtSaleDetail,SC2002269NCR,Qa,/data/apps/talend/shared/scripts/nbx/Dim/config/SrcSales_TgtSaleDetail,spark.source.sql,"select sale.voyageid as voyageid,sale.batchtime as batchtime,sale.sales_id as sales_id,cast(sale.sales_operatornr as int) as sales_operatornr, 'POS' as sale_detail_src ,sale.sales_receiptnr as sales_receiptnr,sale.sales_checkstatus as sales_checkstatus from shipdw.hvtb_parse_mxp_pos_sales sale where sale.sales_outletid != 1001000000100000170 or sale.sales_outletname != 'Casino' "
SrcSales,TgtSaleDetail,SC2002269NCR,Qa,/data/apps/talend/shared/scripts/nbx/Dim/config/SrcSales_TgtSaleDetail,spark.source.columns,"voyageid,sales_id,sales_operatornr ,sales_receiptnr,sales_checkstatus,location,line_type,line_status,line_description"
SrcSales,TgtSaleDetail,SC2002269NCR,Qa,/data/apps/talend/shared/scripts/nbx/Dim/config/SrcSales_TgtSaleDetail,spark.pond.allColumns,"sale_detail_skey as pond_sale_detail_skey, voyage_id as pond_voyage_id, sale_id as pond_sale_id, sale_operator_num as pond_sale_operator_num, sale_detail_src as pond_sale_detail_src,receipt_number as pond_receipt_number, check_status as pond_check_status, location as pond_location,line_type as pond_line_type, line_status as pond_line_status,line_description as pond_line_description,load_dt as pond_load_dt, upd_dt as pond_upd_dt, primaryhash as pond_primaryhash, md5_hash as pond_md5_hash"
SrcSales,TgtSaleDetail,SC2002269NCR,Qa,/data/apps/talend/shared/scripts/nbx/Dim/config/SrcSales_TgtSaleDetail,spark.surrogate_key.column,sale_detail_skey
SrcSales,TgtSaleDetail,SC2002269NCR,Qa,/data/apps/talend/shared/scripts/nbx/Dim/config/SrcSales_TgtSaleDetail,spark.pond.database,shipdw
SrcSales,TgtSaleDetail,SC2002269NCR,Qa,/data/apps/talend/shared/scripts/nbx/Dim/config/SrcSales_TgtSaleDetail,spark.pond.table,hvtb_mart_dim_sale_detail
SrcSales,TgtSaleDetail,SC2002269NCR,Qa,/data/apps/talend/shared/scripts/nbx/Dim/config/SrcSales_TgtSaleDetail,spark.source.primaryKeyColumns,sales_id
SrcSales,TgtSaleDetail,SC2002269NCR,Qa,/data/apps/talend/shared/scripts/nbx/Dim/config/SrcSales_TgtSaleDetail,spark.target.final_collist,"sale_detail_skey,  final_view.voyageid as voyage_id,  final_view.sales_id as sale_id , final_view.sale_detail_src as sale_detail_src, cast(final_view.sales_operatornr as int) as sale_operator_num  , final_view.sales_receiptnr as receipt_number,final_view.sales_checkstatus as  check_status, final_view.location as location,final_view.line_type as line_type,final_view.line_Status as line_Status,final_view.line_description as line_description,load_dt, upd_dt, primaryhash, md5_hash"
SrcSales,TgtSaleDetail,SC2002269NCR,Qa,/data/apps/talend/shared/scripts/nbx/Dim/config/SrcSales_TgtSaleDetail,spark.target.temp,s3://vv-qa-emr-cluster/data/temp/hvtb_mart_dim_sale_detail
SrcSales,TgtSaleDetail,SC2002269NCR,Qa,/data/apps/talend/shared/scripts/nbx/Dim/config/SrcSales_TgtSaleDetail,spark.target.location,s3://vv-qa-emr-cluster/data/mart/hvtb_mart_dim_sale_detail
SrcSales,TgtSaleDetail,SC2002269NCR,Qa,/data/apps/talend/shared/scripts/nbx/Dim/config/SrcSales_TgtSaleDetail,spark.redshift.schema,Hive_schema_stg
SrcSales,TgtSaleDetail,SC2002269NCR,Qa,/data/apps/talend/shared/scripts/nbx/Dim/config/SrcSales_TgtSaleDetail,spark.redshift.tablename,sail_detail_dim
SrcSales,TgtSaleDetail,SC2002269NCR,Qa,/data/apps/talend/shared/scripts/nbx/Dim/config/SrcSales_TgtSaleDetail,spark.scdtype,type1
SrcSales,TgtSaleDetail,SC2002269NCR,Qa,/data/apps/talend/shared/scripts/nbx/Dim/config/SrcSales_TgtSaleDetail,spark.tableType,DIMENSION
SrcSales,TgtSaleDetail,SC2002269NCR,Qa,/data/apps/talend/shared/scripts/nbx/Dim/config/SrcSales_TgtSaleDetail,spark.frameworkEnv,shore
SrcItem,TgtItem,SC2002269NCR,Qa,/data/apps/talend/shared/scripts/nbx/Dim/config/SrcItem_TgtItem,spark.src.config.id,SrcItem
SrcItem,TgtItem,SC2002269NCR,Qa,/data/apps/talend/shared/scripts/nbx/Dim/config/SrcItem_TgtItem,spark.voyage.id,SC2002269NCR
SrcItem,TgtItem,SC2002269NCR,Qa,/data/apps/talend/shared/scripts/nbx/Dim/config/SrcItem_TgtItem,spark.tgt.env,Qa
SrcItem,TgtItem,SC2002269NCR,Qa,/data/apps/talend/shared/scripts/nbx/Dim/config/SrcItem_TgtItem,spark.target.config.id,TgtItem
SrcItem,TgtItem,SC2002269NCR,Qa,/data/apps/talend/shared/scripts/nbx/Dim/config/SrcItem_TgtItem,spark.parent.id,SrcShrPosItem-TgtShrPosItem-SC2002269NCR 
SrcItem,TgtItem,SC2002269NCR,Qa,/data/apps/talend/shared/scripts/nbx/Dim/config/SrcItem_TgtItem,spark.target.ops.table.format,org.apache.phoenix.spark
SrcItem,TgtItem,SC2002269NCR,Qa,/data/apps/talend/shared/scripts/nbx/Dim/config/SrcItem_TgtItem,spark.target.ops.table.mode,overwrite
SrcItem,TgtItem,SC2002269NCR,Qa,/data/apps/talend/shared/scripts/nbx/Dim/config/SrcItem_TgtItem,spark.target.enablerops_table,HBTB_INGESTION_METADATA 
SrcItem,TgtItem,SC2002269NCR,Qa,/data/apps/talend/shared/scripts/nbx/Dim/config/SrcItem_TgtItem,spark.target.zkurl,10.4.100.154:2181/hbase-unsecure
SrcItem,TgtItem,SC2002269NCR,Qa,/data/apps/talend/shared/scripts/nbx/Dim/config/SrcItem_TgtItem,spark.table.type,dim
SrcItem,TgtItem,SC2002269NCR,Qa,/data/apps/talend/shared/scripts/nbx/Dim/config/SrcItem_TgtItem,spark.redshift.url,jdbc:redshift://10.4.0.203:5439/qanbx
SrcItem,TgtItem,SC2002269NCR,Qa,/data/apps/talend/shared/scripts/nbx/Dim/config/SrcItem_TgtItem,spark.redshift.username,talenduser
SrcItem,TgtItem,SC2002269NCR,Qa,/data/apps/talend/shared/scripts/nbx/Dim/config/SrcItem_TgtItem,spark.redshift.password,Talenduser@123
SrcItem,TgtItem,SC2002269NCR,Qa,/data/apps/talend/shared/scripts/nbx/Dim/config/SrcItem_TgtItem,spark.source.columns,"voyage_id,items_number,items_name,plugroups_name,plugroups_nr,categories_number,categories_name,partner_share_pct,vv_gross_pct"
SrcItem,TgtItem,SC2002269NCR,Qa,/data/apps/talend/shared/scripts/nbx/Dim/config/SrcItem_TgtItem,spark.pond.allColumns,"item_skey as pond_item_skey,voyage_id as pond_voyage_id,item_plu_number as pond_item_plu_number,item_name as pond_item_name,item_plu_group_number as pond_item_plu_group_number,item_plu_group_name as pond_item_plu_group_name,item_plu_category_number as pond_item_plu_category_number,item_plu_category_name as pond_item_plu_category_name,partner_share_pct as pond_partner_share_pct,vv_gross_pct as pond_vv_gross_pct,load_dt as pond_load_dt,upd_dt as pond_upd_dt,primaryhash as pond_primaryhash,md5_hash as pond_md5_hash"
SrcItem,TgtItem,SC2002269NCR,Qa,/data/apps/talend/shared/scripts/nbx/Dim/config/SrcItem_TgtItem,spark.surrogate_key.column,item_skey
SrcItem,TgtItem,SC2002269NCR,Qa,/data/apps/talend/shared/scripts/nbx/Dim/config/SrcItem_TgtItem,spark.pond.database,shipdw
SrcItem,TgtItem,SC2002269NCR,Qa,/data/apps/talend/shared/scripts/nbx/Dim/config/SrcItem_TgtItem,spark.pond.table,hvtb_mart_dim_pos_item
SrcItem,TgtItem,SC2002269NCR,Qa,/data/apps/talend/shared/scripts/nbx/Dim/config/SrcItem_TgtItem,spark.target.schema,shipdw
SrcItem,TgtItem,SC2002269NCR,Qa,/data/apps/talend/shared/scripts/nbx/Dim/config/SrcItem_TgtItem,spark.target.table,item_dim
SrcItem,TgtItem,SC2002269NCR,Qa,/data/apps/talend/shared/scripts/nbx/Dim/config/SrcItem_TgtItem,spark.source.primaryKeyColumns,items_number
SrcItem,TgtItem,SC2002269NCR,Qa,/data/apps/talend/shared/scripts/nbx/Dim/config/SrcItem_TgtItem,spark.target.final_collist,"item_skey,cast(final_view.voyage_id as string) as voyage_id,final_view.items_name as item_name ,final_view.items_number as item_plu_number,cast(final_view.plugroups_nr as string) as item_plu_group_number,final_view.plugroups_name as item_plu_group_name,final_view.categories_number as item_plu_category_number,final_view.categories_name as item_plu_category_name,cast(final_view.partner_share_pct as decimal) as partner_share_pct ,cast(final_view.vv_gross_pct as decimal) as vv_gross_pct,load_dt,upd_dt,primaryhash,md5_hash"
SrcItem,TgtItem,SC2002269NCR,Qa,/data/apps/talend/shared/scripts/nbx/Dim/config/SrcItem_TgtItem,spark.target.temp,s3://vv-qa-emr-cluster/data/temp/hvtb_mart_dim_pos_item
SrcItem,TgtItem,SC2002269NCR,Qa,/data/apps/talend/shared/scripts/nbx/Dim/config/SrcItem_TgtItem,spark.target.location,s3://vv-qa-emr-cluster/data/mart/hvtb_mart_dim_pos_item
SrcItem,TgtItem,SC2002269NCR,Qa,/data/apps/talend/shared/scripts/nbx/Dim/config/SrcItem_TgtItem,spark.redshift.schema,Hive_schema_stg
SrcItem,TgtItem,SC2002269NCR,Qa,/data/apps/talend/shared/scripts/nbx/Dim/config/SrcItem_TgtItem,spark.redshift.tablename,item_dim
SrcItem,TgtItem,SC2002269NCR,Qa,/data/apps/talend/shared/scripts/nbx/Dim/config/SrcItem_TgtItem,spark.scdtype,type1
SrcItem,TgtItem,SC2002269NCR,Qa,/data/apps/talend/shared/scripts/nbx/Dim/config/SrcItem_TgtItem,spark.tableType,DIMENSION
SrcItem,TgtItem,SC2002269NCR,Qa,/data/apps/talend/shared/scripts/nbx/Dim/config/SrcItem_TgtItem,spark.frameworkEnv,shore
SrcSales,TgtOutlet,SC2002269NCR,Qa,/data/apps/talend/shared/scripts/nbx/Dim/config/SrcSales_TgtOutlet,spark.src.config.id,SrcSales
SrcSales,TgtOutlet,SC2002269NCR,Qa,/data/apps/talend/shared/scripts/nbx/Dim/config/SrcSales_TgtOutlet,spark.voyage.id,SC2002269NCR
SrcSales,TgtOutlet,SC2002269NCR,Qa,/data/apps/talend/shared/scripts/nbx/Dim/config/SrcSales_TgtOutlet,spark.tgt.env,Qa
SrcSales,TgtOutlet,SC2002269NCR,Qa,/data/apps/talend/shared/scripts/nbx/Dim/config/SrcSales_TgtOutlet,spark.target.config.id,TgtOutlet
SrcSales,TgtOutlet,SC2002269NCR,Qa,/data/apps/talend/shared/scripts/nbx/Dim/config/SrcSales_TgtOutlet,spark.parent.id,SrcMXPPosSales-TgtMXPPosSales-SC2002269NCR 
SrcSales,TgtOutlet,SC2002269NCR,Qa,/data/apps/talend/shared/scripts/nbx/Dim/config/SrcSales_TgtOutlet,spark.target.ops.table.format,org.apache.phoenix.spark
SrcSales,TgtOutlet,SC2002269NCR,Qa,/data/apps/talend/shared/scripts/nbx/Dim/config/SrcSales_TgtOutlet,spark.target.ops.table.mode,overwrite
SrcSales,TgtOutlet,SC2002269NCR,Qa,/data/apps/talend/shared/scripts/nbx/Dim/config/SrcSales_TgtOutlet,spark.target.enablerops_table,HBTB_INGESTION_METADATA 
SrcSales,TgtOutlet,SC2002269NCR,Qa,/data/apps/talend/shared/scripts/nbx/Dim/config/SrcSales_TgtOutlet,spark.target.zkurl,10.4.100.154:2181/hbase-unsecure
SrcSales,TgtOutlet,SC2002269NCR,Qa,/data/apps/talend/shared/scripts/nbx/Dim/config/SrcSales_TgtOutlet,spark.table.type,dim
SrcSales,TgtOutlet,SC2002269NCR,Qa,/data/apps/talend/shared/scripts/nbx/Dim/config/SrcSales_TgtOutlet,spark.redshift.url,jdbc:redshift://10.4.0.203:5439/qanbx
SrcSales,TgtOutlet,SC2002269NCR,Qa,/data/apps/talend/shared/scripts/nbx/Dim/config/SrcSales_TgtOutlet,spark.redshift.username,talenduser
SrcSales,TgtOutlet,SC2002269NCR,Qa,/data/apps/talend/shared/scripts/nbx/Dim/config/SrcSales_TgtOutlet,spark.redshift.password,Talenduser@123
SrcSales,TgtOutlet,SC2002269NCR,Qa,/data/apps/talend/shared/scripts/nbx/Dim/config/SrcSales_TgtOutlet,spark.source.sql,"select Sales_OutletId,Sales_OutletName,VoyageID,batchtime,part_date from shipdw.hvtb_parse_mxp_pos_sales"
SrcSales,TgtOutlet,SC2002269NCR,Qa,/data/apps/talend/shared/scripts/nbx/Dim/config/SrcSales_TgtOutlet,spark.source.columns,"Sales_OutletId,Sales_OutletName,VoyageID"
SrcSales,TgtOutlet,SC2002269NCR,Qa,/data/apps/talend/shared/scripts/nbx/Dim/config/SrcSales_TgtOutlet,spark.pond.allColumns,"outlet_id as pond_outlet_id,Outlet_Name as pond_Outlet_Name,VoyageID as pond_VoyageID,outlet_skey as pond_outlet_skey,load_dt as pond_load_dt,upd_dt as pond_upd_dt,primaryhash as pond_primaryhash,md5_hash as pond_md5_hash"
SrcSales,TgtOutlet,SC2002269NCR,Qa,/data/apps/talend/shared/scripts/nbx/Dim/config/SrcSales_TgtOutlet,spark.surrogate_key.column,outlet_skey
SrcSales,TgtOutlet,SC2002269NCR,Qa,/data/apps/talend/shared/scripts/nbx/Dim/config/SrcSales_TgtOutlet,spark.pond.database,shipdw
SrcSales,TgtOutlet,SC2002269NCR,Qa,/data/apps/talend/shared/scripts/nbx/Dim/config/SrcSales_TgtOutlet,spark.pond.table,hvtb_mart_dim_outlet
SrcSales,TgtOutlet,SC2002269NCR,Qa,/data/apps/talend/shared/scripts/nbx/Dim/config/SrcSales_TgtOutlet,spark.source.primaryKeyColumns,Sales_OutletId
SrcSales,TgtOutlet,SC2002269NCR,Qa,/data/apps/talend/shared/scripts/nbx/Dim/config/SrcSales_TgtOutlet,spark.target.final_collist,"final_view.outlet_skey as outlet_skey,final_view.Sales_OutletId as outlet_id,final_view.Sales_OutletName as Outlet_Name,final_view.VoyageID as VoyageID,final_view.load_dt as load_dt,final_view.upd_dt as upd_dt,primaryhash,md5_hash"
SrcSales,TgtOutlet,SC2002269NCR,Qa,/data/apps/talend/shared/scripts/nbx/Dim/config/SrcSales_TgtOutlet,spark.target.temp,s3://vv-qa-emr-cluster/data/temp/hvtb_mart_dim_outlet
SrcSales,TgtOutlet,SC2002269NCR,Qa,/data/apps/talend/shared/scripts/nbx/Dim/config/SrcSales_TgtOutlet,spark.target.location,s3://vv-qa-emr-cluster/data/mart/hvtb_mart_dim_outlet
SrcSales,TgtOutlet,SC2002269NCR,Qa,/data/apps/talend/shared/scripts/nbx/Dim/config/SrcSales_TgtOutlet,spark.redshift.schema,Hive_schema_stg
SrcSales,TgtOutlet,SC2002269NCR,Qa,/data/apps/talend/shared/scripts/nbx/Dim/config/SrcSales_TgtOutlet,spark.redshift.tablename,outlet_dim
SrcSales,TgtOutlet,SC2002269NCR,Qa,/data/apps/talend/shared/scripts/nbx/Dim/config/SrcSales_TgtOutlet,spark.scdtype,type1
SrcSales,TgtOutlet,SC2002269NCR,Qa,/data/apps/talend/shared/scripts/nbx/Dim/config/SrcSales_TgtOutlet,spark.tableType,DIMENSION
SrcSales,TgtOutlet,SC2002269NCR,Qa,/data/apps/talend/shared/scripts/nbx/Dim/config/SrcSales_TgtOutlet,spark.frameworkEnv,shore
SrcPersonDetail,TgtFolioItem,SC2002269NCR,Qa,/data/apps/talend/shared/scripts/nbx/Dim/config/SrcPersonDetail_TgtFolioItem,spark.src.config.id,SrcPersonDetail
SrcPersonDetail,TgtFolioItem,SC2002269NCR,Qa,/data/apps/talend/shared/scripts/nbx/Dim/config/SrcPersonDetail_TgtFolioItem,spark.voyage.id,SC2002269NCR
SrcPersonDetail,TgtFolioItem,SC2002269NCR,Qa,/data/apps/talend/shared/scripts/nbx/Dim/config/SrcPersonDetail_TgtFolioItem,spark.tgt.env,Qa
SrcPersonDetail,TgtFolioItem,SC2002269NCR,Qa,/data/apps/talend/shared/scripts/nbx/Dim/config/SrcPersonDetail_TgtFolioItem,spark.target.config.id,TgtFolioItem
SrcPersonDetail,TgtFolioItem,SC2002269NCR,Qa,/data/apps/talend/shared/scripts/nbx/Dim/config/SrcPersonDetail_TgtFolioItem,spark.parent.id,SrcShrFolioItemParse-TgtShrFolioItemParse-SC2002269NCR
SrcPersonDetail,TgtFolioItem,SC2002269NCR,Qa,/data/apps/talend/shared/scripts/nbx/Dim/config/SrcPersonDetail_TgtFolioItem,spark.target.ops.table.format,org.apache.phoenix.spark
SrcPersonDetail,TgtFolioItem,SC2002269NCR,Qa,/data/apps/talend/shared/scripts/nbx/Dim/config/SrcPersonDetail_TgtFolioItem,spark.target.ops.table.mode,overwrite
SrcPersonDetail,TgtFolioItem,SC2002269NCR,Qa,/data/apps/talend/shared/scripts/nbx/Dim/config/SrcPersonDetail_TgtFolioItem,spark.target.enablerops_table,HBTB_INGESTION_METADATA 
SrcPersonDetail,TgtFolioItem,SC2002269NCR,Qa,/data/apps/talend/shared/scripts/nbx/Dim/config/SrcPersonDetail_TgtFolioItem,spark.target.zkurl,10.4.100.154:2181/hbase-unsecure
SrcPersonDetail,TgtFolioItem,SC2002269NCR,Qa,/data/apps/talend/shared/scripts/nbx/Dim/config/SrcPersonDetail_TgtFolioItem,spark.table.type,dim
SrcPersonDetail,TgtFolioItem,SC2002269NCR,Qa,/data/apps/talend/shared/scripts/nbx/Dim/config/SrcPersonDetail_TgtFolioItem,spark.redshift.url,jdbc:redshift://10.4.0.203:5439/qanbx
SrcPersonDetail,TgtFolioItem,SC2002269NCR,Qa,/data/apps/talend/shared/scripts/nbx/Dim/config/SrcPersonDetail_TgtFolioItem,spark.redshift.username,talenduser
SrcPersonDetail,TgtFolioItem,SC2002269NCR,Qa,/data/apps/talend/shared/scripts/nbx/Dim/config/SrcPersonDetail_TgtFolioItem,spark.redshift.password,Talenduser@123
SrcPersonDetail,TgtFolioItem,SC2002269NCR,Qa,/data/apps/talend/shared/scripts/nbx/Dim/config/SrcPersonDetail_TgtFolioItem,spark.source.sql,"select voyageid as voyage_id,folio_item_quickcode,batchtime,part_date from shipdw.hvtb_parse_folio_vperson_account_detail"
SrcPersonDetail,TgtFolioItem,SC2002269NCR,Qa,/data/apps/talend/shared/scripts/nbx/Dim/config/SrcPersonDetail_TgtFolioItem,spark.source.columns,"voyage_id,folio_item_quickcode,quickcode_name,quickcode_type"
SrcPersonDetail,TgtFolioItem,SC2002269NCR,Qa,/data/apps/talend/shared/scripts/nbx/Dim/config/SrcPersonDetail_TgtFolioItem,spark.pond.allColumns,"folio_item_skey as pond_folio_item_skey,voyage_id as pond_voyage_id,folio_item_quickcode as pond_folio_item_quickcode,quickcode_name as pond_quickcode_name,quickcode_type as pond_quickcode_type,load_dt as pond_load_dt,upd_dt as pond_upd_dt,primaryhash as pond_primaryhash,md5_hash as pond_md5_hash"
SrcPersonDetail,TgtFolioItem,SC2002269NCR,Qa,/data/apps/talend/shared/scripts/nbx/Dim/config/SrcPersonDetail_TgtFolioItem,spark.surrogate_key.column,folio_item_skey
SrcPersonDetail,TgtFolioItem,SC2002269NCR,Qa,/data/apps/talend/shared/scripts/nbx/Dim/config/SrcPersonDetail_TgtFolioItem,spark.pond.database,shipdw
SrcPersonDetail,TgtFolioItem,SC2002269NCR,Qa,/data/apps/talend/shared/scripts/nbx/Dim/config/SrcPersonDetail_TgtFolioItem,spark.pond.table,hvtb_mart_dim_folio_item
SrcPersonDetail,TgtFolioItem,SC2002269NCR,Qa,/data/apps/talend/shared/scripts/nbx/Dim/config/SrcPersonDetail_TgtFolioItem,spark.source.primaryKeyColumns,folio_item_quickcode
SrcPersonDetail,TgtFolioItem,SC2002269NCR,Qa,/data/apps/talend/shared/scripts/nbx/Dim/config/SrcPersonDetail_TgtFolioItem,spark.target.final_collist,"folio_item_skey,cast(final_view.voyage_id as string) as voyage_id, final_view.folio_item_quickcode as folio_item_quickcode,final_view.quickcode_name as quickcode_name,final_view.quickcode_type as quickcode_type,load_dt,upd_dt,primaryhash,md5_hash"
SrcPersonDetail,TgtFolioItem,SC2002269NCR,Qa,/data/apps/talend/shared/scripts/nbx/Dim/config/SrcPersonDetail_TgtFolioItem,spark.target.temp,s3://vv-qa-emr-cluster/data/temp/hvtb_mart_dim_folio_item
SrcPersonDetail,TgtFolioItem,SC2002269NCR,Qa,/data/apps/talend/shared/scripts/nbx/Dim/config/SrcPersonDetail_TgtFolioItem,spark.target.location,s3://vv-qa-emr-cluster/data/mart/hvtb_mart_dim_folio_item
SrcPersonDetail,TgtFolioItem,SC2002269NCR,Qa,/data/apps/talend/shared/scripts/nbx/Dim/config/SrcPersonDetail_TgtFolioItem,spark.redshift.schema,Hive_schema_stg
SrcPersonDetail,TgtFolioItem,SC2002269NCR,Qa,/data/apps/talend/shared/scripts/nbx/Dim/config/SrcPersonDetail_TgtFolioItem,spark.redshift.tablename,folio_item_dim
SrcPersonDetail,TgtFolioItem,SC2002269NCR,Qa,/data/apps/talend/shared/scripts/nbx/Dim/config/SrcPersonDetail_TgtFolioItem,spark.scdtype,type1
SrcPersonDetail,TgtFolioItem,SC2002269NCR,Qa,/data/apps/talend/shared/scripts/nbx/Dim/config/SrcPersonDetail_TgtFolioItem,spark.tableType,DIMENSION
SrcPersonDetail,TgtFolioItem,SC2002269NCR,Qa,/data/apps/talend/shared/scripts/nbx/Dim/config/SrcPersonDetail_TgtFolioItem,spark.frameworkEnv,shore
SrcGuest,TgtPersonDim,SC2002269NCR,Qa,/data/apps/talend/shared/scripts/nbx/Dim/config/SrcGuest_TgtPersonDim,spark.src.config.id,SrcGuest
SrcGuest,TgtPersonDim,SC2002269NCR,Qa,/data/apps/talend/shared/scripts/nbx/Dim/config/SrcGuest_TgtPersonDim,spark.voyage.id,SC2002269NCR
SrcGuest,TgtPersonDim,SC2002269NCR,Qa,/data/apps/talend/shared/scripts/nbx/Dim/config/SrcGuest_TgtPersonDim,spark.tgt.env,Qa
SrcGuest,TgtPersonDim,SC2002269NCR,Qa,/data/apps/talend/shared/scripts/nbx/Dim/config/SrcGuest_TgtPersonDim,spark.target.config.id,TgtPersonDim
SrcGuest,TgtPersonDim,SC2002269NCR,Qa,/data/apps/talend/shared/scripts/nbx/Dim/config/SrcGuest_TgtPersonDim,spark.parent.id,SrcShrGuest-TgtShrGuest-SC2002269NCR
SrcGuest,TgtPersonDim,SC2002269NCR,Qa,/data/apps/talend/shared/scripts/nbx/Dim/config/SrcGuest_TgtPersonDim,spark.target.ops.table.format,org.apache.phoenix.spark
SrcGuest,TgtPersonDim,SC2002269NCR,Qa,/data/apps/talend/shared/scripts/nbx/Dim/config/SrcGuest_TgtPersonDim,spark.target.ops.table.mode,overwrite
SrcGuest,TgtPersonDim,SC2002269NCR,Qa,/data/apps/talend/shared/scripts/nbx/Dim/config/SrcGuest_TgtPersonDim,spark.target.enablerops_table,HBTB_INGESTION_METADATA 
SrcGuest,TgtPersonDim,SC2002269NCR,Qa,/data/apps/talend/shared/scripts/nbx/Dim/config/SrcGuest_TgtPersonDim,spark.target.zkurl,10.4.100.154:2181/hbase-unsecure
SrcGuest,TgtPersonDim,SC2002269NCR,Qa,/data/apps/talend/shared/scripts/nbx/Dim/config/SrcGuest_TgtPersonDim,spark.table.type,dim
SrcGuest,TgtPersonDim,SC2002269NCR,Qa,/data/apps/talend/shared/scripts/nbx/Dim/config/SrcGuest_TgtPersonDim,spark.redshift.url,jdbc:redshift://10.4.0.203:5439/qanbx
SrcGuest,TgtPersonDim,SC2002269NCR,Qa,/data/apps/talend/shared/scripts/nbx/Dim/config/SrcGuest_TgtPersonDim,spark.redshift.username,talenduser
SrcGuest,TgtPersonDim,SC2002269NCR,Qa,/data/apps/talend/shared/scripts/nbx/Dim/config/SrcGuest_TgtPersonDim,spark.redshift.password,Talenduser@123
SrcGuest,TgtPersonDim,SC2002269NCR,Qa,/data/apps/talend/shared/scripts/nbx/Dim/config/SrcGuest_TgtPersonDim,spark.source.columns,"person_id,person_guid,person_charge_id,person_type,person_first_name,person_middle_name,person_last_name,person_dob,person_nationality,person_title,guest_wearable_id,voyage_id,booking_arrival_date,booking_departure_date,booking_reference,cabin_number,cabin_category,cabin_type,person_guid_in_booking,person_guid_in_account,account_number,address_id,address_guid,address_type,address_mailing,address_line1,address_line2,address_line3,address_country,address_postal_code,person_guid_in_address,person_id,bookingguid,voyageid,batchtime,address_city,address_state,sailor_subtribe,sailor_tribe,person_age,mega_rockstar_flag,vip_flag,seaware_id,person_card_status,person_card_type,person_card_level,person_card_color,person_card_color_value"
SrcGuest,TgtPersonDim,SC2002269NCR,Qa,/data/apps/talend/shared/scripts/nbx/Dim/config/SrcGuest_TgtPersonDim,spark.pond.allColumns,"person_skey as pond_person_skey,person_id as pond_person_id,person_guid as pond_person_guid,person_charge_id as pond_person_charge_id,guest_wearable_id as pond_guest_wearable_id,account_number as pond_account_number,person_type as pond_person_type,person_first_name as pond_person_first_name,person_middle_name as pond_person_middle_name,person_last_name as pond_person_last_name,person_dob as pond_person_dob,person_age as pond_person_age,person_nationality as pond_person_nationality,address_country as pond_address_country,address_type as pond_address_type,address_mailing as pond_address_mailing,address_line1 as pond_address_line1,address_line2 as pond_address_line2,address_line3 as pond_address_line3,address_postal_code as pond_address_postal_code,address_city as pond_address_city,address_state as pond_address_state,booking_arrival_date as pond_booking_arrival_date,booking_departure_date as pond_booking_departure_date,booking_reference as pond_booking_reference,cabin_number as pond_cabin_number,cabin_category as pond_cabin_category,cabin_type as pond_cabin_type,mega_rockstar_flag as pond_mega_rockstar_flag,vip_flag as pond_vip_flag,sailor_tribe as pond_sailor_tribe,sailor_subtribe as pond_sailor_subtribe,voyage_id as pond_voyage_id,load_dt as pond_load_dt,upd_dt as pond_upd_dt,primaryhash as pond_primaryhash,md5_hash as pond_md5_hash,seaware_id as pond_seaware_id ,person_card_status as pond_person_card_status,person_card_type as pond_person_card_type,person_card_level as pond_person_card_level,person_card_color as pond_person_card_color,person_card_color_value as pond_person_card_color_value"
SrcGuest,TgtPersonDim,SC2002269NCR,Qa,/data/apps/talend/shared/scripts/nbx/Dim/config/SrcGuest_TgtPersonDim,spark.surrogate_key.column,person_skey
SrcGuest,TgtPersonDim,SC2002269NCR,Qa,/data/apps/talend/shared/scripts/nbx/Dim/config/SrcGuest_TgtPersonDim,spark.pond.database,shipdw
SrcGuest,TgtPersonDim,SC2002269NCR,Qa,/data/apps/talend/shared/scripts/nbx/Dim/config/SrcGuest_TgtPersonDim,spark.pond.table,hvtb_mart_dim_person
SrcGuest,TgtPersonDim,SC2002269NCR,Qa,/data/apps/talend/shared/scripts/nbx/Dim/config/SrcGuest_TgtPersonDim,spark.source.primaryKeyColumns,"person_guid,booking_reference"
SrcGuest,TgtPersonDim,SC2002269NCR,Qa,/data/apps/talend/shared/scripts/nbx/Dim/config/SrcGuest_TgtPersonDim,spark.target.final_collist,"person_skey,cast(person_id as string),person_guid,person_charge_id,guest_wearable_id,cast(account_number as string),person_type,person_first_name,person_middle_name,person_last_name,cast(person_dob as date),person_age,person_nationality,address_country,address_type,cast(address_mailing as string),address_line1,address_line2,address_line3,address_postal_code,address_city,address_state,cast(booking_arrival_date as timestamp),cast(booking_departure_date as timestamp),booking_reference,cabin_number,cabin_category,cabin_type,cast(mega_rockstar_flag as boolean),vip_flag,sailor_tribe,sailor_subtribe,voyage_id,load_dt,upd_dt,primaryhash,md5_hash,seaware_id,person_card_status,person_card_type,person_card_level,person_card_color,person_card_color_value "
SrcGuest,TgtPersonDim,SC2002269NCR,Qa,/data/apps/talend/shared/scripts/nbx/Dim/config/SrcGuest_TgtPersonDim,spark.target.temp,s3://vv-qa-emr-cluster/data/temp/hvtb_mart_dim_person
SrcGuest,TgtPersonDim,SC2002269NCR,Qa,/data/apps/talend/shared/scripts/nbx/Dim/config/SrcGuest_TgtPersonDim,spark.target.location,s3://vv-qa-emr-cluster/data/mart/hvtb_mart_dim_person
SrcGuest,TgtPersonDim,SC2002269NCR,Qa,/data/apps/talend/shared/scripts/nbx/Dim/config/SrcGuest_TgtPersonDim,spark.redshift.schema,Hive_schema_stg
SrcGuest,TgtPersonDim,SC2002269NCR,Qa,/data/apps/talend/shared/scripts/nbx/Dim/config/SrcGuest_TgtPersonDim,spark.redshift.tablename,itinerary_dim
SrcGuest,TgtPersonDim,SC2002269NCR,Qa,/data/apps/talend/shared/scripts/nbx/Dim/config/SrcGuest_TgtPersonDim,spark.scdtype,type1
SrcGuest,TgtPersonDim,SC2002269NCR,Qa,/data/apps/talend/shared/scripts/nbx/Dim/config/SrcGuest_TgtPersonDim,spark.tableType,DIMENSION
SrcGuest,TgtPersonDim,SC2002269NCR,Qa,/data/apps/talend/shared/scripts/nbx/Dim/config/SrcGuest_TgtPersonDim,spark.frameworkEnv,shore
SrcGuest,TgtPersonDim,SC2002269NCR,Qa,/data/apps/talend/shared/scripts/nbx/Dim/config/SrcGuest_TgtPersonDim,spark.person.table,shipdw.hvtb_parse_mxp_shore_guest_person
SrcGuest,TgtPersonDim,SC2002269NCR,Qa,/data/apps/talend/shared/scripts/nbx/Dim/config/SrcGuest_TgtPersonDim,spark.booking.table,shipdw.hvtb_parse_mxp_shore_guest_booking
SrcGuest,TgtPersonDim,SC2002269NCR,Qa,/data/apps/talend/shared/scripts/nbx/Dim/config/SrcGuest_TgtPersonDim,spark.account.table,shipdw.hvtb_parse_mxp_Shore_guest_account
SrcGuest,TgtPersonDim,SC2002269NCR,Qa,/data/apps/talend/shared/scripts/nbx/Dim/config/SrcGuest_TgtPersonDim,spark.ptncard.table ,shipdw.hvtb_parse_konami_vw_odbc_ptncard
SrcGuest,TgtPersonDim,SC2002269NCR,Qa,/data/apps/talend/shared/scripts/nbx/Dim/config/SrcGuest_TgtPersonDim,spark.dailyptsum.table ,shipdw.hvtb_parse_konami_vw_odbc_dailyptsum 
SrcGuest,TgtPersonDim,SC2002269NCR,Qa,/data/apps/talend/shared/scripts/nbx/Dim/config/SrcGuest_TgtPersonDim,spark.address.table,shipdw.hvtb_parse_mxp_Shore_guest_address
SrcGuest,TgtPersonDim,SC2002269NCR,Qa,/data/apps/talend/shared/scripts/nbx/Dim/config/SrcGuest_TgtPersonDim,spark.persondimension.format,org.apache.phoenix.spark
SrcGuest,TgtPersonDim,SC2002269NCR,Qa,/data/apps/talend/shared/scripts/nbx/Dim/config/SrcGuest_TgtPersonDim,spark.persondimension.table,HBTB_SAILOR_TRIBES
SrcGuest,TgtPersonDim,SC2002269NCR,Qa,/data/apps/talend/shared/scripts/nbx/Dim/config/SrcGuest_TgtPersonDim,spark.persondimension.zkurl,10.4.100.154:2181/hbase-unsecure
SrcGuest,TgtPersonDim,SC2002269NCR,Qa,/data/apps/talend/shared/scripts/nbx/Dim/config/SrcGuest_TgtPersonDim,spark.persondimension.jdbcurl,jdbc:phoenix:10.4.100.154:2181/hbase-unsecure
SrcGuest,TgtPersonDim,SC2002269NCR,Qa,/data/apps/talend/shared/scripts/nbx/Dim/config/SrcGuest_TgtPersonDim,spark.tribesubtribe.table,HBTB_NBX_SAILOR_TRIBES
SrcGuest,TgtPersonDim,SC2002269NCR,Qa,/data/apps/talend/shared/scripts/nbx/Dim/config/SrcGuest_TgtPersonDim,spark.persondimension.oauthurl,https://qa.virginvoyages.com/svc/identityaccessmanagement-service/oauth/token?grant_type=client_credentials
SrcGuest,TgtPersonDim,SC2002269NCR,Qa,/data/apps/talend/shared/scripts/nbx/Dim/config/SrcGuest_TgtPersonDim,spark.persondimension.findByTypeAndTargetType,https://qa.virginvoyages.com/svc/xref-api/v1/references/search/findByTypeAndTargetType �
SrcGuest,TgtPersonDim,SC2002269NCR,Qa,/data/apps/talend/shared/scripts/nbx/Dim/config/SrcGuest_TgtPersonDim,spark.persondimension.findalltypes,https://qa.virginvoyages.com/svc/xref-api/v1/types?page=-1&size=-1
SrcGuest,TgtPersonDim,SC2002269NCR,Qa,/data/apps/talend/shared/scripts/nbx/Dim/config/SrcGuest_TgtPersonDim,spark.persondimension.username,a02f3532-86ea-4c59-bc0a-ac7b47a73a37
SrcGuest,TgtPersonDim,SC2002269NCR,Qa,/data/apps/talend/shared/scripts/nbx/Dim/config/SrcGuest_TgtPersonDim,spark.persondimension.password,vAr6nd87KWQbrE9S
SrcGuest,TgtPersonDim,SC2002269NCR,Qa,/data/apps/talend/shared/scripts/nbx/Dim/config/SrcGuest_TgtPersonDim,spark.persondimension.authorization,Basic YTAyZjM1MzItODZlYS00YzU5LWJjMGEtYWM3YjQ3YTczYTM3OnZBcjZuZDg3S1dRYnJFOVM=
SrcFolioSaleDim,TgtFolioSaleDim,SC2002269NCR,Qa,/data/apps/talend/shared/scripts/nbx/Dim/config/SrcFolioSaleDim_TgtFolioSaleDim,spark.src.config.id,SrcFolioSaleDim
SrcFolioSaleDim,TgtFolioSaleDim,SC2002269NCR,Qa,/data/apps/talend/shared/scripts/nbx/Dim/config/SrcFolioSaleDim_TgtFolioSaleDim,spark.voyage.id,SC2002269NCR
SrcFolioSaleDim,TgtFolioSaleDim,SC2002269NCR,Qa,/data/apps/talend/shared/scripts/nbx/Dim/config/SrcFolioSaleDim_TgtFolioSaleDim,spark.tgt.env,Qa
SrcFolioSaleDim,TgtFolioSaleDim,SC2002269NCR,Qa,/data/apps/talend/shared/scripts/nbx/Dim/config/SrcFolioSaleDim_TgtFolioSaleDim,spark.target.config.id,TgtFolioSaleDim
SrcFolioSaleDim,TgtFolioSaleDim,SC2002269NCR,Qa,/data/apps/talend/shared/scripts/nbx/Dim/config/SrcFolioSaleDim_TgtFolioSaleDim,spark.parent.id,SrcShrFolioItemParse-TgtShrFolioItemParse-SC2002269NCR
SrcFolioSaleDim,TgtFolioSaleDim,SC2002269NCR,Qa,/data/apps/talend/shared/scripts/nbx/Dim/config/SrcFolioSaleDim_TgtFolioSaleDim,spark.target.ops.table.format,org.apache.phoenix.spark
SrcFolioSaleDim,TgtFolioSaleDim,SC2002269NCR,Qa,/data/apps/talend/shared/scripts/nbx/Dim/config/SrcFolioSaleDim_TgtFolioSaleDim,spark.target.ops.table.mode,overwrite
SrcFolioSaleDim,TgtFolioSaleDim,SC2002269NCR,Qa,/data/apps/talend/shared/scripts/nbx/Dim/config/SrcFolioSaleDim_TgtFolioSaleDim,spark.target.enablerops_table,HBTB_INGESTION_METADATA
SrcFolioSaleDim,TgtFolioSaleDim,SC2002269NCR,Qa,/data/apps/talend/shared/scripts/nbx/Dim/config/SrcFolioSaleDim_TgtFolioSaleDim,spark.target.zkurl,10.4.100.154:2181/hbase-unsecure
SrcFolioSaleDim,TgtFolioSaleDim,SC2002269NCR,Qa,/data/apps/talend/shared/scripts/nbx/Dim/config/SrcFolioSaleDim_TgtFolioSaleDim,spark.table.type,dim
SrcFolioSaleDim,TgtFolioSaleDim,SC2002269NCR,Qa,/data/apps/talend/shared/scripts/nbx/Dim/config/SrcFolioSaleDim_TgtFolioSaleDim,spark.redshift.url,jdbc:redshift://10.4.0.203:5439/qanbx
SrcFolioSaleDim,TgtFolioSaleDim,SC2002269NCR,Qa,/data/apps/talend/shared/scripts/nbx/Dim/config/SrcFolioSaleDim_TgtFolioSaleDim,spark.redshift.username,talenduser
SrcFolioSaleDim,TgtFolioSaleDim,SC2002269NCR,Qa,/data/apps/talend/shared/scripts/nbx/Dim/config/SrcFolioSaleDim_TgtFolioSaleDim,spark.redshift.password,Talenduser@123
SrcFolioSaleDim,TgtFolioSaleDim,SC2002269NCR,Qa,/data/apps/talend/shared/scripts/nbx/Dim/config/SrcFolioSaleDim_TgtFolioSaleDim,spark.source.sql,"select voyageid as voyageid,referencenbr as sales_id,location as location,accountlinetype as line_type, accountlinestatus as line_Status,accountlinedescription line_description ,batchtime as batchtime,part_date as part_date from shipdw.hvtb_parse_folio_vperson_account_detail where folio_item_quickcode in (select folio_item_quickcode from hvtb_mart_lkp_revenue_category_rel)"
SrcFolioSaleDim,TgtFolioSaleDim,SC2002269NCR,Qa,/data/apps/talend/shared/scripts/nbx/Dim/config/SrcFolioSaleDim_TgtFolioSaleDim,spark.source.columns,"voyageid,sales_id,sale_detail_src,sales_operatornr,sales_receiptnr,sales_checkstatus,location,line_type,line_Status,line_description"
SrcFolioSaleDim,TgtFolioSaleDim,SC2002269NCR,Qa,/data/apps/talend/shared/scripts/nbx/Dim/config/SrcFolioSaleDim_TgtFolioSaleDim,spark.pond.allColumns,"sale_detail_skey as pond_sale_detail_skey,voyage_id as pond_voyage_id,sale_id as pond_sale_id,sale_detail_src as pond_sale_detail_src,sale_operator_num as pond_sale_operator_num,receipt_number as pond_receipt_number, check_status as pond_check_status, location as pond_location, load_dt as pond_load_dt,line_type as pond_line_type, line_Status as pond_line_Status,line_description as pond_line_description,upd_dt as pond_upd_dt, primaryhash as pond_primaryhash, md5_hash as pond_md5_hash"
SrcFolioSaleDim,TgtFolioSaleDim,SC2002269NCR,Qa,/data/apps/talend/shared/scripts/nbx/Dim/config/SrcFolioSaleDim_TgtFolioSaleDim,spark.surrogate_key.column,sale_detail_skey
SrcFolioSaleDim,TgtFolioSaleDim,SC2002269NCR,Qa,/data/apps/talend/shared/scripts/nbx/Dim/config/SrcFolioSaleDim_TgtFolioSaleDim,spark.pond.database,shipdw
SrcFolioSaleDim,TgtFolioSaleDim,SC2002269NCR,Qa,/data/apps/talend/shared/scripts/nbx/Dim/config/SrcFolioSaleDim_TgtFolioSaleDim,spark.pond.table,hvtb_mart_dim_sale_detail
SrcFolioSaleDim,TgtFolioSaleDim,SC2002269NCR,Qa,/data/apps/talend/shared/scripts/nbx/Dim/config/SrcFolioSaleDim_TgtFolioSaleDim,spark.source.primaryKeyColumns,sales_id
SrcFolioSaleDim,TgtFolioSaleDim,SC2002269NCR,Qa,/data/apps/talend/shared/scripts/nbx/Dim/config/SrcFolioSaleDim_TgtFolioSaleDim,spark.scdtype,type1
SrcFolioSaleDim,TgtFolioSaleDim,SC2002269NCR,Qa,/data/apps/talend/shared/scripts/nbx/Dim/config/SrcFolioSaleDim_TgtFolioSaleDim,spark.frameworkEnv,shore
SrcFolioSaleDim,TgtFolioSaleDim,SC2002269NCR,Qa,/data/apps/talend/shared/scripts/nbx/Dim/config/SrcFolioSaleDim_TgtFolioSaleDim,spark.tableType,DIMENSION
SrcFolioSaleDim,TgtFolioSaleDim,SC2002269NCR,Qa,/data/apps/talend/shared/scripts/nbx/Dim/config/SrcFolioSaleDim_TgtFolioSaleDim,spark.target.final_collist,"sale_detail_skey,  final_view.voyageid as voyage_id,  final_view.sales_id as sale_id , final_view.sale_detail_src as sale_detail_src, cast(final_view.sales_operatornr as int) as sale_operator_num  , final_view.sales_receiptnr as receipt_number,final_view.sales_checkstatus as  check_status, final_view.location as location,final_view.line_type as line_type,final_view.line_Status as line_Status,final_view.line_description as line_description,load_dt, upd_dt, primaryhash, md5_hash"
SrcFolioSaleDim,TgtFolioSaleDim,SC2002269NCR,Qa,/data/apps/talend/shared/scripts/nbx/Dim/config/SrcFolioSaleDim_TgtFolioSaleDim,spark.target.temp,s3://vv-qa-emr-cluster/data/temp/hvtb_mart_dim_sale_detail
SrcFolioSaleDim,TgtFolioSaleDim,SC2002269NCR,Qa,/data/apps/talend/shared/scripts/nbx/Dim/config/SrcFolioSaleDim_TgtFolioSaleDim,spark.target.location,s3://vv-qa-emr-cluster/data/mart/hvtb_mart_dim_sale_detail
SrcFolioSaleDim,TgtFolioSaleDim,SC2002269NCR,Qa,/data/apps/talend/shared/scripts/nbx/Dim/config/SrcFolioSaleDim_TgtFolioSaleDim,spark.redshift.schema,Hive_schema_stg
SrcFolioSaleDim,TgtFolioSaleDim,SC2002269NCR,Qa,/data/apps/talend/shared/scripts/nbx/Dim/config/SrcFolioSaleDim_TgtFolioSaleDim,spark.redshift.tablename,sail_detail_dim
SrcGuestPreference,TgtPreferenceDim,SC2002269NCR,Qa,/data/apps/talend/shared/scripts/nbx/Dim/config/SrcGuestPreference_TgtPreferenceDim,spark.src.config.id,SrcGuestPreference
SrcGuestPreference,TgtPreferenceDim,SC2002269NCR,Qa,/data/apps/talend/shared/scripts/nbx/Dim/config/SrcGuestPreference_TgtPreferenceDim,spark.voyage.id,SC2002269NCR
SrcGuestPreference,TgtPreferenceDim,SC2002269NCR,Qa,/data/apps/talend/shared/scripts/nbx/Dim/config/SrcGuestPreference_TgtPreferenceDim,spark.tgt.env,Qa
SrcGuestPreference,TgtPreferenceDim,SC2002269NCR,Qa,/data/apps/talend/shared/scripts/nbx/Dim/config/SrcGuestPreference_TgtPreferenceDim,spark.target.config.id,TgtPreferenceDim
SrcGuestPreference,TgtPreferenceDim,SC2002269NCR,Qa,/data/apps/talend/shared/scripts/nbx/Dim/config/SrcGuestPreference_TgtPreferenceDim,spark.parent.id,SrcShrGuest-TgtShrGuest-SC2002269NCR
SrcGuestPreference,TgtPreferenceDim,SC2002269NCR,Qa,/data/apps/talend/shared/scripts/nbx/Dim/config/SrcGuestPreference_TgtPreferenceDim,spark.target.ops.table.format,org.apache.phoenix.spark
SrcGuestPreference,TgtPreferenceDim,SC2002269NCR,Qa,/data/apps/talend/shared/scripts/nbx/Dim/config/SrcGuestPreference_TgtPreferenceDim,spark.target.ops.table.mode,overwrite
SrcGuestPreference,TgtPreferenceDim,SC2002269NCR,Qa,/data/apps/talend/shared/scripts/nbx/Dim/config/SrcGuestPreference_TgtPreferenceDim,spark.target.enablerops_table,HBTB_INGESTION_METADATA
SrcGuestPreference,TgtPreferenceDim,SC2002269NCR,Qa,/data/apps/talend/shared/scripts/nbx/Dim/config/SrcGuestPreference_TgtPreferenceDim,spark.target.zkurl,10.4.100.154:2181/hbase-unsecure
SrcGuestPreference,TgtPreferenceDim,SC2002269NCR,Qa,/data/apps/talend/shared/scripts/nbx/Dim/config/SrcGuestPreference_TgtPreferenceDim,spark.table.type,dim
SrcGuestPreference,TgtPreferenceDim,SC2002269NCR,Qa,/data/apps/talend/shared/scripts/nbx/Dim/config/SrcGuestPreference_TgtPreferenceDim,spark.redshift.url,jdbc:redshift://10.4.0.203:5439/qanbx
SrcGuestPreference,TgtPreferenceDim,SC2002269NCR,Qa,/data/apps/talend/shared/scripts/nbx/Dim/config/SrcGuestPreference_TgtPreferenceDim,spark.redshift.username,talenduser
SrcGuestPreference,TgtPreferenceDim,SC2002269NCR,Qa,/data/apps/talend/shared/scripts/nbx/Dim/config/SrcGuestPreference_TgtPreferenceDim,spark.redshift.password,Talenduser@123
SrcGuestPreference,TgtPreferenceDim,SC2002269NCR,Qa,/data/apps/talend/shared/scripts/nbx/Dim/config/SrcGuestPreference_TgtPreferenceDim,spark.source.sql,"select NVL(pe.person_skey,-1) as person_skey,pr.voyageid as voyage_id,pr.preference_id as preference_id,pr.category as category,pr.description as description,pr.comment as comment,pr.allergy as allergy,CAST(NVL(pr.preference_upd_date,'9999-12-31') as timestamp) as preference_upd_date,pr.batchtime as batchtime,pr.partdate as part_date from shipdw.hvtb_parse_mxp_shore_guest_preference pr left join shipdw.hvtb_mart_dim_person pe on (pr.person_id=cast(pe.person_id as bigint))"
SrcGuestPreference,TgtPreferenceDim,SC2002269NCR,Qa,/data/apps/talend/shared/scripts/nbx/Dim/config/SrcGuestPreference_TgtPreferenceDim,spark.source.columns,"person_skey,voyage_id,preference_id,category,description,comment,allergy,preference_upd_date,batchtime"
SrcGuestPreference,TgtPreferenceDim,SC2002269NCR,Qa,/data/apps/talend/shared/scripts/nbx/Dim/config/SrcGuestPreference_TgtPreferenceDim,spark.pond.allColumns,"preference_skey as pond_preference_skey,person_skey as pond_person_skey,voyage_id as pond_voyage_id,preference_id as pond_preference_id,category as pond_category,description as pond_description,comment as pond_comment,allergy as pond_allergy,preference_upd_date as pond_preference_upd_date,load_dt as pond_load_dt,upd_dt as pond_upd_dt, primaryhash as pond_primaryhash, md5_hash as pond_md5_hash"
SrcGuestPreference,TgtPreferenceDim,SC2002269NCR,Qa,/data/apps/talend/shared/scripts/nbx/Dim/config/SrcGuestPreference_TgtPreferenceDim,spark.surrogate_key.column,preference_skey
SrcGuestPreference,TgtPreferenceDim,SC2002269NCR,Qa,/data/apps/talend/shared/scripts/nbx/Dim/config/SrcGuestPreference_TgtPreferenceDim,spark.pond.database,shipdw
SrcGuestPreference,TgtPreferenceDim,SC2002269NCR,Qa,/data/apps/talend/shared/scripts/nbx/Dim/config/SrcGuestPreference_TgtPreferenceDim,spark.pond.table,hvtb_mart_dim_preference
SrcGuestPreference,TgtPreferenceDim,SC2002269NCR,Qa,/data/apps/talend/shared/scripts/nbx/Dim/config/SrcGuestPreference_TgtPreferenceDim,spark.source.primaryKeyColumns,preference_id
SrcGuestPreference,TgtPreferenceDim,SC2002269NCR,Qa,/data/apps/talend/shared/scripts/nbx/Dim/config/SrcGuestPreference_TgtPreferenceDim,spark.scdtype,type1
SrcGuestPreference,TgtPreferenceDim,SC2002269NCR,Qa,/data/apps/talend/shared/scripts/nbx/Dim/config/SrcGuestPreference_TgtPreferenceDim,spark.frameworkEnv,shore
SrcGuestPreference,TgtPreferenceDim,SC2002269NCR,Qa,/data/apps/talend/shared/scripts/nbx/Dim/config/SrcGuestPreference_TgtPreferenceDim,spark.tableType,DIMENSION
SrcGuestPreference,TgtPreferenceDim,SC2002269NCR,Qa,/data/apps/talend/shared/scripts/nbx/Dim/config/SrcGuestPreference_TgtPreferenceDim,spark.target.final_collist,"preference_skey,final_view.person_skey,final_view.voyage_id,final_view.preference_id,final_view.category,final_view.description,final_view.comment,final_view.allergy,final_view.preference_upd_date,final_view.load_dt, final_view.upd_dt, final_view.primaryhash, final_view.md5_hash"
SrcGuestPreference,TgtPreferenceDim,SC2002269NCR,Qa,/data/apps/talend/shared/scripts/nbx/Dim/config/SrcGuestPreference_TgtPreferenceDim,spark.target.temp,s3://vv-qa-emr-cluster/data/temp/hvtb_mart_dim_preference
SrcGuestPreference,TgtPreferenceDim,SC2002269NCR,Qa,/data/apps/talend/shared/scripts/nbx/Dim/config/SrcGuestPreference_TgtPreferenceDim,spark.target.location,s3://vv-qa-emr-cluster/data/mart/hvtb_mart_dim_preference
SrcGuestPreference,TgtPreferenceDim,SC2002269NCR,Qa,/data/apps/talend/shared/scripts/nbx/Dim/config/SrcGuestPreference_TgtPreferenceDim,spark.redshift.schema,Hive_schema_stg
SrcGuestPreference,TgtPreferenceDim,SC2002269NCR,Qa,/data/apps/talend/shared/scripts/nbx/Dim/config/SrcGuestPreference_TgtPreferenceDim,spark.redshift.tablename,preference_dim
SrcGuestRestriction,TgtRestrictionDim,SC2002269NCR,Qa,/data/apps/talend/shared/scripts/nbx/Dim/config/SrcGuestRestriction_TgtRestrictionDim,spark.src.config.id,SrcGuestRestriction
SrcGuestRestriction,TgtRestrictionDim,SC2002269NCR,Qa,/data/apps/talend/shared/scripts/nbx/Dim/config/SrcGuestRestriction_TgtRestrictionDim,spark.voyage.id,SC2002269NCR
SrcGuestRestriction,TgtRestrictionDim,SC2002269NCR,Qa,/data/apps/talend/shared/scripts/nbx/Dim/config/SrcGuestRestriction_TgtRestrictionDim,spark.tgt.env,Qa
SrcGuestRestriction,TgtRestrictionDim,SC2002269NCR,Qa,/data/apps/talend/shared/scripts/nbx/Dim/config/SrcGuestRestriction_TgtRestrictionDim,spark.target.config.id,TgtRestrictionDim
SrcGuestRestriction,TgtRestrictionDim,SC2002269NCR,Qa,/data/apps/talend/shared/scripts/nbx/Dim/config/SrcGuestRestriction_TgtRestrictionDim,spark.parent.id,SrcShrGuest-TgtShrGuest-SC2002269NCR
SrcGuestRestriction,TgtRestrictionDim,SC2002269NCR,Qa,/data/apps/talend/shared/scripts/nbx/Dim/config/SrcGuestRestriction_TgtRestrictionDim,spark.target.ops.table.format,org.apache.phoenix.spark
SrcGuestRestriction,TgtRestrictionDim,SC2002269NCR,Qa,/data/apps/talend/shared/scripts/nbx/Dim/config/SrcGuestRestriction_TgtRestrictionDim,spark.target.ops.table.mode,overwrite
SrcGuestRestriction,TgtRestrictionDim,SC2002269NCR,Qa,/data/apps/talend/shared/scripts/nbx/Dim/config/SrcGuestRestriction_TgtRestrictionDim,spark.target.enablerops_table,HBTB_INGESTION_METADATA 
SrcGuestRestriction,TgtRestrictionDim,SC2002269NCR,Qa,/data/apps/talend/shared/scripts/nbx/Dim/config/SrcGuestRestriction_TgtRestrictionDim,spark.target.zkurl,10.4.100.154:2181/hbase-unsecure
SrcGuestRestriction,TgtRestrictionDim,SC2002269NCR,Qa,/data/apps/talend/shared/scripts/nbx/Dim/config/SrcGuestRestriction_TgtRestrictionDim,spark.table.type,dim
SrcGuestRestriction,TgtRestrictionDim,SC2002269NCR,Qa,/data/apps/talend/shared/scripts/nbx/Dim/config/SrcGuestRestriction_TgtRestrictionDim,spark.redshift.url,jdbc:redshift://10.4.0.203:5439/qanbx
SrcGuestRestriction,TgtRestrictionDim,SC2002269NCR,Qa,/data/apps/talend/shared/scripts/nbx/Dim/config/SrcGuestRestriction_TgtRestrictionDim,spark.redshift.username,talenduser
SrcGuestRestriction,TgtRestrictionDim,SC2002269NCR,Qa,/data/apps/talend/shared/scripts/nbx/Dim/config/SrcGuestRestriction_TgtRestrictionDim,spark.redshift.password,Talenduser@123
SrcGuestRestriction,TgtRestrictionDim,SC2002269NCR,Qa,/data/apps/talend/shared/scripts/nbx/Dim/config/SrcGuestRestriction_TgtRestrictionDim,spark.source.sql,"select  voyageid as voyage_id, batchtime, partdate,  NVL(dim_person.person_skey,-1) as person_skey, restrictions_guid, restrictions_type, categoryid, category_code, category, comment, from_date, to_date, deleted_flag, created_date  from shipdw.hvtb_parse_mxp_shore_guest_restriction restriction left JOIN shipdw.hvtb_mart_dim_person dim_person on ( restriction.voyageid == dim_person.voyage_id and restriction.person_id==dim_person.person_id)"
SrcGuestRestriction,TgtRestrictionDim,SC2002269NCR,Qa,/data/apps/talend/shared/scripts/nbx/Dim/config/SrcGuestRestriction_TgtRestrictionDim,spark.source.columns,"voyage_id,person_skey,restrictions_guid,restrictions_type,categoryid,category_code,category,comment,from_date,to_date,deleted_flag,created_date"
SrcGuestRestriction,TgtRestrictionDim,SC2002269NCR,Qa,/data/apps/talend/shared/scripts/nbx/Dim/config/SrcGuestRestriction_TgtRestrictionDim,spark.pond.allColumns,"restriction_skey as pond_restriction_skey,voyage_id as pond_voyage_id,person_skey as pond_person_skey,restrictions_guid as pond_restrictions_guid ,restrictions_type as pond_restrictions_type ,categoryId as pond_categoryId ,category_code as pond_category_code ,category as pond_category ,comment as pond_comment ,from_date as pond_from_date ,to_date as pond_to_date ,deleted_flag as pond_deleted_flag ,created_date as pond_created_date,load_dt as pond_load_dt,upd_dt as pond_upd_dt,primaryhash as pond_primaryhash,md5_hash as pond_md5_hash"
SrcGuestRestriction,TgtRestrictionDim,SC2002269NCR,Qa,/data/apps/talend/shared/scripts/nbx/Dim/config/SrcGuestRestriction_TgtRestrictionDim,spark.surrogate_key.column,restriction_skey
SrcGuestRestriction,TgtRestrictionDim,SC2002269NCR,Qa,/data/apps/talend/shared/scripts/nbx/Dim/config/SrcGuestRestriction_TgtRestrictionDim,spark.pond.database,shipdw
SrcGuestRestriction,TgtRestrictionDim,SC2002269NCR,Qa,/data/apps/talend/shared/scripts/nbx/Dim/config/SrcGuestRestriction_TgtRestrictionDim,spark.pond.table,hvtb_mart_dim_restriction
SrcGuestRestriction,TgtRestrictionDim,SC2002269NCR,Qa,/data/apps/talend/shared/scripts/nbx/Dim/config/SrcGuestRestriction_TgtRestrictionDim,spark.target.schema,shipdw
SrcGuestRestriction,TgtRestrictionDim,SC2002269NCR,Qa,/data/apps/talend/shared/scripts/nbx/Dim/config/SrcGuestRestriction_TgtRestrictionDim,spark.target.table,restriction_dim
SrcGuestRestriction,TgtRestrictionDim,SC2002269NCR,Qa,/data/apps/talend/shared/scripts/nbx/Dim/config/SrcGuestRestriction_TgtRestrictionDim,spark.source.primaryKeyColumns,restrictions_guid
SrcGuestRestriction,TgtRestrictionDim,SC2002269NCR,Qa,/data/apps/talend/shared/scripts/nbx/Dim/config/SrcGuestRestriction_TgtRestrictionDim,spark.pond.primaryKeyColumns,"voyage_id,pond_voyage_number"
SrcGuestRestriction,TgtRestrictionDim,SC2002269NCR,Qa,/data/apps/talend/shared/scripts/nbx/Dim/config/SrcGuestRestriction_TgtRestrictionDim,spark.scdtype,type1
SrcGuestRestriction,TgtRestrictionDim,SC2002269NCR,Qa,/data/apps/talend/shared/scripts/nbx/Dim/config/SrcGuestRestriction_TgtRestrictionDim,spark.frameworkEnv,shore
SrcGuestRestriction,TgtRestrictionDim,SC2002269NCR,Qa,/data/apps/talend/shared/scripts/nbx/Dim/config/SrcGuestRestriction_TgtRestrictionDim,spark.target.final_collist,"restriction_skey,final_view.voyage_id as voyage_id,final_view.person_skey as person_skey,final_view.restrictions_guid as restrictions_guid, final_view.restrictions_type as restrictions_type, final_view.categoryId as categoryId, final_view.category_code as category_code, final_view.category as category, final_view.comment as comment, final_view.from_date as from_date, final_view.to_date as to_date, final_view.deleted_flag as deleted_flag, final_view.created_date as created_date,load_dt,upd_dt,primaryhash,md5_hash"
SrcGuestRestriction,TgtRestrictionDim,SC2002269NCR,Qa,/data/apps/talend/shared/scripts/nbx/Dim/config/SrcGuestRestriction_TgtRestrictionDim,spark.target.temp,s3://vv-qa-emr-cluster/data/temp/hvtb_mart_dim_restriction
SrcGuestRestriction,TgtRestrictionDim,SC2002269NCR,Qa,/data/apps/talend/shared/scripts/nbx/Dim/config/SrcGuestRestriction_TgtRestrictionDim,spark.target.location,s3://vv-qa-emr-cluster/data/mart/hvtb_mart_dim_restriction
SrcGuestRestriction,TgtRestrictionDim,SC2002269NCR,Qa,/data/apps/talend/shared/scripts/nbx/Dim/config/SrcGuestRestriction_TgtRestrictionDim,spark.redshift.schema,Hive_schema_stg
SrcGuestRestriction,TgtRestrictionDim,SC2002269NCR,Qa,/data/apps/talend/shared/scripts/nbx/Dim/config/SrcGuestRestriction_TgtRestrictionDim,spark.redshift.tablename,restriction_dim
SrcGuestRestriction,TgtRestrictionDim,SC2002269NCR,Qa,/data/apps/talend/shared/scripts/nbx/Dim/config/SrcGuestRestriction_TgtRestrictionDim,spark.scdtype,type1
SrcGuestRestriction,TgtRestrictionDim,SC2002269NCR,Qa,/data/apps/talend/shared/scripts/nbx/Dim/config/SrcGuestRestriction_TgtRestrictionDim,spark.tableType,DIMENSION
SrcGuestRestriction,TgtRestrictionDim,SC2002269NCR,Qa,/data/apps/talend/shared/scripts/nbx/Dim/config/SrcGuestRestriction_TgtRestrictionDim,spark.frameworkEnv,shore
SrcGuestSpecialRequest,TgtSpecialRequestDim,SC2002269NCR,Qa,/data/apps/talend/shared/scripts/nbx/Dim/config/SrcGuestSpecialRequest_TgtSpecialRequestDim,spark.src.config.id,SrcGuestSpecialRequest
SrcGuestSpecialRequest,TgtSpecialRequestDim,SC2002269NCR,Qa,/data/apps/talend/shared/scripts/nbx/Dim/config/SrcGuestSpecialRequest_TgtSpecialRequestDim,spark.voyage.id,SC2002269NCR
SrcGuestSpecialRequest,TgtSpecialRequestDim,SC2002269NCR,Qa,/data/apps/talend/shared/scripts/nbx/Dim/config/SrcGuestSpecialRequest_TgtSpecialRequestDim,spark.tgt.env,Qa
SrcGuestSpecialRequest,TgtSpecialRequestDim,SC2002269NCR,Qa,/data/apps/talend/shared/scripts/nbx/Dim/config/SrcGuestSpecialRequest_TgtSpecialRequestDim,spark.target.config.id,TgtSpecialRequestDim
SrcGuestSpecialRequest,TgtSpecialRequestDim,SC2002269NCR,Qa,/data/apps/talend/shared/scripts/nbx/Dim/config/SrcGuestSpecialRequest_TgtSpecialRequestDim,spark.parent.id,SrcShrGuest-TgtShrGuest-SC2002269NCR
SrcGuestSpecialRequest,TgtSpecialRequestDim,SC2002269NCR,Qa,/data/apps/talend/shared/scripts/nbx/Dim/config/SrcGuestSpecialRequest_TgtSpecialRequestDim,spark.target.ops.table.format,org.apache.phoenix.spark
SrcGuestSpecialRequest,TgtSpecialRequestDim,SC2002269NCR,Qa,/data/apps/talend/shared/scripts/nbx/Dim/config/SrcGuestSpecialRequest_TgtSpecialRequestDim,spark.target.ops.table.mode,overwrite
SrcGuestSpecialRequest,TgtSpecialRequestDim,SC2002269NCR,Qa,/data/apps/talend/shared/scripts/nbx/Dim/config/SrcGuestSpecialRequest_TgtSpecialRequestDim,spark.target.enablerops_table,HBTB_INGESTION_METADATA 
SrcGuestSpecialRequest,TgtSpecialRequestDim,SC2002269NCR,Qa,/data/apps/talend/shared/scripts/nbx/Dim/config/SrcGuestSpecialRequest_TgtSpecialRequestDim,spark.target.zkurl,10.4.100.154:2181/hbase-unsecure
SrcGuestSpecialRequest,TgtSpecialRequestDim,SC2002269NCR,Qa,/data/apps/talend/shared/scripts/nbx/Dim/config/SrcGuestSpecialRequest_TgtSpecialRequestDim,spark.table.type,dim
SrcGuestSpecialRequest,TgtSpecialRequestDim,SC2002269NCR,Qa,/data/apps/talend/shared/scripts/nbx/Dim/config/SrcGuestSpecialRequest_TgtSpecialRequestDim,spark.redshift.url,jdbc:redshift://10.4.0.203:5439/qanbx
SrcGuestSpecialRequest,TgtSpecialRequestDim,SC2002269NCR,Qa,/data/apps/talend/shared/scripts/nbx/Dim/config/SrcGuestSpecialRequest_TgtSpecialRequestDim,spark.redshift.username,talenduser
SrcGuestSpecialRequest,TgtSpecialRequestDim,SC2002269NCR,Qa,/data/apps/talend/shared/scripts/nbx/Dim/config/SrcGuestSpecialRequest_TgtSpecialRequestDim,spark.redshift.password,Talenduser@123
SrcGuestSpecialRequest,TgtSpecialRequestDim,SC2002269NCR,Qa,/data/apps/talend/shared/scripts/nbx/Dim/config/SrcGuestSpecialRequest_TgtSpecialRequestDim,spark.source.sql,"select voyageid as voyage_id,batchtime,partdate as part_date, NVL(dim_person.person_skey,-1) as person_skey, specialrequest_id,specialrequest_guid,specialrequest_type,cast(specialrequest_date as timestamp) as specialrequest_date,specialrequest_description,specialrequest_comment, cast(from_unixtime(UNIX_TIMESTAMP(Cast(concat(split(specialrequest_upd_date,'T')[0],"""" """",split(specialrequest_upd_date,'T')[1])as timestamp)),'YYYY-MM-dd HH:mm:ss') as timestamp) as specialrequest_upd_date from shipdw.hvtb_parse_mxp_shore_guest_specialrequest special_req left JOIN shipdw.hvtb_mart_dim_person dim_person on ( special_req.voyageid == dim_person.voyage_id and special_req.person_id==dim_person.person_id)"
SrcGuestSpecialRequest,TgtSpecialRequestDim,SC2002269NCR,Qa,/data/apps/talend/shared/scripts/nbx/Dim/config/SrcGuestSpecialRequest_TgtSpecialRequestDim,spark.source.columns,"voyage_id,person_skey,specialrequest_id,specialrequest_guid,specialrequest_type,specialrequest_date,specialrequest_description,specialrequest_comment,specialrequest_upd_date"
SrcGuestSpecialRequest,TgtSpecialRequestDim,SC2002269NCR,Qa,/data/apps/talend/shared/scripts/nbx/Dim/config/SrcGuestSpecialRequest_TgtSpecialRequestDim,spark.pond.allColumns,"specialrequest_skey as pond_specialrequest_skey,voyage_id as pond_voyage_id,person_skey as pond_person_skey,specialrequest_id as pond_specialrequest_id,specialrequest_guid as pond_specialrequest_guid,specialrequest_type as pond_specialrequest_type,specialrequest_date as pond_specialrequest_date,specialrequest_description as pond_specialrequest_description,specialrequest_comment as pond_specialrequest_comment,specialrequest_upd_date as pond_specialrequest_upd_date,load_dt as pond_load_dt,upd_dt as pond_upd_dt,primaryhash as pond_primaryhash,md5_hash as pond_md5_hash"
SrcGuestSpecialRequest,TgtSpecialRequestDim,SC2002269NCR,Qa,/data/apps/talend/shared/scripts/nbx/Dim/config/SrcGuestSpecialRequest_TgtSpecialRequestDim,spark.surrogate_key.column,specialrequest_skey
SrcGuestSpecialRequest,TgtSpecialRequestDim,SC2002269NCR,Qa,/data/apps/talend/shared/scripts/nbx/Dim/config/SrcGuestSpecialRequest_TgtSpecialRequestDim,spark.pond.database,shipdw
SrcGuestSpecialRequest,TgtSpecialRequestDim,SC2002269NCR,Qa,/data/apps/talend/shared/scripts/nbx/Dim/config/SrcGuestSpecialRequest_TgtSpecialRequestDim,spark.pond.table,hvtb_mart_dim_specialrequest
SrcGuestSpecialRequest,TgtSpecialRequestDim,SC2002269NCR,Qa,/data/apps/talend/shared/scripts/nbx/Dim/config/SrcGuestSpecialRequest_TgtSpecialRequestDim,spark.target.schema,shipdw
SrcGuestSpecialRequest,TgtSpecialRequestDim,SC2002269NCR,Qa,/data/apps/talend/shared/scripts/nbx/Dim/config/SrcGuestSpecialRequest_TgtSpecialRequestDim,spark.target.table,specialrequest_dim
SrcGuestSpecialRequest,TgtSpecialRequestDim,SC2002269NCR,Qa,/data/apps/talend/shared/scripts/nbx/Dim/config/SrcGuestSpecialRequest_TgtSpecialRequestDim,spark.source.primaryKeyColumns,specialrequest_id
SrcGuestSpecialRequest,TgtSpecialRequestDim,SC2002269NCR,Qa,/data/apps/talend/shared/scripts/nbx/Dim/config/SrcGuestSpecialRequest_TgtSpecialRequestDim,spark.scdtype,type1
SrcGuestSpecialRequest,TgtSpecialRequestDim,SC2002269NCR,Qa,/data/apps/talend/shared/scripts/nbx/Dim/config/SrcGuestSpecialRequest_TgtSpecialRequestDim,spark.frameworkEnv,shore
SrcGuestSpecialRequest,TgtSpecialRequestDim,SC2002269NCR,Qa,/data/apps/talend/shared/scripts/nbx/Dim/config/SrcGuestSpecialRequest_TgtSpecialRequestDim,spark.target.final_collist,"specialrequest_skey,final_view.voyage_id as voyage_id,final_view.person_skey as person_skey,final_view.specialrequest_id as specialrequest_id,final_view.specialrequest_guid as specialrequest_guid,final_view.specialrequest_type as specialrequest_type,final_view.specialrequest_date as specialrequest_date,final_view.specialrequest_description as specialrequest_description,final_view.specialrequest_comment as specialrequest_comment,final_view.specialrequest_upd_date as specialrequest_upd_date,load_dt,upd_dt,primaryhash,md5_hash"
SrcGuestSpecialRequest,TgtSpecialRequestDim,SC2002269NCR,Qa,/data/apps/talend/shared/scripts/nbx/Dim/config/SrcGuestSpecialRequest_TgtSpecialRequestDim,spark.target.temp,s3://vv-qa-emr-cluster/data/temp/hvtb_mart_dim_specialrequest
SrcGuestSpecialRequest,TgtSpecialRequestDim,SC2002269NCR,Qa,/data/apps/talend/shared/scripts/nbx/Dim/config/SrcGuestSpecialRequest_TgtSpecialRequestDim,spark.target.location,s3://vv-qa-emr-cluster/data/mart/hvtb_mart_dim_specialrequest
SrcGuestSpecialRequest,TgtSpecialRequestDim,SC2002269NCR,Qa,/data/apps/talend/shared/scripts/nbx/Dim/config/SrcGuestSpecialRequest_TgtSpecialRequestDim,spark.redshift.schema,Hive_schema_stg
SrcGuestSpecialRequest,TgtSpecialRequestDim,SC2002269NCR,Qa,/data/apps/talend/shared/scripts/nbx/Dim/config/SrcGuestSpecialRequest_TgtSpecialRequestDim,spark.redshift.tablename,specialrequest_dim
SrcGuestSpecialRequest,TgtSpecialRequestDim,SC2002269NCR,Qa,/data/apps/talend/shared/scripts/nbx/Dim/config/SrcGuestSpecialRequest_TgtSpecialRequestDim,spark.scdtype,type1
SrcGuestSpecialRequest,TgtSpecialRequestDim,SC2002269NCR,Qa,/data/apps/talend/shared/scripts/nbx/Dim/config/SrcGuestSpecialRequest_TgtSpecialRequestDim,spark.tableType,DIMENSION
SrcGuestSpecialRequest,TgtSpecialRequestDim,SC2002269NCR,Qa,/data/apps/talend/shared/scripts/nbx/Dim/config/SrcGuestSpecialRequest_TgtSpecialRequestDim,spark.frameworkEnv,shore
SrcDeviceDim,TgtDeviceDim,SC2002269NCR,Qa,/data/apps/talend/shared/scripts/nbx/Dim/config/SrcDeviceDim_TgtDeviceDim,spark.src.config.id,SrcDeviceDim
SrcDeviceDim,TgtDeviceDim,SC2002269NCR,Qa,/data/apps/talend/shared/scripts/nbx/Dim/config/SrcDeviceDim_TgtDeviceDim,spark.voyage.id,SC2002269NCR
SrcDeviceDim,TgtDeviceDim,SC2002269NCR,Qa,/data/apps/talend/shared/scripts/nbx/Dim/config/SrcDeviceDim_TgtDeviceDim,spark.tgt.env,Qa
SrcDeviceDim,TgtDeviceDim,SC2002269NCR,Qa,/data/apps/talend/shared/scripts/nbx/Dim/config/SrcDeviceDim_TgtDeviceDim,spark.target.config.id,TgtDeviceDim
SrcDeviceDim,TgtDeviceDim,SC2002269NCR,Qa,/data/apps/talend/shared/scripts/nbx/Dim/config/SrcDeviceDim_TgtDeviceDim,spark.parent.id,SrcKonamiDevice-TgtKonamiDevice-SC2002269NCR
SrcDeviceDim,TgtDeviceDim,SC2002269NCR,Qa,/data/apps/talend/shared/scripts/nbx/Dim/config/SrcDeviceDim_TgtDeviceDim,spark.target.ops.table.format,org.apache.phoenix.spark
SrcDeviceDim,TgtDeviceDim,SC2002269NCR,Qa,/data/apps/talend/shared/scripts/nbx/Dim/config/SrcDeviceDim_TgtDeviceDim,spark.target.ops.table.mode,overwrite
SrcDeviceDim,TgtDeviceDim,SC2002269NCR,Qa,/data/apps/talend/shared/scripts/nbx/Dim/config/SrcDeviceDim_TgtDeviceDim,spark.target.enablerops_table,HBTB_INGESTION_METADATA
SrcDeviceDim,TgtDeviceDim,SC2002269NCR,Qa,/data/apps/talend/shared/scripts/nbx/Dim/config/SrcDeviceDim_TgtDeviceDim,spark.target.zkurl,10.4.100.154:2181/hbase-unsecure
SrcDeviceDim,TgtDeviceDim,SC2002269NCR,Qa,/data/apps/talend/shared/scripts/nbx/Dim/config/SrcDeviceDim_TgtDeviceDim,spark.table.type,dim
SrcDeviceDim,TgtDeviceDim,SC2002269NCR,Qa,/data/apps/talend/shared/scripts/nbx/Dim/config/SrcDeviceDim_TgtDeviceDim,spark.redshift.url,jdbc:redshift://10.4.0.203:5439/qanbx
SrcDeviceDim,TgtDeviceDim,SC2002269NCR,Qa,/data/apps/talend/shared/scripts/nbx/Dim/config/SrcDeviceDim_TgtDeviceDim,spark.redshift.username,talenduser
SrcDeviceDim,TgtDeviceDim,SC2002269NCR,Qa,/data/apps/talend/shared/scripts/nbx/Dim/config/SrcDeviceDim_TgtDeviceDim,spark.redshift.password,Talenduser@123
SrcDeviceDim,TgtDeviceDim,SC2002269NCR,Qa,/data/apps/talend/shared/scripts/nbx/Dim/config/SrcDeviceDim_TgtDeviceDim,spark.source.sql,"select NVL(voyage_id,-1)as voyage_id,DEVID as device_id,DEVTYPID as device_type_id,DEVTYPNAME as device_type_name ,MODELNAME as device_sub_type_name ,ASSETNUM as device_machine_number,batchtime,part_date,lastmoddate from shipdw.hvtb_parse_konami_vw_odbc_devicedata"
SrcDeviceDim,TgtDeviceDim,SC2002269NCR,Qa,/data/apps/talend/shared/scripts/nbx/Dim/config/SrcDeviceDim_TgtDeviceDim,spark.source.columns,"voyage_id,device_id,device_type_id,device_type_name"
SrcDeviceDim,TgtDeviceDim,SC2002269NCR,Qa,/data/apps/talend/shared/scripts/nbx/Dim/config/SrcDeviceDim_TgtDeviceDim,spark.pond.allColumns,"device_skey as pond_device_skey,voyage_id as pond_voyage_id,device_id as pond_device_id,device_type_id as pond_device_type_id,device_type_name as pond_device_type_name ,device_sub_type_name as pond_device_sub_type_name,device_machine_number as pond_device_machine_number,load_dt as pond_load_dt,upd_dt as pond_upd_dt, primaryhash as pond_primaryhash, md5_hash as pond_md5_hash"
SrcDeviceDim,TgtDeviceDim,SC2002269NCR,Qa,/data/apps/talend/shared/scripts/nbx/Dim/config/SrcDeviceDim_TgtDeviceDim,spark.surrogate_key.column,device_skey
SrcDeviceDim,TgtDeviceDim,SC2002269NCR,Qa,/data/apps/talend/shared/scripts/nbx/Dim/config/SrcDeviceDim_TgtDeviceDim,spark.pond.database,shipdw
SrcDeviceDim,TgtDeviceDim,SC2002269NCR,Qa,/data/apps/talend/shared/scripts/nbx/Dim/config/SrcDeviceDim_TgtDeviceDim,spark.pond.table,hvtb_mart_dim_device
SrcDeviceDim,TgtDeviceDim,SC2002269NCR,Qa,/data/apps/talend/shared/scripts/nbx/Dim/config/SrcDeviceDim_TgtDeviceDim,spark.source.primaryKeyColumns,device_id
SrcDeviceDim,TgtDeviceDim,SC2002269NCR,Qa,/data/apps/talend/shared/scripts/nbx/Dim/config/SrcDeviceDim_TgtDeviceDim,spark.scdtype,type1
SrcDeviceDim,TgtDeviceDim,SC2002269NCR,Qa,/data/apps/talend/shared/scripts/nbx/Dim/config/SrcDeviceDim_TgtDeviceDim,spark.frameworkEnv,shore
SrcDeviceDim,TgtDeviceDim,SC2002269NCR,Qa,/data/apps/talend/shared/scripts/nbx/Dim/config/SrcDeviceDim_TgtDeviceDim,spark.tableType,DIMENSION
SrcDeviceDim,TgtDeviceDim,SC2002269NCR,Qa,/data/apps/talend/shared/scripts/nbx/Dim/config/SrcDeviceDim_TgtDeviceDim,spark.target.final_collist,"device_skey,final_view.voyage_id,final_view.device_id,final_view.device_type_id,final_view.device_type_name,final_view.device_sub_type_name,final_view.device_machine_number,final_view.load_dt,final_view.upd_dt,final_view.primaryhash,final_view.md5_hash"
SrcDeviceDim,TgtDeviceDim,SC2002269NCR,Qa,/data/apps/talend/shared/scripts/nbx/Dim/config/SrcDeviceDim_TgtDeviceDim,spark.target.temp,s3://vv-qa-emr-cluster/data/temp/hvtb_mart_dim_device
SrcDeviceDim,TgtDeviceDim,SC2002269NCR,Qa,/data/apps/talend/shared/scripts/nbx/Dim/config/SrcDeviceDim_TgtDeviceDim,spark.target.location,s3://vv-qa-emr-cluster/data/mart/hvtb_mart_dim_device
SrcDeviceDim,TgtDeviceDim,SC2002269NCR,Qa,/data/apps/talend/shared/scripts/nbx/Dim/config/SrcDeviceDim_TgtDeviceDim,spark.redshift.schema,Hive_schema_stg
SrcDeviceDim,TgtDeviceDim,SC2002269NCR,Qa,/data/apps/talend/shared/scripts/nbx/Dim/config/SrcDeviceDim_TgtDeviceDim,spark.redshift.tablename,device_dim
SrcVenueAvailability,TgtVenueAvailability,SC2002269NCR,Qa,/data/apps/talend/shared/scripts/nbx/Dim/config/SrcVenueAvailability_TgtVenueAvailability,spark.src.config.id,SrcVenueAvailability
SrcVenueAvailability,TgtVenueAvailability,SC2002269NCR,Qa,/data/apps/talend/shared/scripts/nbx/Dim/config/SrcVenueAvailability_TgtVenueAvailability,spark.voyage.id,SC2002269NCR
SrcVenueAvailability,TgtVenueAvailability,SC2002269NCR,Qa,/data/apps/talend/shared/scripts/nbx/Dim/config/SrcVenueAvailability_TgtVenueAvailability,spark.tgt.env,Qa
SrcVenueAvailability,TgtVenueAvailability,SC2002269NCR,Qa,/data/apps/talend/shared/scripts/nbx/Dim/config/SrcVenueAvailability_TgtVenueAvailability,spark.target.config.id,TgtVenueAvailability
SrcVenueAvailability,TgtVenueAvailability,SC2002269NCR,Qa,/data/apps/talend/shared/scripts/nbx/Dim/config/SrcVenueAvailability_TgtVenueAvailability,spark.parent.id,SrcGoVenue-TgtGoVenue-SC2002269NCR 
SrcVenueAvailability,TgtVenueAvailability,SC2002269NCR,Qa,/data/apps/talend/shared/scripts/nbx/Dim/config/SrcVenueAvailability_TgtVenueAvailability,spark.target.ops.table.format,org.apache.phoenix.spark
SrcVenueAvailability,TgtVenueAvailability,SC2002269NCR,Qa,/data/apps/talend/shared/scripts/nbx/Dim/config/SrcVenueAvailability_TgtVenueAvailability,spark.target.ops.table.mode,overwrite
SrcVenueAvailability,TgtVenueAvailability,SC2002269NCR,Qa,/data/apps/talend/shared/scripts/nbx/Dim/config/SrcVenueAvailability_TgtVenueAvailability,spark.target.enablerops_table,HBTB_INGESTION_METADATA 
SrcVenueAvailability,TgtVenueAvailability,SC2002269NCR,Qa,/data/apps/talend/shared/scripts/nbx/Dim/config/SrcVenueAvailability_TgtVenueAvailability,spark.target.zkurl,10.4.100.154:2181/hbase-unsecure
SrcVenueAvailability,TgtVenueAvailability,SC2002269NCR,Qa,/data/apps/talend/shared/scripts/nbx/Dim/config/SrcVenueAvailability_TgtVenueAvailability,spark.table.type,dim
SrcVenueAvailability,TgtVenueAvailability,SC2002269NCR,Qa,/data/apps/talend/shared/scripts/nbx/Dim/config/SrcVenueAvailability_TgtVenueAvailability,spark.redshift.url,jdbc:redshift://10.4.0.203:5439/qanbx
SrcVenueAvailability,TgtVenueAvailability,SC2002269NCR,Qa,/data/apps/talend/shared/scripts/nbx/Dim/config/SrcVenueAvailability_TgtVenueAvailability,spark.redshift.username,talenduser
SrcVenueAvailability,TgtVenueAvailability,SC2002269NCR,Qa,/data/apps/talend/shared/scripts/nbx/Dim/config/SrcVenueAvailability_TgtVenueAvailability,spark.redshift.password,Talenduser@123
SrcVenueAvailability,TgtVenueAvailability,SC2002269NCR,Qa,/data/apps/talend/shared/scripts/nbx/Dim/config/SrcVenueAvailability_TgtVenueAvailability,spark.source.columns,"voyage_id,venue_skey,availability_type,availability_date,availability_starttime_hour,availability_starttime_minute,availability_duration_mins"
SrcVenueAvailability,TgtVenueAvailability,SC2002269NCR,Qa,/data/apps/talend/shared/scripts/nbx/Dim/config/SrcVenueAvailability_TgtVenueAvailability,spark.pond.allColumns,"venue_availability_skey as pond_venue_availability_skey,venue_skey as pond_venue_skey,voyage_id as pond_voyage_id,availability_type as pond_availability_type,availability_date as pond_availability_date,availability_starttime_hour as pond_availability_starttime_hour,availability_starttime_minute as pond_availability_starttime_minute,availability_duration_mins as pond_availability_duration_mins,load_dt as pond_load_dt,upd_dt as pond_upd_dt,primaryhash as pond_primaryhash,md5_hash as pond_md5_hash"
SrcVenueAvailability,TgtVenueAvailability,SC2002269NCR,Qa,/data/apps/talend/shared/scripts/nbx/Dim/config/SrcVenueAvailability_TgtVenueAvailability,spark.surrogate_key.column,venue_availability_skey
SrcVenueAvailability,TgtVenueAvailability,SC2002269NCR,Qa,/data/apps/talend/shared/scripts/nbx/Dim/config/SrcVenueAvailability_TgtVenueAvailability,spark.pond.database,shipdw
SrcVenueAvailability,TgtVenueAvailability,SC2002269NCR,Qa,/data/apps/talend/shared/scripts/nbx/Dim/config/SrcVenueAvailability_TgtVenueAvailability,spark.pond.table,hvtb_mart_dim_venue_availability
SrcVenueAvailability,TgtVenueAvailability,SC2002269NCR,Qa,/data/apps/talend/shared/scripts/nbx/Dim/config/SrcVenueAvailability_TgtVenueAvailability,spark.target.schema,shipdw
SrcVenueAvailability,TgtVenueAvailability,SC2002269NCR,Qa,/data/apps/talend/shared/scripts/nbx/Dim/config/SrcVenueAvailability_TgtVenueAvailability,spark.target.table,venue_availability_dim
SrcVenueAvailability,TgtVenueAvailability,SC2002269NCR,Qa,/data/apps/talend/shared/scripts/nbx/Dim/config/SrcVenueAvailability_TgtVenueAvailability,spark.source.primaryKeyColumns,venue_id
SrcVenueAvailability,TgtVenueAvailability,SC2002269NCR,Qa,/data/apps/talend/shared/scripts/nbx/Dim/config/SrcVenueAvailability_TgtVenueAvailability,spark.target.final_collist,"venue_availability_skey, final_view.venue_skey as venue_skey,cast(final_view.voyage_id as string) as voyage_id,cast(final_view.availability_type as string) as availability_type, cast(final_view.availability_date as string) as availability_date, cast(final_view.availability_starttime_hour as string) as availability_starttime_hour, cast(final_view.availability_starttime_minute as string) as availability_starttime_minute, cast(final_view.availability_duration_mins as string) as availability_duration_mins,load_dt,upd_dt,primaryhash,md5_hash"
SrcVenueAvailability,TgtVenueAvailability,SC2002269NCR,Qa,/data/apps/talend/shared/scripts/nbx/Dim/config/SrcVenueAvailability_TgtVenueAvailability,spark.target.temp,s3://vv-qa-emr-cluster/data/temp/hvtb_mart_dim_venue_availability
SrcVenueAvailability,TgtVenueAvailability,SC2002269NCR,Qa,/data/apps/talend/shared/scripts/nbx/Dim/config/SrcVenueAvailability_TgtVenueAvailability,spark.target.location,s3://vv-qa-emr-cluster/data/mart/hvtb_mart_dim_venue_availability
SrcVenueAvailability,TgtVenueAvailability,SC2002269NCR,Qa,/data/apps/talend/shared/scripts/nbx/Dim/config/SrcVenueAvailability_TgtVenueAvailability,spark.redshift.schema,Hive_schema_stg
SrcVenueAvailability,TgtVenueAvailability,SC2002269NCR,Qa,/data/apps/talend/shared/scripts/nbx/Dim/config/SrcVenueAvailability_TgtVenueAvailability,spark.redshift.tablename,venue_availability_dim
SrcVenueAvailability,TgtVenueAvailability,SC2002269NCR,Qa,/data/apps/talend/shared/scripts/nbx/Dim/config/SrcVenueAvailability_TgtVenueAvailability,spark.scdtype,type1
SrcVenueAvailability,TgtVenueAvailability,SC2002269NCR,Qa,/data/apps/talend/shared/scripts/nbx/Dim/config/SrcVenueAvailability_TgtVenueAvailability,spark.tableType,DIMENSION
SrcVenueAvailability,TgtVenueAvailability,SC2002269NCR,Qa,/data/apps/talend/shared/scripts/nbx/Dim/config/SrcVenueAvailability_TgtVenueAvailability,spark.frameworkEnv,shore
SrcVenueAvailability,TgtVenueAvailability,SC2002269NCR,Qa,/data/apps/talend/shared/scripts/nbx/Dim/config/SrcVenueAvailability_TgtVenueAvailability,spark.source.sql,"select pl_id as venue_id,availability_duration as availability_duration_mins ,availability_type,starttime_hour as availability_starttime_hour ,starttime_minute as availability_starttime_minute ,voyageid as voyage_id,batchtime,part_date,ts from shipdw.hvtb_parse_mxp_shore_gospark_venue_availability����� "
SrcVenueAvailability,TgtVenueAvailability,SC2002269NCR,Qa,/data/apps/talend/shared/scripts/nbx/Dim/config/SrcVenueAvailability_TgtVenueAvailability,spark.venue_availability.table, shipdw.hvtb_mart_dim_venue_availability
SrcVenue,TgtVenue,SC2002269NCR,Qa,/data/apps/talend/shared/scripts/nbx/Dim/config/SrcVenue_TgtVenue,spark.src.config.id,SrcVenue
SrcVenue,TgtVenue,SC2002269NCR,Qa,/data/apps/talend/shared/scripts/nbx/Dim/config/SrcVenue_TgtVenue,spark.voyage.id,SC2002269NCR
SrcVenue,TgtVenue,SC2002269NCR,Qa,/data/apps/talend/shared/scripts/nbx/Dim/config/SrcVenue_TgtVenue,spark.tgt.env,Qa
SrcVenue,TgtVenue,SC2002269NCR,Qa,/data/apps/talend/shared/scripts/nbx/Dim/config/SrcVenue_TgtVenue,spark.target.config.id,TgtVenue
SrcVenue,TgtVenue,SC2002269NCR,Qa,/data/apps/talend/shared/scripts/nbx/Dim/config/SrcVenue_TgtVenue,spark.parent.id,SrcGoVenue-TgtGoVenue-SC2002269NCR 
SrcVenue,TgtVenue,SC2002269NCR,Qa,/data/apps/talend/shared/scripts/nbx/Dim/config/SrcVenue_TgtVenue,spark.target.ops.table.format,org.apache.phoenix.spark
SrcVenue,TgtVenue,SC2002269NCR,Qa,/data/apps/talend/shared/scripts/nbx/Dim/config/SrcVenue_TgtVenue,spark.target.ops.table.mode,overwrite
SrcVenue,TgtVenue,SC2002269NCR,Qa,/data/apps/talend/shared/scripts/nbx/Dim/config/SrcVenue_TgtVenue,spark.target.enablerops_table,HBTB_INGESTION_METADATA 
SrcVenue,TgtVenue,SC2002269NCR,Qa,/data/apps/talend/shared/scripts/nbx/Dim/config/SrcVenue_TgtVenue,spark.target.zkurl,10.4.100.154:2181/hbase-unsecure
SrcVenue,TgtVenue,SC2002269NCR,Qa,/data/apps/talend/shared/scripts/nbx/Dim/config/SrcVenue_TgtVenue,spark.table.type,dim
SrcVenue,TgtVenue,SC2002269NCR,Qa,/data/apps/talend/shared/scripts/nbx/Dim/config/SrcVenue_TgtVenue,spark.redshift.url,jdbc:redshift://10.4.0.203:5439/qanbx
SrcVenue,TgtVenue,SC2002269NCR,Qa,/data/apps/talend/shared/scripts/nbx/Dim/config/SrcVenue_TgtVenue,spark.redshift.username,talenduser
SrcVenue,TgtVenue,SC2002269NCR,Qa,/data/apps/talend/shared/scripts/nbx/Dim/config/SrcVenue_TgtVenue,spark.redshift.password,Talenduser@123
SrcVenue,TgtVenue,SC2002269NCR,Qa,/data/apps/talend/shared/scripts/nbx/Dim/config/SrcVenue_TgtVenue,spark.source.columns,"voyage_id,venue_name,venue_id"
SrcVenue,TgtVenue,SC2002269NCR,Qa,/data/apps/talend/shared/scripts/nbx/Dim/config/SrcVenue_TgtVenue,spark.pond.allColumns,"venue_skey as pond_venue_skey,voyage_id as pond_voyage_id,venue_id as pond_venue_id,venue_name as pond_venue_name,load_dt as pond_load_dt,upd_dt as pond_upd_dt,primaryhash as pond_primaryhash,md5_hash as pond_md5_hash"
SrcVenue,TgtVenue,SC2002269NCR,Qa,/data/apps/talend/shared/scripts/nbx/Dim/config/SrcVenue_TgtVenue,spark.surrogate_key.column,venue_skey
SrcVenue,TgtVenue,SC2002269NCR,Qa,/data/apps/talend/shared/scripts/nbx/Dim/config/SrcVenue_TgtVenue,spark.pond.database,shipdw
SrcVenue,TgtVenue,SC2002269NCR,Qa,/data/apps/talend/shared/scripts/nbx/Dim/config/SrcVenue_TgtVenue,spark.pond.table,hvtb_mart_dim_venue
SrcVenue,TgtVenue,SC2002269NCR,Qa,/data/apps/talend/shared/scripts/nbx/Dim/config/SrcVenue_TgtVenue,spark.target.schema,shipdw
SrcVenue,TgtVenue,SC2002269NCR,Qa,/data/apps/talend/shared/scripts/nbx/Dim/config/SrcVenue_TgtVenue,spark.target.table,venue_dim
SrcVenue,TgtVenue,SC2002269NCR,Qa,/data/apps/talend/shared/scripts/nbx/Dim/config/SrcVenue_TgtVenue,spark.source.primaryKeyColumns,venue_id
SrcVenue,TgtVenue,SC2002269NCR,Qa,/data/apps/talend/shared/scripts/nbx/Dim/config/SrcVenue_TgtVenue,spark.target.final_collist,"venue_skey,cast(final_view.voyage_id as string) as voyage_id,final_view.venue_id as venue_id ,final_view.venue_name as venue_name,load_dt,upd_dt,primaryhash,md5_hash"
SrcVenue,TgtVenue,SC2002269NCR,Qa,/data/apps/talend/shared/scripts/nbx/Dim/config/SrcVenue_TgtVenue,spark.target.temp,s3://vv-qa-emr-cluster/data/temp/hvtb_mart_dim_venue
SrcVenue,TgtVenue,SC2002269NCR,Qa,/data/apps/talend/shared/scripts/nbx/Dim/config/SrcVenue_TgtVenue,spark.target.location,s3://vv-qa-emr-cluster/data/mart/hvtb_mart_dim_venue
SrcVenue,TgtVenue,SC2002269NCR,Qa,/data/apps/talend/shared/scripts/nbx/Dim/config/SrcVenue_TgtVenue,spark.redshift.schema,Hive_schema_stg
SrcVenue,TgtVenue,SC2002269NCR,Qa,/data/apps/talend/shared/scripts/nbx/Dim/config/SrcVenue_TgtVenue,spark.redshift.tablename,venue_dim
SrcVenue,TgtVenue,SC2002269NCR,Qa,/data/apps/talend/shared/scripts/nbx/Dim/config/SrcVenue_TgtVenue,spark.scdtype,type1
SrcVenue,TgtVenue,SC2002269NCR,Qa,/data/apps/talend/shared/scripts/nbx/Dim/config/SrcVenue_TgtVenue,spark.tableType,DIMENSION
SrcVenue,TgtVenue,SC2002269NCR,Qa,/data/apps/talend/shared/scripts/nbx/Dim/config/SrcVenue_TgtVenue,spark.frameworkEnv,shore
SrcVenue,TgtVenue,SC2002269NCR,Qa,/data/apps/talend/shared/scripts/nbx/Dim/config/SrcVenue_TgtVenue,spark.source.sql,"SELECT  pl_id as venue_id, pl_name as venue_name, voyageid  as voyage_id FROM shipdw.hvtb_parse_mxp_shore_gospark_venue"
SrcArsActivityParse,TgtArsActivityDim,SC2002269NCR,Qa,/data/apps/talend/shared/scripts/nbx/Dim/config/SrcArsActivityParse_TgtArsActivityDim,spark.src.config.id,SrcArsActivityParse
SrcArsActivityParse,TgtArsActivityDim,SC2002269NCR,Qa,/data/apps/talend/shared/scripts/nbx/Dim/config/SrcArsActivityParse_TgtArsActivityDim,spark.voyage.id,SC2002269NCR
SrcArsActivityParse,TgtArsActivityDim,SC2002269NCR,Qa,/data/apps/talend/shared/scripts/nbx/Dim/config/SrcArsActivityParse_TgtArsActivityDim,spark.tgt.env,Qa
SrcArsActivityParse,TgtArsActivityDim,SC2002269NCR,Qa,/data/apps/talend/shared/scripts/nbx/Dim/config/SrcArsActivityParse_TgtArsActivityDim,spark.target.config.id,TgtArsActivityDim
SrcArsActivityParse,TgtArsActivityDim,SC2002269NCR,Qa,/data/apps/talend/shared/scripts/nbx/Dim/config/SrcArsActivityParse_TgtArsActivityDim,spark.parent.id,SrcArsActivityParse-TgtArsActivityParse-SC2002269NCR
SrcArsActivityParse,TgtArsActivityDim,SC2002269NCR,Qa,/data/apps/talend/shared/scripts/nbx/Dim/config/SrcArsActivityParse_TgtArsActivityDim,spark.target.ops.table.format,org.apache.phoenix.spark
SrcArsActivityParse,TgtArsActivityDim,SC2002269NCR,Qa,/data/apps/talend/shared/scripts/nbx/Dim/config/SrcArsActivityParse_TgtArsActivityDim,spark.target.ops.table.mode,overwrite
SrcArsActivityParse,TgtArsActivityDim,SC2002269NCR,Qa,/data/apps/talend/shared/scripts/nbx/Dim/config/SrcArsActivityParse_TgtArsActivityDim,spark.target.enablerops_table,HBTB_INGESTION_METADATA 
SrcArsActivityParse,TgtArsActivityDim,SC2002269NCR,Qa,/data/apps/talend/shared/scripts/nbx/Dim/config/SrcArsActivityParse_TgtArsActivityDim,spark.target.zkurl,10.4.100.154:2181/hbase-unsecure
SrcArsActivityParse,TgtArsActivityDim,SC2002269NCR,Qa,/data/apps/talend/shared/scripts/nbx/Dim/config/SrcArsActivityParse_TgtArsActivityDim,spark.table.type,dim
SrcArsActivityParse,TgtArsActivityDim,SC2002269NCR,Qa,/data/apps/talend/shared/scripts/nbx/Dim/config/SrcArsActivityParse_TgtArsActivityDim,spark.redshift.url,jdbc:redshift://10.4.0.203:5439/qanbx
SrcArsActivityParse,TgtArsActivityDim,SC2002269NCR,Qa,/data/apps/talend/shared/scripts/nbx/Dim/config/SrcArsActivityParse_TgtArsActivityDim,spark.redshift.username,talenduser
SrcArsActivityParse,TgtArsActivityDim,SC2002269NCR,Qa,/data/apps/talend/shared/scripts/nbx/Dim/config/SrcArsActivityParse_TgtArsActivityDim,spark.redshift.password,Talenduser@123
SrcArsActivityParse,TgtArsActivityDim,SC2002269NCR,Qa,/data/apps/talend/shared/scripts/nbx/Dim/config/SrcArsActivityParse_TgtArsActivityDim,spark.source.sql,"select voyageid as voyage_id, batchtime, partdate,activity_code,activity_type,activity_level  from shipdw.hvtb_parse_ars_shore_activity_detail"
SrcArsActivityParse,TgtArsActivityDim,SC2002269NCR,Qa,/data/apps/talend/shared/scripts/nbx/Dim/config/SrcArsActivityParse_TgtArsActivityDim,spark.source.columns,"activity_skey,voyage_id,activity_code,activity_type,activity_level"
SrcArsActivityParse,TgtArsActivityDim,SC2002269NCR,Qa,/data/apps/talend/shared/scripts/nbx/Dim/config/SrcArsActivityParse_TgtArsActivityDim,spark.pond.allColumns,"activity_skey as pond_activity_skey,voyage_id as pond_voyage_id,activity_code as pond_activity_code,activity_type as pond_activity_type,activity_level as pond_activity_level,load_dt as pond_load_dt,upd_dt as pond_upd_dt,primaryhash as pond_primaryhash,md5_hash as pond_md5_hash"
SrcArsActivityParse,TgtArsActivityDim,SC2002269NCR,Qa,/data/apps/talend/shared/scripts/nbx/Dim/config/SrcArsActivityParse_TgtArsActivityDim,spark.surrogate_key.column,activity_skey
SrcArsActivityParse,TgtArsActivityDim,SC2002269NCR,Qa,/data/apps/talend/shared/scripts/nbx/Dim/config/SrcArsActivityParse_TgtArsActivityDim,spark.pond.database,shipdw
SrcArsActivityParse,TgtArsActivityDim,SC2002269NCR,Qa,/data/apps/talend/shared/scripts/nbx/Dim/config/SrcArsActivityParse_TgtArsActivityDim,spark.pond.table,hvtb_mart_dim_activity
SrcArsActivityParse,TgtArsActivityDim,SC2002269NCR,Qa,/data/apps/talend/shared/scripts/nbx/Dim/config/SrcArsActivityParse_TgtArsActivityDim,spark.target.schema,shipdw
SrcArsActivityParse,TgtArsActivityDim,SC2002269NCR,Qa,/data/apps/talend/shared/scripts/nbx/Dim/config/SrcArsActivityParse_TgtArsActivityDim,spark.target.table,activity_dim
SrcArsActivityParse,TgtArsActivityDim,SC2002269NCR,Qa,/data/apps/talend/shared/scripts/nbx/Dim/config/SrcArsActivityParse_TgtArsActivityDim,spark.source.primaryKeyColumns,activity_code
SrcArsActivityParse,TgtArsActivityDim,SC2002269NCR,Qa,/data/apps/talend/shared/scripts/nbx/Dim/config/SrcArsActivityParse_TgtArsActivityDim,spark.scdtype,type1
SrcArsActivityParse,TgtArsActivityDim,SC2002269NCR,Qa,/data/apps/talend/shared/scripts/nbx/Dim/config/SrcArsActivityParse_TgtArsActivityDim,spark.frameworkEnv,shore
SrcArsActivityParse,TgtArsActivityDim,SC2002269NCR,Qa,/data/apps/talend/shared/scripts/nbx/Dim/config/SrcArsActivityParse_TgtArsActivityDim,spark.target.final_collist,"activity_skey,final_view.voyage_id as voyage_id,final_view.activity_code as activity_code,final_view.activity_type as activity_type, final_view.activity_level as activity_level,load_dt,upd_dt,primaryhash,md5_hash"
SrcArsActivityParse,TgtArsActivityDim,SC2002269NCR,Qa,/data/apps/talend/shared/scripts/nbx/Dim/config/SrcArsActivityParse_TgtArsActivityDim,spark.target.temp,s3://vv-qa-emr-cluster/data/temp/hvtb_mart_dim_activity
SrcArsActivityParse,TgtArsActivityDim,SC2002269NCR,Qa,/data/apps/talend/shared/scripts/nbx/Dim/config/SrcArsActivityParse_TgtArsActivityDim,spark.target.location,s3://vv-qa-emr-cluster/data/mart/hvtb_mart_dim_activity
SrcArsActivityParse,TgtArsActivityDim,SC2002269NCR,Qa,/data/apps/talend/shared/scripts/nbx/Dim/config/SrcArsActivityParse_TgtArsActivityDim,spark.redshift.schema,Hive_schema_stg
SrcArsActivityParse,TgtArsActivityDim,SC2002269NCR,Qa,/data/apps/talend/shared/scripts/nbx/Dim/config/SrcArsActivityParse_TgtArsActivityDim,spark.redshift.tablename,activity_dim
SrcArsActivityParse,TgtArsActivityDim,SC2002269NCR,Qa,/data/apps/talend/shared/scripts/nbx/Dim/config/SrcArsActivityParse_TgtArsActivityDim,spark.scdtype,type1
SrcArsActivityParse,TgtArsActivityDim,SC2002269NCR,Qa,/data/apps/talend/shared/scripts/nbx/Dim/config/SrcArsActivityParse_TgtArsActivityDim,spark.tableType,DIMENSION
SrcArsActivityParse,TgtArsActivityDim,SC2002269NCR,Qa,/data/apps/talend/shared/scripts/nbx/Dim/config/SrcArsActivityParse_TgtArsActivityDim,spark.frameworkEnv,shore
SrcShrBookingDim,TgtShrBookingDim,SC2002269NCR,Qa,/data/apps/talend/shared/scripts/nbx/Dim/config/SrcShrBookingDim_TgtShrBookingDim,spark.src.config.id,SrcShrBookingDim
SrcShrBookingDim,TgtShrBookingDim,SC2002269NCR,Qa,/data/apps/talend/shared/scripts/nbx/Dim/config/SrcShrBookingDim_TgtShrBookingDim,spark.voyage.id,SC2002269NCR
SrcShrBookingDim,TgtShrBookingDim,SC2002269NCR,Qa,/data/apps/talend/shared/scripts/nbx/Dim/config/SrcShrBookingDim_TgtShrBookingDim,spark.tgt.env,Qa
SrcShrBookingDim,TgtShrBookingDim,SC2002269NCR,Qa,/data/apps/talend/shared/scripts/nbx/Dim/config/SrcShrBookingDim_TgtShrBookingDim,spark.target.config.id,TgtShrBookingDim
SrcShrBookingDim,TgtShrBookingDim,SC2002269NCR,Qa,/data/apps/talend/shared/scripts/nbx/Dim/config/SrcShrBookingDim_TgtShrBookingDim,spark.parent.id,SrcShrArsBooking-TgtShrArsBooking-SC2002269NCR
SrcShrBookingDim,TgtShrBookingDim,SC2002269NCR,Qa,/data/apps/talend/shared/scripts/nbx/Dim/config/SrcShrBookingDim_TgtShrBookingDim,spark.target.ops.table.format,org.apache.phoenix.spark
SrcShrBookingDim,TgtShrBookingDim,SC2002269NCR,Qa,/data/apps/talend/shared/scripts/nbx/Dim/config/SrcShrBookingDim_TgtShrBookingDim,spark.target.ops.table.mode,overwrite
SrcShrBookingDim,TgtShrBookingDim,SC2002269NCR,Qa,/data/apps/talend/shared/scripts/nbx/Dim/config/SrcShrBookingDim_TgtShrBookingDim,spark.target.enablerops_table,HBTB_INGESTION_METADATA
SrcShrBookingDim,TgtShrBookingDim,SC2002269NCR,Qa,/data/apps/talend/shared/scripts/nbx/Dim/config/SrcShrBookingDim_TgtShrBookingDim,spark.target.zkurl,10.4.100.154:2181/hbase-unsecure
SrcShrBookingDim,TgtShrBookingDim,SC2002269NCR,Qa,/data/apps/talend/shared/scripts/nbx/Dim/config/SrcShrBookingDim_TgtShrBookingDim,spark.table.type,dim
SrcShrBookingDim,TgtShrBookingDim,SC2002269NCR,Qa,/data/apps/talend/shared/scripts/nbx/Dim/config/SrcShrBookingDim_TgtShrBookingDim,spark.redshift.url,jdbc:redshift://10.4.0.203:5439/qanbx
SrcShrBookingDim,TgtShrBookingDim,SC2002269NCR,Qa,/data/apps/talend/shared/scripts/nbx/Dim/config/SrcShrBookingDim_TgtShrBookingDim,spark.redshift.username,talenduser
SrcShrBookingDim,TgtShrBookingDim,SC2002269NCR,Qa,/data/apps/talend/shared/scripts/nbx/Dim/config/SrcShrBookingDim_TgtShrBookingDim,spark.redshift.password,Talenduser@123
SrcShrBookingDim,TgtShrBookingDim,SC2002269NCR,Qa,/data/apps/talend/shared/scripts/nbx/Dim/config/SrcShrBookingDim_TgtShrBookingDim,spark.source.columns,"reservation_number,booking_id,status,cancellation_reason,waiver_code,waiver_status,payment_status,voyage_id,batchtime"
SrcShrBookingDim,TgtShrBookingDim,SC2002269NCR,Qa,/data/apps/talend/shared/scripts/nbx/Dim/config/SrcShrBookingDim_TgtShrBookingDim,spark.pond.allColumns,booking_detail_skey
SrcShrBookingDim,TgtShrBookingDim,SC2002269NCR,Qa,/data/apps/talend/shared/scripts/nbx/Dim/config/SrcShrBookingDim_TgtShrBookingDim,spark.surrogate_key.column,booking_detail_skey
SrcShrBookingDim,TgtShrBookingDim,SC2002269NCR,Qa,/data/apps/talend/shared/scripts/nbx/Dim/config/SrcShrBookingDim_TgtShrBookingDim,spark.pond.database,shipdw
SrcShrBookingDim,TgtShrBookingDim,SC2002269NCR,Qa,/data/apps/talend/shared/scripts/nbx/Dim/config/SrcShrBookingDim_TgtShrBookingDim,spark.pond.table,hvtb_mart_dim_booking_detail
SrcShrBookingDim,TgtShrBookingDim,SC2002269NCR,Qa,/data/apps/talend/shared/scripts/nbx/Dim/config/SrcShrBookingDim_TgtShrBookingDim,spark.source.primaryKeyColumns,booking_id
SrcShrBookingDim,TgtShrBookingDim,SC2002269NCR,Qa,/data/apps/talend/shared/scripts/nbx/Dim/config/SrcShrBookingDim_TgtShrBookingDim,spark.target.final_collist,"booking_detail_skey,reservation_number,booking_id,status,cancellation_reason,waiver_code,waiver_status,payment_status,voyage_id,load_dt,upd_dt,primaryhash,md5_hash"
SrcShrBookingDim,TgtShrBookingDim,SC2002269NCR,Qa,/data/apps/talend/shared/scripts/nbx/Dim/config/SrcShrBookingDim_TgtShrBookingDim,spark.target.temp,s3://vv-qa-emr-cluster/data/temp/hvtb_mart_dim_booking_detail
SrcShrBookingDim,TgtShrBookingDim,SC2002269NCR,Qa,/data/apps/talend/shared/scripts/nbx/Dim/config/SrcShrBookingDim_TgtShrBookingDim,spark.target.location,s3://vv-qa-emr-cluster/data/mart/hvtb_mart_dim_booking_detail
SrcShrBookingDim,TgtShrBookingDim,SC2002269NCR,Qa,/data/apps/talend/shared/scripts/nbx/Dim/config/SrcShrBookingDim_TgtShrBookingDim,spark.redshift.schema,Hive_schema_stg
SrcShrBookingDim,TgtShrBookingDim,SC2002269NCR,Qa,/data/apps/talend/shared/scripts/nbx/Dim/config/SrcShrBookingDim_TgtShrBookingDim,spark.redshift.tablename,itinerary_dim
SrcShrBookingDim,TgtShrBookingDim,SC2002269NCR,Qa,/data/apps/talend/shared/scripts/nbx/Dim/config/SrcShrBookingDim_TgtShrBookingDim,spark.scdtype,type1
SrcShrBookingDim,TgtShrBookingDim,SC2002269NCR,Qa,/data/apps/talend/shared/scripts/nbx/Dim/config/SrcShrBookingDim_TgtShrBookingDim,spark.tableType,DIMENSION
SrcShrBookingDim,TgtShrBookingDim,SC2002269NCR,Qa,/data/apps/talend/shared/scripts/nbx/Dim/config/SrcShrBookingDim_TgtShrBookingDim,spark.frameworkEnv,shore
SrcShrBookingDim,TgtShrBookingDim,SC2002269NCR,Qa,/data/apps/talend/shared/scripts/nbx/Dim/config/SrcShrBookingDim_TgtShrBookingDim,spark.arsbooking.target.table,shipdw.hvtb_parse_ars_booking
SrcActivitySlotDim,TgtActivitySlotDim,SC2002269NCR,Qa,/data/apps/talend/shared/scripts/nbx/Dim/config/SrcActivitySlotDim_TgtActivitySlotDim,spark.src.config.id,SrcActivitySlotDim
SrcActivitySlotDim,TgtActivitySlotDim,SC2002269NCR,Qa,/data/apps/talend/shared/scripts/nbx/Dim/config/SrcActivitySlotDim_TgtActivitySlotDim,spark.voyage.id,SC2002269NCR
SrcActivitySlotDim,TgtActivitySlotDim,SC2002269NCR,Qa,/data/apps/talend/shared/scripts/nbx/Dim/config/SrcActivitySlotDim_TgtActivitySlotDim,spark.tgt.env,Qa
SrcActivitySlotDim,TgtActivitySlotDim,SC2002269NCR,Qa,/data/apps/talend/shared/scripts/nbx/Dim/config/SrcActivitySlotDim_TgtActivitySlotDim,spark.target.config.id,TgtActivitySlotDim
SrcActivitySlotDim,TgtActivitySlotDim,SC2002269NCR,Qa,/data/apps/talend/shared/scripts/nbx/Dim/config/SrcActivitySlotDim_TgtActivitySlotDim,spark.parent.id,SrcArsActivityParse-TgtArsActivityParse-SC2002269NCR
SrcActivitySlotDim,TgtActivitySlotDim,SC2002269NCR,Qa,/data/apps/talend/shared/scripts/nbx/Dim/config/SrcActivitySlotDim_TgtActivitySlotDim,spark.target.ops.table.format,org.apache.phoenix.spark
SrcActivitySlotDim,TgtActivitySlotDim,SC2002269NCR,Qa,/data/apps/talend/shared/scripts/nbx/Dim/config/SrcActivitySlotDim_TgtActivitySlotDim,spark.target.ops.table.mode,overwrite
SrcActivitySlotDim,TgtActivitySlotDim,SC2002269NCR,Qa,/data/apps/talend/shared/scripts/nbx/Dim/config/SrcActivitySlotDim_TgtActivitySlotDim,spark.target.enablerops_table,HBTB_INGESTION_METADATA
SrcActivitySlotDim,TgtActivitySlotDim,SC2002269NCR,Qa,/data/apps/talend/shared/scripts/nbx/Dim/config/SrcActivitySlotDim_TgtActivitySlotDim,spark.target.zkurl,10.4.100.154:2181/hbase-unsecure
SrcActivitySlotDim,TgtActivitySlotDim,SC2002269NCR,Qa,/data/apps/talend/shared/scripts/nbx/Dim/config/SrcActivitySlotDim_TgtActivitySlotDim,spark.table.type,dim
SrcActivitySlotDim,TgtActivitySlotDim,SC2002269NCR,Qa,/data/apps/talend/shared/scripts/nbx/Dim/config/SrcActivitySlotDim_TgtActivitySlotDim,spark.redshift.url,jdbc:redshift://10.4.0.203:5439/qanbx
SrcActivitySlotDim,TgtActivitySlotDim,SC2002269NCR,Qa,/data/apps/talend/shared/scripts/nbx/Dim/config/SrcActivitySlotDim_TgtActivitySlotDim,spark.redshift.username,talenduser
SrcActivitySlotDim,TgtActivitySlotDim,SC2002269NCR,Qa,/data/apps/talend/shared/scripts/nbx/Dim/config/SrcActivitySlotDim_TgtActivitySlotDim,spark.redshift.password,Talenduser@123
SrcActivitySlotDim,TgtActivitySlotDim,SC2002269NCR,Qa,/data/apps/talend/shared/scripts/nbx/Dim/config/SrcActivitySlotDim_TgtActivitySlotDim,spark.source.columns,"activity_skey,activity_slot_code,slot_start_timestamp,slot_end_timestamp,total_capacity,available_capacity,voyage_id,batchtime"
SrcActivitySlotDim,TgtActivitySlotDim,SC2002269NCR,Qa,/data/apps/talend/shared/scripts/nbx/Dim/config/SrcActivitySlotDim_TgtActivitySlotDim,spark.pond.allColumns,activity_slot_skey
SrcActivitySlotDim,TgtActivitySlotDim,SC2002269NCR,Qa,/data/apps/talend/shared/scripts/nbx/Dim/config/SrcActivitySlotDim_TgtActivitySlotDim,spark.surrogate_key.column,activity_slot_skey
SrcActivitySlotDim,TgtActivitySlotDim,SC2002269NCR,Qa,/data/apps/talend/shared/scripts/nbx/Dim/config/SrcActivitySlotDim_TgtActivitySlotDim,spark.pond.database,shipdw
SrcActivitySlotDim,TgtActivitySlotDim,SC2002269NCR,Qa,/data/apps/talend/shared/scripts/nbx/Dim/config/SrcActivitySlotDim_TgtActivitySlotDim,spark.pond.table,hvtb_mart_dim_activity_slot
SrcActivitySlotDim,TgtActivitySlotDim,SC2002269NCR,Qa,/data/apps/talend/shared/scripts/nbx/Dim/config/SrcActivitySlotDim_TgtActivitySlotDim,spark.source.primaryKeyColumns,activity_slot_code
SrcActivitySlotDim,TgtActivitySlotDim,SC2002269NCR,Qa,/data/apps/talend/shared/scripts/nbx/Dim/config/SrcActivitySlotDim_TgtActivitySlotDim,spark.target.final_collist,"activity_slot_skey,activity_skey,activity_slot_code,slot_start_timestamp,slot_end_timestamp,total_capacity,available_capacity,voyage_id,load_dt,upd_dt,primaryhash,md5_hash"
SrcActivitySlotDim,TgtActivitySlotDim,SC2002269NCR,Qa,/data/apps/talend/shared/scripts/nbx/Dim/config/SrcActivitySlotDim_TgtActivitySlotDim,spark.target.temp,s3://vv-qa-emr-cluster/data/temp/hvtb_mart_dim_activity_slot
SrcActivitySlotDim,TgtActivitySlotDim,SC2002269NCR,Qa,/data/apps/talend/shared/scripts/nbx/Dim/config/SrcActivitySlotDim_TgtActivitySlotDim,spark.target.location,s3://vv-qa-emr-cluster/data/mart/hvtb_mart_dim_activity_slot
SrcActivitySlotDim,TgtActivitySlotDim,SC2002269NCR,Qa,/data/apps/talend/shared/scripts/nbx/Dim/config/SrcActivitySlotDim_TgtActivitySlotDim,spark.redshift.schema,Hive_schema_stg
SrcActivitySlotDim,TgtActivitySlotDim,SC2002269NCR,Qa,/data/apps/talend/shared/scripts/nbx/Dim/config/SrcActivitySlotDim_TgtActivitySlotDim,spark.redshift.tablename,activityslotdim
SrcActivitySlotDim,TgtActivitySlotDim,SC2002269NCR,Qa,/data/apps/talend/shared/scripts/nbx/Dim/config/SrcActivitySlotDim_TgtActivitySlotDim,spark.scdtype,type1
SrcActivitySlotDim,TgtActivitySlotDim,SC2002269NCR,Qa,/data/apps/talend/shared/scripts/nbx/Dim/config/SrcActivitySlotDim_TgtActivitySlotDim,spark.tableType,DIMENSION
SrcActivitySlotDim,TgtActivitySlotDim,SC2002269NCR,Qa,/data/apps/talend/shared/scripts/nbx/Dim/config/SrcActivitySlotDim_TgtActivitySlotDim,spark.frameworkEnv,shore
SrcActivitySlotDim,TgtActivitySlotDim,SC2002269NCR,Qa,/data/apps/talend/shared/scripts/nbx/Dim/config/SrcActivitySlotDim_TgtActivitySlotDim,spark.activity.source.table,shipdw.hvtb_parse_ars_shore_activity_slot
SrcActivitySlotDim,TgtActivitySlotDim,SC2002269NCR,Qa,/data/apps/talend/shared/scripts/nbx/Dim/config/SrcActivitySlotDim_TgtActivitySlotDim,spark.activitydim.table,shipdw.hvtb_mart_dim_activity
SrcOciStatus,TgtOciStatus,SC2002269NCR,Qa,/data/apps/talend/shared/scripts/nbx/Dim/config/SrcOciStatus_TgtOciStatus,spark.parent.id,SrcOciStatus
SrcOciStatus,TgtOciStatus,SC2002269NCR,Qa,/data/apps/talend/shared/scripts/nbx/Dim/config/SrcOciStatus_TgtOciStatus,spark.voyage.id,SC2002269NCR
SrcOciStatus,TgtOciStatus,SC2002269NCR,Qa,/data/apps/talend/shared/scripts/nbx/Dim/config/SrcOciStatus_TgtOciStatus,spark.tgt.env,Qa
SrcOciStatus,TgtOciStatus,SC2002269NCR,Qa,/data/apps/talend/shared/scripts/nbx/Dim/config/SrcOciStatus_TgtOciStatus,spark.target.config.id,TgtOciStatus
SrcOciStatus,TgtOciStatus,SC2002269NCR,Qa,/data/apps/talend/shared/scripts/nbx/Dim/config/SrcOciStatus_TgtOciStatus,spark.parent.id,SrcRTSOciStatusDetail-TgtRTSOciStatusDetail-SC1912065NCM
SrcOciStatus,TgtOciStatus,SC2002269NCR,Qa,/data/apps/talend/shared/scripts/nbx/Dim/config/SrcOciStatus_TgtOciStatus,spark.target.ops.table.format,org.apache.phoenix.spark
SrcOciStatus,TgtOciStatus,SC2002269NCR,Qa,/data/apps/talend/shared/scripts/nbx/Dim/config/SrcOciStatus_TgtOciStatus,spark.target.ops.table.mode,overwrite
SrcOciStatus,TgtOciStatus,SC2002269NCR,Qa,/data/apps/talend/shared/scripts/nbx/Dim/config/SrcOciStatus_TgtOciStatus,spark.target.enablerops_table,HBTB_INGESTION_METADATA
SrcOciStatus,TgtOciStatus,SC2002269NCR,Qa,/data/apps/talend/shared/scripts/nbx/Dim/config/SrcOciStatus_TgtOciStatus,spark.target.zkurl,10.4.100.154:2181/hbase-unsecure
SrcOciStatus,TgtOciStatus,SC2002269NCR,Qa,/data/apps/talend/shared/scripts/nbx/Dim/config/SrcOciStatus_TgtOciStatus,spark.table.type,dim
SrcOciStatus,TgtOciStatus,SC2002269NCR,Qa,/data/apps/talend/shared/scripts/nbx/Dim/config/SrcOciStatus_TgtOciStatus,spark.redshift.url,jdbc:redshift://10.4.0.203:5439/qanbx
SrcOciStatus,TgtOciStatus,SC2002269NCR,Qa,/data/apps/talend/shared/scripts/nbx/Dim/config/SrcOciStatus_TgtOciStatus,spark.redshift.username,talenduser
SrcOciStatus,TgtOciStatus,SC2002269NCR,Qa,/data/apps/talend/shared/scripts/nbx/Dim/config/SrcOciStatus_TgtOciStatus,spark.redshift.password,Talenduser@123
SrcOciStatus,TgtOciStatus,SC2002269NCR,Qa,/data/apps/talend/shared/scripts/nbx/Dim/config/SrcOciStatus_TgtOciStatus,spark.source.columns,"guestid,reservationnumber,precruiseinfo_transportationtypecode,batchtime,VoyageID"
SrcOciStatus,TgtOciStatus,SC2002269NCR,Qa,/data/apps/talend/shared/scripts/nbx/Dim/config/SrcOciStatus_TgtOciStatus,spark.pond.allColumns,"vxp_guest_id as pond_vxp_guest_id,src_res_id as pond_src_res_id,rts_transfer_response as pond_rts_transfer_response,VoyageID as pond_VoyageID,rts_id as pond_rts_id,guest_Id as pond_guest_Id,client_id as pond_client_id,res_id as pond_res_id,load_dt as pond_load_dt,upd_dt as pond_upd_dt,primaryhash as pond_primaryhash,md5_hash as pond_md5_hash"
SrcOciStatus,TgtOciStatus,SC2002269NCR,Qa,/data/apps/talend/shared/scripts/nbx/Dim/config/SrcOciStatus_TgtOciStatus,spark.surrogate_key.column,rts_id
SrcOciStatus,TgtOciStatus,SC2002269NCR,Qa,/data/apps/talend/shared/scripts/nbx/Dim/config/SrcOciStatus_TgtOciStatus,spark.pond.database,vv_db
SrcOciStatus,TgtOciStatus,SC2002269NCR,Qa,/data/apps/talend/shared/scripts/nbx/Dim/config/SrcOciStatus_TgtOciStatus,spark.pond.table,hvtb_mart_dim_rts_oci_statusdetail
SrcOciStatus,TgtOciStatus,SC2002269NCR,Qa,/data/apps/talend/shared/scripts/nbx/Dim/config/SrcOciStatus_TgtOciStatus,spark.source.primaryKeyColumns,guestid
SrcOciStatus,TgtOciStatus,SC2002269NCR,Qa,/data/apps/talend/shared/scripts/nbx/Dim/config/SrcOciStatus_TgtOciStatus,spark.target.final_collist,"rts_id,final_view.guestid as vxp_guest_id,final_view.reservationnumber as src_res_id,final_view.guest_id,final_view.client_id,final_view.res_id,final_view.PreCruiseInfo_TransportationTypeCode as rts_transfer_response ,final_view.VoyageID,load_dt, upd_dt,primaryhash,md5_hash"
SrcOciStatus,TgtOciStatus,SC2002269NCR,Qa,/data/apps/talend/shared/scripts/nbx/Dim/config/SrcOciStatus_TgtOciStatus,spark.target.temp,s3://vv-qa-emr-cluster/data/temp/hvtb_mart_dim_rts_oci_statusdetail
SrcOciStatus,TgtOciStatus,SC2002269NCR,Qa,/data/apps/talend/shared/scripts/nbx/Dim/config/SrcOciStatus_TgtOciStatus,spark.target.location,s3://vv-qa-emr-cluster/data/mart/hvtb_mart_dim_rts_oci_statusdetail
SrcOciStatus,TgtOciStatus,SC2002269NCR,Qa,/data/apps/talend/shared/scripts/nbx/Dim/config/SrcOciStatus_TgtOciStatus,spark.redshift.schema,Hive_schema_stg
SrcOciStatus,TgtOciStatus,SC2002269NCR,Qa,/data/apps/talend/shared/scripts/nbx/Dim/config/SrcOciStatus_TgtOciStatus,spark.redshift.tablename,rts_dim
SrcOciStatus,TgtOciStatus,SC2002269NCR,Qa,/data/apps/talend/shared/scripts/nbx/Dim/config/SrcOciStatus_TgtOciStatus,spark.scdtype,type1
SrcOciStatus,TgtOciStatus,SC2002269NCR,Qa,/data/apps/talend/shared/scripts/nbx/Dim/config/SrcOciStatus_TgtOciStatus,spark.tableType,DIMENSION
SrcOciStatus,TgtOciStatus,SC2002269NCR,Qa,/data/apps/talend/shared/scripts/nbx/Dim/config/SrcOciStatus_TgtOciStatus,spark.frameworkEnv,shore
SrcVendorDim,TgtVendorDim,SC2002269NCR,Qa,/data/apps/talend/shared/scripts/nbx/Dim/config/SrvVendorDim_TgtVendorDim,spark.src.config.id,SrcVendorDim
SrcVendorDim,TgtVendorDim,SC2002269NCR,Qa,/data/apps/talend/shared/scripts/nbx/Dim/config/SrvVendorDim_TgtVendorDim,spark.voyage.id,SC2002269NCR
SrcVendorDim,TgtVendorDim,SC2002269NCR,Qa,/data/apps/talend/shared/scripts/nbx/Dim/config/SrvVendorDim_TgtVendorDim,spark.tgt.env,Qa
SrcVendorDim,TgtVendorDim,SC2002269NCR,Qa,/data/apps/talend/shared/scripts/nbx/Dim/config/SrvVendorDim_TgtVendorDim,spark.target.config.id,TgtVendorDim
SrcVendorDim,TgtVendorDim,SC2002269NCR,Qa,/data/apps/talend/shared/scripts/nbx/Dim/config/SrvVendorDim_TgtVendorDim,spark.parent.id,SrcArsActivityParse-TgtArsActivityParse-SC2002269NCR
SrcVendorDim,TgtVendorDim,SC2002269NCR,Qa,/data/apps/talend/shared/scripts/nbx/Dim/config/SrvVendorDim_TgtVendorDim,spark.target.ops.table.format,org.apache.phoenix.spark
SrcVendorDim,TgtVendorDim,SC2002269NCR,Qa,/data/apps/talend/shared/scripts/nbx/Dim/config/SrvVendorDim_TgtVendorDim,spark.target.ops.table.mode,overwrite
SrcVendorDim,TgtVendorDim,SC2002269NCR,Qa,/data/apps/talend/shared/scripts/nbx/Dim/config/SrvVendorDim_TgtVendorDim,spark.target.enablerops_table,HBTB_INGESTION_METADATA
SrcVendorDim,TgtVendorDim,SC2002269NCR,Qa,/data/apps/talend/shared/scripts/nbx/Dim/config/SrvVendorDim_TgtVendorDim,spark.target.zkurl,10.4.100.154:2181/hbase-unsecure
SrcVendorDim,TgtVendorDim,SC2002269NCR,Qa,/data/apps/talend/shared/scripts/nbx/Dim/config/SrvVendorDim_TgtVendorDim,spark.table.type,dim
SrcVendorDim,TgtVendorDim,SC2002269NCR,Qa,/data/apps/talend/shared/scripts/nbx/Dim/config/SrvVendorDim_TgtVendorDim,spark.redshift.url,jdbc:redshift://10.4.0.203:5439/qanbx
SrcVendorDim,TgtVendorDim,SC2002269NCR,Qa,/data/apps/talend/shared/scripts/nbx/Dim/config/SrvVendorDim_TgtVendorDim,spark.redshift.username,talenduser
SrcVendorDim,TgtVendorDim,SC2002269NCR,Qa,/data/apps/talend/shared/scripts/nbx/Dim/config/SrvVendorDim_TgtVendorDim,spark.redshift.password,Talenduser@123
SrcVendorDim,TgtVendorDim,SC2002269NCR,Qa,/data/apps/talend/shared/scripts/nbx/Dim/config/SrvVendorDim_TgtVendorDim,spark.source.columns,"voyage_id,vendor_id"
SrcVendorDim,TgtVendorDim,SC2002269NCR,Qa,/data/apps/talend/shared/scripts/nbx/Dim/config/SrvVendorDim_TgtVendorDim,spark.pond.allColumns,"vendor_skey as pond_vendor_skey,voyage_id as pond_voyage_id,vendor_id as pond_vendor_id,load_dt as pond_load_dt,upd_dt as pond_upd_dt,primaryhash as pond_primaryhash,md5_hash as pond_md5_hash"
SrcVendorDim,TgtVendorDim,SC2002269NCR,Qa,/data/apps/talend/shared/scripts/nbx/Dim/config/SrvVendorDim_TgtVendorDim,spark.surrogate_key.column,vendor_skey
SrcVendorDim,TgtVendorDim,SC2002269NCR,Qa,/data/apps/talend/shared/scripts/nbx/Dim/config/SrvVendorDim_TgtVendorDim,spark.pond.database,shipdw
SrcVendorDim,TgtVendorDim,SC2002269NCR,Qa,/data/apps/talend/shared/scripts/nbx/Dim/config/SrvVendorDim_TgtVendorDim,spark.pond.table,hvtb_mart_dim_vendor
SrcVendorDim,TgtVendorDim,SC2002269NCR,Qa,/data/apps/talend/shared/scripts/nbx/Dim/config/SrvVendorDim_TgtVendorDim,spark.source.primaryKeyColumns,vendor_id
SrcVendorDim,TgtVendorDim,SC2002269NCR,Qa,/data/apps/talend/shared/scripts/nbx/Dim/config/SrvVendorDim_TgtVendorDim,spark.target.final_collist,"vendor_skey,cast(final_view.voyage_id as string) as voyage_id,final_view.vendor_id as vendor_id,load_dt,upd_dt,primaryhash,md5_hash"
SrcVendorDim,TgtVendorDim,SC2002269NCR,Qa,/data/apps/talend/shared/scripts/nbx/Dim/config/SrvVendorDim_TgtVendorDim,spark.target.temp,s3://vv-qa-emr-cluster/data/temp/hvtb_mart_dim_vendor
SrcVendorDim,TgtVendorDim,SC2002269NCR,Qa,/data/apps/talend/shared/scripts/nbx/Dim/config/SrvVendorDim_TgtVendorDim,spark.target.location,s3://vv-qa-emr-cluster/data/mart/hvtb_mart_dim_vendor
SrcVendorDim,TgtVendorDim,SC2002269NCR,Qa,/data/apps/talend/shared/scripts/nbx/Dim/config/SrvVendorDim_TgtVendorDim,spark.redshift.schema,Hive_schema_stg
SrcVendorDim,TgtVendorDim,SC2002269NCR,Qa,/data/apps/talend/shared/scripts/nbx/Dim/config/SrvVendorDim_TgtVendorDim,spark.redshift.tablename,vendor_dim
SrcVendorDim,TgtVendorDim,SC2002269NCR,Qa,/data/apps/talend/shared/scripts/nbx/Dim/config/SrvVendorDim_TgtVendorDim,spark.scdtype,type1
SrcVendorDim,TgtVendorDim,SC2002269NCR,Qa,/data/apps/talend/shared/scripts/nbx/Dim/config/SrvVendorDim_TgtVendorDim,spark.source.sql,"SELECT * from (select vendorid as vendor_id, voyageid  as voyage_id,vendoractivityid as vendoractivityid,batchtime as batchtime,partdate as partdate FROM shipdw.hvtb_parse_ars_shore_activity_vendor where vendorid is not null)",
SrcVendorDim,TgtVendorDim,SC2002269NCR,Qa,/data/apps/talend/shared/scripts/nbx/Dim/config/SrvVendorDim_TgtVendorDim,spark.tableType,DIMENSION
SrcVendorDim,TgtVendorDim,SC2002269NCR,Qa,/data/apps/talend/shared/scripts/nbx/Dim/config/SrvVendorDim_TgtVendorDim,spark.frameworkEnv,shore
SrcWearableDim,TgtWearableDim,SC2002269NCR,Qa,/data/apps/talend/shared/scripts/nbx/Dim/config/SrcWearableDim_TgtWearableDim,spark.src.config.id,SrcWearableDim
SrcWearableDim,TgtWearableDim,SC2002269NCR,Qa,/data/apps/talend/shared/scripts/nbx/Dim/config/SrcWearableDim_TgtWearableDim,spark.voyage.id,SC2002269NCR
SrcWearableDim,TgtWearableDim,SC2002269NCR,Qa,/data/apps/talend/shared/scripts/nbx/Dim/config/SrcWearableDim_TgtWearableDim,spark.tgt.env,Qa
SrcWearableDim,TgtWearableDim,SC2002269NCR,Qa,/data/apps/talend/shared/scripts/nbx/Dim/config/SrcWearableDim_TgtWearableDim,spark.target.config.id,TgtWearableDim
SrcWearableDim,TgtWearableDim,SC2002269NCR,Qa,/data/apps/talend/shared/scripts/nbx/Dim/config/SrcWearableDim_TgtWearableDim,spark.parent.id,SrcShrGuest-TgtShrGuest-SC2002269NCR
SrcWearableDim,TgtWearableDim,SC2002269NCR,Qa,/data/apps/talend/shared/scripts/nbx/Dim/config/SrcWearableDim_TgtWearableDim,spark.target.ops.table.format,org.apache.phoenix.spark
SrcWearableDim,TgtWearableDim,SC2002269NCR,Qa,/data/apps/talend/shared/scripts/nbx/Dim/config/SrcWearableDim_TgtWearableDim,spark.target.ops.table.mode,overwrite
SrcWearableDim,TgtWearableDim,SC2002269NCR,Qa,/data/apps/talend/shared/scripts/nbx/Dim/config/SrcWearableDim_TgtWearableDim,spark.target.enablerops_table,HBTB_INGESTION_METADATA
SrcWearableDim,TgtWearableDim,SC2002269NCR,Qa,/data/apps/talend/shared/scripts/nbx/Dim/config/SrcWearableDim_TgtWearableDim,spark.target.zkurl,10.4.100.154:2181/hbase-unsecure
SrcWearableDim,TgtWearableDim,SC2002269NCR,Qa,/data/apps/talend/shared/scripts/nbx/Dim/config/SrcWearableDim_TgtWearableDim,spark.table.type,dim
SrcWearableDim,TgtWearableDim,SC2002269NCR,Qa,/data/apps/talend/shared/scripts/nbx/Dim/config/SrcWearableDim_TgtWearableDim,spark.redshift.url,jdbc:redshift://10.4.0.203:5439/qanbx
SrcWearableDim,TgtWearableDim,SC2002269NCR,Qa,/data/apps/talend/shared/scripts/nbx/Dim/config/SrcWearableDim_TgtWearableDim,spark.redshift.username,talenduser
SrcWearableDim,TgtWearableDim,SC2002269NCR,Qa,/data/apps/talend/shared/scripts/nbx/Dim/config/SrcWearableDim_TgtWearableDim,spark.redshift.password,Talenduser@123
SrcWearableDim,TgtWearableDim,SC2002269NCR,Qa,/data/apps/talend/shared/scripts/nbx/Dim/config/SrcWearableDim_TgtWearableDim,spark.source.sql,"SELECT gp.voyageid as voyage_id, gp.guest_wearable_id as wearable_id, gp.batchtime, gp.partdate, dp.person_skey  FROM shipdw.hvtb_parse_mxp_shore_guest_person gp LEFT OUTER JOIN shipdw.hvtb_mart_dim_person dp on (gp.person_id = dp.person_id) where dp.guest_wearable_id IS NOT NULL"
SrcWearableDim,TgtWearableDim,SC2002269NCR,Qa,/data/apps/talend/shared/scripts/nbx/Dim/config/SrcWearableDim_TgtWearableDim,spark.source.columns,"voyage_id,wearable_id,batchtime,partdate,person_skey"
SrcWearableDim,TgtWearableDim,SC2002269NCR,Qa,/data/apps/talend/shared/scripts/nbx/Dim/config/SrcWearableDim_TgtWearableDim,spark.pond.allColumns,"wearable_skey as pond_wearable_skey,voyage_id as pond_voyage_id,wearable_id as pond_wearable_id,person_skey as pond_person_skey,load_dt as pond_load_dt,upd_dt as pond_upd_dt,primaryhash as pond_primaryhash,md5_hash as pond_md5_hash"
SrcWearableDim,TgtWearableDim,SC2002269NCR,Qa,/data/apps/talend/shared/scripts/nbx/Dim/config/SrcWearableDim_TgtWearableDim,spark.surrogate_key.column,wearable_skey
SrcWearableDim,TgtWearableDim,SC2002269NCR,Qa,/data/apps/talend/shared/scripts/nbx/Dim/config/SrcWearableDim_TgtWearableDim,spark.pond.database,shipdw
SrcWearableDim,TgtWearableDim,SC2002269NCR,Qa,/data/apps/talend/shared/scripts/nbx/Dim/config/SrcWearableDim_TgtWearableDim,spark.pond.table,hvtb_mart_dim_wearable
SrcWearableDim,TgtWearableDim,SC2002269NCR,Qa,/data/apps/talend/shared/scripts/nbx/Dim/config/SrcWearableDim_TgtWearableDim,spark.target.schema,shipdw
SrcWearableDim,TgtWearableDim,SC2002269NCR,Qa,/data/apps/talend/shared/scripts/nbx/Dim/config/SrcWearableDim_TgtWearableDim,spark.target.table,wearable_dim
SrcWearableDim,TgtWearableDim,SC2002269NCR,Qa,/data/apps/talend/shared/scripts/nbx/Dim/config/SrcWearableDim_TgtWearableDim,spark.source.primaryKeyColumns,"wearable_id,voyage_id"
SrcWearableDim,TgtWearableDim,SC2002269NCR,Qa,/data/apps/talend/shared/scripts/nbx/Dim/config/SrcWearableDim_TgtWearableDim,spark.target.final_collist,"wearable_skey,final_view.voyage_id,final_view.wearable_id,final_view.person_skey,load_dt,upd_dt,primaryhash,md5_hash"
SrcWearableDim,TgtWearableDim,SC2002269NCR,Qa,/data/apps/talend/shared/scripts/nbx/Dim/config/SrcWearableDim_TgtWearableDim,spark.target.temp,s3://vv-qa-emr-cluster/data/temp/hvtb_mart_dim_wearable
SrcWearableDim,TgtWearableDim,SC2002269NCR,Qa,/data/apps/talend/shared/scripts/nbx/Dim/config/SrcWearableDim_TgtWearableDim,spark.target.location,s3://vv-qa-emr-cluster/data/mart/hvtb_mart_dim_wearable
SrcWearableDim,TgtWearableDim,SC2002269NCR,Qa,/data/apps/talend/shared/scripts/nbx/Dim/config/SrcWearableDim_TgtWearableDim,spark.redshift.schema,Hive_schema_stg
SrcWearableDim,TgtWearableDim,SC2002269NCR,Qa,/data/apps/talend/shared/scripts/nbx/Dim/config/SrcWearableDim_TgtWearableDim,spark.redshift.tablename,wearable_dim
SrcWearableDim,TgtWearableDim,SC2002269NCR,Qa,/data/apps/talend/shared/scripts/nbx/Dim/config/SrcWearableDim_TgtWearableDim,spark.scdtype,type1
SrcWearableDim,TgtWearableDim,SC2002269NCR,Qa,/data/apps/talend/shared/scripts/nbx/Dim/config/SrcWearableDim_TgtWearableDim,spark.tableType,DIMENSION
SrcWearableDim,TgtWearableDim,SC2002269NCR,Qa,/data/apps/talend/shared/scripts/nbx/Dim/config/SrcWearableDim_TgtWearableDim,spark.frameworkEnv,shore
SrcAccSystemParse,TgtInternalPersonDim,SC2002269NCR,Qa,/data/apps/talend/shared/scripts/nbx/Dim/config/SrcAccSystemParse_TgtInternalPersonDim,spark.src.config.id,SrcAccSystemParse
SrcAccSystemParse,TgtInternalPersonDim,SC2002269NCR,Qa,/data/apps/talend/shared/scripts/nbx/Dim/config/SrcAccSystemParse_TgtInternalPersonDim,spark.voyage.id,SC2002269NCR
SrcAccSystemParse,TgtInternalPersonDim,SC2002269NCR,Qa,/data/apps/talend/shared/scripts/nbx/Dim/config/SrcAccSystemParse_TgtInternalPersonDim,spark.tgt.env,Qa
SrcAccSystemParse,TgtInternalPersonDim,SC2002269NCR,Qa,/data/apps/talend/shared/scripts/nbx/Dim/config/SrcAccSystemParse_TgtInternalPersonDim,spark.target.config.id,TgtInternalPersonDim
SrcAccSystemParse,TgtInternalPersonDim,SC2002269NCR,Qa,/data/apps/talend/shared/scripts/nbx/Dim/config/SrcAccSystemParse_TgtInternalPersonDim,spark.parent.id,SrcInternalAcc-TgtInternalAcc-SC2002269NCR
SrcAccSystemParse,TgtInternalPersonDim,SC2002269NCR,Qa,/data/apps/talend/shared/scripts/nbx/Dim/config/SrcAccSystemParse_TgtInternalPersonDim,spark.target.ops.table.format,org.apache.phoenix.spark
SrcAccSystemParse,TgtInternalPersonDim,SC2002269NCR,Qa,/data/apps/talend/shared/scripts/nbx/Dim/config/SrcAccSystemParse_TgtInternalPersonDim,spark.target.ops.table.mode,overwrite
SrcAccSystemParse,TgtInternalPersonDim,SC2002269NCR,Qa,/data/apps/talend/shared/scripts/nbx/Dim/config/SrcAccSystemParse_TgtInternalPersonDim,spark.target.enablerops_table,HBTB_INGESTION_METADATA
SrcAccSystemParse,TgtInternalPersonDim,SC2002269NCR,Qa,/data/apps/talend/shared/scripts/nbx/Dim/config/SrcAccSystemParse_TgtInternalPersonDim,spark.target.zkurl,10.4.100.154:2181/hbase-unsecure
SrcAccSystemParse,TgtInternalPersonDim,SC2002269NCR,Qa,/data/apps/talend/shared/scripts/nbx/Dim/config/SrcAccSystemParse_TgtInternalPersonDim,spark.table.type,dim
SrcAccSystemParse,TgtInternalPersonDim,SC2002269NCR,Qa,/data/apps/talend/shared/scripts/nbx/Dim/config/SrcAccSystemParse_TgtInternalPersonDim,spark.redshift.url,jdbc:redshift://10.4.0.203:5439/qanbx
SrcAccSystemParse,TgtInternalPersonDim,SC2002269NCR,Qa,/data/apps/talend/shared/scripts/nbx/Dim/config/SrcAccSystemParse_TgtInternalPersonDim,spark.redshift.username,talenduser
SrcAccSystemParse,TgtInternalPersonDim,SC2002269NCR,Qa,/data/apps/talend/shared/scripts/nbx/Dim/config/SrcAccSystemParse_TgtInternalPersonDim,spark.redshift.password,Talenduser@123
SrcAccSystemParse,TgtInternalPersonDim,SC2002269NCR,Qa,/data/apps/talend/shared/scripts/nbx/Dim/config/SrcAccSystemParse_TgtInternalPersonDim,spark.source.sql,"SELECT a.person_id AS person_id, a.person_guid AS person_guid , 'ALL' AS voyage_id,a.batchtime as batchtime,a.part_date as part_date ,a.chargeid AS person_charge_id, a.wearableid  AS guest_wearable_id , b.account_id AS account_number , a.type AS person_type, a.firstname  AS person_first_name, a.middlename AS person_middle_name, a.lastname AS person_last_name, to_date(from_unixtime(unix_timestamp(a.dateofbirth,'yyyy-MM-dd'),'yyyy-MM-dd')) AS  person_dob, cast(datediff(current_date(), a.dateofbirth) / 365 AS INT) as person_age, a.country AS person_nationality , c.address_country  AS address_country, c.address_type  AS address_type, NULL AS address_mailing, c.address_line1 AS address_line1 , c.address_line2 AS address_line2, c.address_line3 AS address_line3, c.address_postal_code AS address_postal_code, c.address_city  AS address_city, c.address_state AS address_state, NULL AS booking_arrival_date, NULL AS booking_departure_date , 'NA' AS booking_reference, 'ALL' as booking_cruise_number ,NULL AS cabin_number, NULL AS cabin_category, NULL AS cabin_type, NULL AS mega_rockstar_flag, NULL AS vip_flag, NULL AS sailor_tribe , NULL AS sailor_subtribe , NULL AS person_card_type, NULL AS person_card_status, NULL AS person_card_level, NULL AS person_card_color, NULL AS person_card_color_value FROM (select * from (select * ,row_number() over ( partition by person_id order by lastchanged desc) as rn from shipdw.hvtb_parse_mxp_internal_person_detail )person_it where person_it.rn=1    ) a LEFT JOIN (select * from (select * ,row_number() over( partition by person_guid order by account_lastchanged desc) as rn from shipdw.hvtb_parse_mxp_internal_account_detail )person_detail where person_detail.rn=1) b ON  a.person_guid = b.person_guid LEFT JOIN (select * from (select * ,row_number() over ( partition by person_guid order by address_lastchanged desc) as rn from shipdw.hvtb_parse_mxp_internal_address_detail )address_detail where address_detail.rn=1) c ON  b.person_guid = c.person_guid"
SrcAccSystemParse,TgtInternalPersonDim,SC2002269NCR,Qa,/data/apps/talend/shared/scripts/nbx/Dim/config/SrcAccSystemParse_TgtInternalPersonDim,spark.source.columns,"person_id,person_guid,person_charge_id,person_type,person_first_name,person_middle_name,person_last_name,person_dob,person_nationality,person_title,guest_wearable_id,booking_cruise_number,voyage_id,booking_arrival_date,booking_departure_date,booking_reference,cabin_number,cabin_category,cabin_type,person_guid_in_booking,person_guid_in_account,account_number,address_id,address_guid,address_type,address_mailing,address_line1,address_line2,address_line3,address_country,address_postal_code,person_guid_in_address,person_id,bookingguid,voyageid,batchtime,address_city,address_state,sailor_subtribe,sailor_tribe,person_age,mega_rockstar_flag,vip_flag,seaware_id,person_card_status,person_card_type,person_card_level,person_card_color,person_card_color_value"
SrcAccSystemParse,TgtInternalPersonDim,SC2002269NCR,Qa,/data/apps/talend/shared/scripts/nbx/Dim/config/SrcAccSystemParse_TgtInternalPersonDim,spark.pond.allColumns,"person_skey as pond_person_skey,person_id as pond_person_id,person_guid as pond_person_guid,person_charge_id as pond_person_charge_id,guest_wearable_id as pond_guest_wearable_id,account_number as pond_account_number,person_type as pond_person_type,person_first_name as pond_person_first_name,person_middle_name as pond_person_middle_name,person_last_name as pond_person_last_name,person_dob as pond_person_dob,person_age as pond_person_age,person_nationality as pond_person_nationality,address_country as pond_address_country,address_type as pond_address_type,address_mailing as pond_address_mailing,address_line1 as pond_address_line1,address_line2 as pond_address_line2,address_line3 as pond_address_line3,address_postal_code as pond_address_postal_code,address_city as pond_address_city,address_state as pond_address_state,booking_arrival_date as pond_booking_arrival_date,booking_departure_date as pond_booking_departure_date,booking_reference as pond_booking_reference,booking_cruise_number as pond_booking_cruise_number ,cabin_number as pond_cabin_number,cabin_category as pond_cabin_category,cabin_type as pond_cabin_type,mega_rockstar_flag as pond_mega_rockstar_flag,vip_flag as pond_vip_flag,sailor_tribe as pond_sailor_tribe,sailor_subtribe as pond_sailor_subtribe,voyage_id as pond_voyage_id,load_dt as pond_load_dt,upd_dt as pond_upd_dt,primaryhash as pond_primaryhash,md5_hash as pond_md5_hash,seaware_id as pond_seaware_id ,person_card_status as pond_person_card_status,person_card_type as pond_person_card_type,person_card_level as pond_person_card_level,person_card_color as pond_person_card_color,person_card_color_value as pond_person_card_color_value"
SrcAccSystemParse,TgtInternalPersonDim,SC2002269NCR,Qa,/data/apps/talend/shared/scripts/nbx/Dim/config/SrcAccSystemParse_TgtInternalPersonDim,spark.surrogate_key.column,person_skey
SrcAccSystemParse,TgtInternalPersonDim,SC2002269NCR,Qa,/data/apps/talend/shared/scripts/nbx/Dim/config/SrcAccSystemParse_TgtInternalPersonDim,spark.pond.database,shipdw
SrcAccSystemParse,TgtInternalPersonDim,SC2002269NCR,Qa,/data/apps/talend/shared/scripts/nbx/Dim/config/SrcAccSystemParse_TgtInternalPersonDim,spark.pond.table,hvtb_mart_dim_person
SrcAccSystemParse,TgtInternalPersonDim,SC2002269NCR,Qa,/data/apps/talend/shared/scripts/nbx/Dim/config/SrcAccSystemParse_TgtInternalPersonDim,spark.source.primaryKeyColumns,"person_guid,booking_reference"
SrcAccSystemParse,TgtInternalPersonDim,SC2002269NCR,Qa,/data/apps/talend/shared/scripts/nbx/Dim/config/SrcAccSystemParse_TgtInternalPersonDim,spark.scdtype,type1
SrcAccSystemParse,TgtInternalPersonDim,SC2002269NCR,Qa,/data/apps/talend/shared/scripts/nbx/Dim/config/SrcAccSystemParse_TgtInternalPersonDim,spark.frameworkEnv,shore
SrcAccSystemParse,TgtInternalPersonDim,SC2002269NCR,Qa,/data/apps/talend/shared/scripts/nbx/Dim/config/SrcAccSystemParse_TgtInternalPersonDim,spark.tableType,DIMENSION
SrcAccSystemParse,TgtInternalPersonDim,SC2002269NCR,Qa,/data/apps/talend/shared/scripts/nbx/Dim/config/SrcAccSystemParse_TgtInternalPersonDim,spark.target.final_collist,"final_view.person_skey as person_skey,final_view.person_id as person_id,final_view.person_guid as person_guid,final_view.person_charge_id as person_charge_id,final_view.guest_wearable_id as guest_wearable_id,final_view.account_number as account_number,final_view.person_type as person_type,final_view.person_first_name as person_first_name,final_view.person_middle_name as person_middle_name,final_view.person_last_name as person_last_name,final_view.person_dob as person_dob,final_view.person_age as person_age,final_view.person_nationality as person_nationality,final_view.address_country as address_country,final_view.address_type as address_type,final_view.address_mailing as address_mailing,final_view.address_line1 as address_line1,final_view.address_line2 as address_line2,final_view.address_line3 as address_line3,final_view.address_postal_code as address_postal_code,final_view.address_city as address_city,final_view.address_state as address_state,final_view.booking_arrival_date as booking_arrival_date,final_view.booking_departure_date as booking_departure_date,final_view.booking_reference as booking_reference,final_view.booking_cruise_number as booking_cruise_number,final_view.cabin_number as cabin_number,final_view.cabin_category as cabin_category,final_view.cabin_type as cabin_type,final_view.mega_rockstar_flag as mega_rockstar_flag,final_view.vip_flag as vip_flag,final_view.sailor_tribe as sailor_tribe,final_view.sailor_subtribe as sailor_subtribe,final_view.voyage_id as voyage_id,final_view.load_dt as load_dt,final_view.upd_dt as upd_dt,primaryhash as primaryhash,md5_hash as md5_hash,final_view.seaware_id as seaware_id ,final_view.person_card_status as person_card_status,final_view.person_card_type as person_card_type,final_view.person_card_level as person_card_level,final_view.person_card_color as person_card_color,final_view.person_card_color_value as person_card_color_value"
SrcAccSystemParse,TgtInternalPersonDim,SC2002269NCR,Qa,/data/apps/talend/shared/scripts/nbx/Dim/config/SrcAccSystemParse_TgtInternalPersonDim,spark.target.temp,s3://vv-qa-emr-cluster/data/temp/hvtb_mart_dim_person
SrcAccSystemParse,TgtInternalPersonDim,SC2002269NCR,Qa,/data/apps/talend/shared/scripts/nbx/Dim/config/SrcAccSystemParse_TgtInternalPersonDim,spark.target.location,s3://vv-qa-emr-cluster/data/mart/hvtb_mart_dim_person
SrcAccSystemParse,TgtInternalPersonDim,SC2002269NCR,Qa,/data/apps/talend/shared/scripts/nbx/Dim/config/SrcAccSystemParse_TgtInternalPersonDim,spark.redshift.schema,Hive_schema_stg
SrcAccSystemParse,TgtInternalPersonDim,SC2002269NCR,Qa,/data/apps/talend/shared/scripts/nbx/Dim/config/SrcAccSystemParse_TgtInternalPersonDim,spark.redshift.tablename,person_dim
SrcSales,TgtRevenue,SC2002269NCR,Qa,/data/apps/talend/shared/scripts/nbx/Fact/config/SrcSales_TgtRevenue,spark.src.config.id,SrcSales
SrcSales,TgtRevenue,SC2002269NCR,Qa,/data/apps/talend/shared/scripts/nbx/Fact/config/SrcSales_TgtRevenue,spark.voyage.id,SC2002269NCR
SrcSales,TgtRevenue,SC2002269NCR,Qa,/data/apps/talend/shared/scripts/nbx/Fact/config/SrcSales_TgtRevenue,spark.tgt.env,Qa
SrcSales,TgtRevenue,SC2002269NCR,Qa,/data/apps/talend/shared/scripts/nbx/Fact/config/SrcSales_TgtRevenue,spark.target.config.id,TgtRevenue
SrcSales,TgtRevenue,SC2002269NCR,Qa,/data/apps/talend/shared/scripts/nbx/Fact/config/SrcSales_TgtRevenue,spark.parent.id,SrcShrPosSales-TgtShrPOsSales-SC2002269NCR
SrcSales,TgtRevenue,SC2002269NCR,Qa,/data/apps/talend/shared/scripts/nbx/Fact/config/SrcSales_TgtRevenue,spark.target.ops.table.format,org.apache.phoenix.spark
SrcSales,TgtRevenue,SC2002269NCR,Qa,/data/apps/talend/shared/scripts/nbx/Fact/config/SrcSales_TgtRevenue,spark.target.ops.table.mode,overwrite
SrcSales,TgtRevenue,SC2002269NCR,Qa,/data/apps/talend/shared/scripts/nbx/Fact/config/SrcSales_TgtRevenue,spark.target.enablerops_table,HBTB_INGESTION_METADATA 
SrcSales,TgtRevenue,SC2002269NCR,Qa,/data/apps/talend/shared/scripts/nbx/Fact/config/SrcSales_TgtRevenue,spark.target.zkurl,10.4.100.154:2181/hbase-unsecure
SrcSales,TgtRevenue,SC2002269NCR,Qa,/data/apps/talend/shared/scripts/nbx/Fact/config/SrcSales_TgtRevenue,spark.table.type,fact
SrcSales,TgtRevenue,SC2002269NCR,Qa,/data/apps/talend/shared/scripts/nbx/Fact/config/SrcSales_TgtRevenue,spark.redshift.url,jdbc:redshift://10.4.0.203:5439/qanbx
SrcSales,TgtRevenue,SC2002269NCR,Qa,/data/apps/talend/shared/scripts/nbx/Fact/config/SrcSales_TgtRevenue,spark.redshift.username,talenduser
SrcSales,TgtRevenue,SC2002269NCR,Qa,/data/apps/talend/shared/scripts/nbx/Fact/config/SrcSales_TgtRevenue,spark.redshift.password,Talenduser@123
SrcSales,TgtRevenue,SC2002269NCR,Qa,/data/apps/talend/shared/scripts/nbx/Fact/config/SrcSales_TgtRevenue,spark.source.columns,"source_type, voyage_id, sale_detail_skey, pos_item_skey, folio_item_skey, person_skey,voyage_skey,ship_code, itinerary_skey, outlet_skey, activity_skey, sale_date_skey, sale_time_skey, device_skey, venue_skey, charge_skey, wearable_skey, time_on_device_seconds, avg_wager_amount, casino_game_dph, theoritical_winnings, booking_reference_number, sale_quantity, item_list_price_amount, debit_amount, credit_amount, tax_amount, discount_amount, discount_value, cost_of_goods, manual_adjustment_amount, total_collected_sales_amount, total_collected_sales_ap, total_shared_revenue_amount, total_shared_revenue_ap, load_dt as load_dt, upd_dt as upd_dt, part_dt as part_dt"
SrcSales,TgtRevenue,SC2002269NCR,Qa,/data/apps/talend/shared/scripts/nbx/Fact/config/SrcSales_TgtRevenue,spark.pond.allColumns,"pond_source_type, pond_voyage_id, pond_sale_detail_skey, pond_pos_item_skey, pond_folio_item_skey, pond_person_skey, pond_voyage_skey,pond_ship_code,pond_itinerary_skey, pond_outlet_skey, pond_activity_skey, pond_sale_date_skey, pond_sale_time_skey, pond_device_skey, pond_venue_skey,  pond_charge_skey,  pond_wearable_skey, pond_time_on_device_seconds, pond_avg_wager_amount, pond_casino_game_dph, pond_theoritical_winnings, pond_booking_reference_number, pond_sale_quantity, pond_item_list_price_amount, pond_debit_amount, pond_credit_amount, pond_tax_amount, pond_discount_amount, pond_discount_value, pond_cost_of_goods, pond_manual_adjustment_amount, pond_total_collected_sales_amount, pond_total_collected_sales_ap, pond_total_shared_revenue_amount, pond_total_shared_revenue_ap, load_dt as pond_load_dt, upd_dt as pond_upd_dt, part_dt as pond_part_dt"
SrcSales,TgtRevenue,SC2002269NCR,Qa,/data/apps/talend/shared/scripts/nbx/Fact/config/SrcSales_TgtRevenue,spark.pond.database,shipdw
SrcSales,TgtRevenue,SC2002269NCR,Qa,/data/apps/talend/shared/scripts/nbx/Fact/config/SrcSales_TgtRevenue,spark.pond.table,hvtb_mart_fact_revenue
SrcSales,TgtRevenue,SC2002269NCR,Qa,/data/apps/talend/shared/scripts/nbx/Fact/config/SrcSales_TgtRevenue,spark.target.schema,shipdw
SrcSales,TgtRevenue,SC2002269NCR,Qa,/data/apps/talend/shared/scripts/nbx/Fact/config/SrcSales_TgtRevenue,spark.target.final_collist,"voyage_id, NVL(sale_detail_skey, -1)  as sale_detail_skey, NVL(pos_item_skey, -1)as pos_item_skey, NVL(folio_item_skey, -1)as folio_item_skey, NVL(person_skey, -1)as person_skey,ship_code,NVL(voyage_skey,-1) as voyage_skey, NVL(itinerary_skey, -1)as itinerary_skey, NVL(outlet_skey, -1) as outlet_skey, NVL(activity_skey, -1) as activity_skey, NVL(cast(sale_date_skey as bigint), -1) as sale_date_skey, NVL(cast(sale_time_skey as bigint), -1) as sale_time_skey, NVL(device_skey,-1) as device_skey, -1 as venue_skey, NVL(charge_skey,-1) as charge_skey,NVL(wearable_skey,-1) as wearable_skey, time_on_device_seconds, avg_wager_amount, casino_game_dph, theoritical_winnings, booking_reference_number, cast(sale_quantity as int) as sale_quantity, cast(item_list_price_amount as decimal(16,2)) as item_list_price_amount, cast(debit_amount as decimal(16,2)) as debit_amount, cast(credit_amount as decimal(16,2)) as credit_amount, cast(tax_amount as decimal(16,2)) as tax_amount, cast(discount_amount as decimal(16,2)) as discount_amount, cast(discount_value as decimal(16,2)) as discount_value,  cast(cost_of_goods as decimal(16,2)) as cost_of_goods, cast(manual_adjustment_amount as decimal(16,2)) as manual_adjustment_amount, cast(total_collected_sales_amount as decimal(16,2)) as total_collected_sales_amount, cast(total_collected_sales_ap as decimal(16,2)) as total_collected_sales_ap, total_shared_revenue_amount, total_shared_revenue_ap, source_type, load_dt, upd_dt, part_dt"
SrcSales,TgtRevenue,SC2002269NCR,Qa,/data/apps/talend/shared/scripts/nbx/Fact/config/SrcSales_TgtRevenue,spark.target.temp,s3://vv-qa-emr-cluster/data/temp/hvtb_mart_fact_revenue
SrcSales,TgtRevenue,SC2002269NCR,Qa,/data/apps/talend/shared/scripts/nbx/Fact/config/SrcSales_TgtRevenue,spark.target.location,s3://vv-qa-emr-cluster/data/mart/hvtb_mart_fact_revenue
SrcSales,TgtRevenue,SC2002269NCR,Qa,/data/apps/talend/shared/scripts/nbx/Fact/config/SrcSales_TgtRevenue,spark.redshift.schema,Hive_schema_stg
SrcSales,TgtRevenue,SC2002269NCR,Qa,/data/apps/talend/shared/scripts/nbx/Fact/config/SrcSales_TgtRevenue,spark.redshift.tablename,ship_revenue_fact
SrcSales,TgtRevenue,SC2002269NCR,Qa,/data/apps/talend/shared/scripts/nbx/Fact/config/SrcSales_TgtRevenue,spark.scdtype,type1
SrcSales,TgtRevenue,SC2002269NCR,Qa,/data/apps/talend/shared/scripts/nbx/Fact/config/SrcSales_TgtRevenue,spark.tableType,FACT
SrcSales,TgtRevenue,SC2002269NCR,Qa,/data/apps/talend/shared/scripts/nbx/Fact/config/SrcSales_TgtRevenue,spark.frameworkEnv,shore
SrcSalesFolio,TgtRevenueFact,SC2002269NCR,Qa,/data/apps/talend/shared/scripts/nbx/Fact/config/SrcSalesFolio_TgtRevenueFact,spark.src.config.id,SrcSalesFolio
SrcSalesFolio,TgtRevenueFact,SC2002269NCR,Qa,/data/apps/talend/shared/scripts/nbx/Fact/config/SrcSalesFolio_TgtRevenueFact,spark.voyage.id,SC2002269NCR
SrcSalesFolio,TgtRevenueFact,SC2002269NCR,Qa,/data/apps/talend/shared/scripts/nbx/Fact/config/SrcSalesFolio_TgtRevenueFact,spark.tgt.env,Qa
SrcSalesFolio,TgtRevenueFact,SC2002269NCR,Qa,/data/apps/talend/shared/scripts/nbx/Fact/config/SrcSalesFolio_TgtRevenueFact,spark.target.config.id,TgtRevenueFact
SrcSalesFolio,TgtRevenueFact,SC2002269NCR,Qa,/data/apps/talend/shared/scripts/nbx/Fact/config/SrcSalesFolio_TgtRevenueFact,spark.parent.id,SrcShrFolioItemParse-TgtShrFolioItemParse-SC2002269NCR
SrcSalesFolio,TgtRevenueFact,SC2002269NCR,Qa,/data/apps/talend/shared/scripts/nbx/Fact/config/SrcSalesFolio_TgtRevenueFact,spark.target.ops.table.format,org.apache.phoenix.spark
SrcSalesFolio,TgtRevenueFact,SC2002269NCR,Qa,/data/apps/talend/shared/scripts/nbx/Fact/config/SrcSalesFolio_TgtRevenueFact,spark.target.ops.table.mode,overwrite
SrcSalesFolio,TgtRevenueFact,SC2002269NCR,Qa,/data/apps/talend/shared/scripts/nbx/Fact/config/SrcSalesFolio_TgtRevenueFact,spark.target.enablerops_table,HBTB_INGESTION_METADATA 
SrcSalesFolio,TgtRevenueFact,SC2002269NCR,Qa,/data/apps/talend/shared/scripts/nbx/Fact/config/SrcSalesFolio_TgtRevenueFact,spark.target.zkurl,10.4.100.154:2181/hbase-unsecure
SrcSalesFolio,TgtRevenueFact,SC2002269NCR,Qa,/data/apps/talend/shared/scripts/nbx/Fact/config/SrcSalesFolio_TgtRevenueFact,spark.table.type,fact
SrcSalesFolio,TgtRevenueFact,SC2002269NCR,Qa,/data/apps/talend/shared/scripts/nbx/Fact/config/SrcSalesFolio_TgtRevenueFact,spark.redshift.url,jdbc:redshift://10.4.0.203:5439/qanbx
SrcSalesFolio,TgtRevenueFact,SC2002269NCR,Qa,/data/apps/talend/shared/scripts/nbx/Fact/config/SrcSalesFolio_TgtRevenueFact,spark.redshift.username,talenduser
SrcSalesFolio,TgtRevenueFact,SC2002269NCR,Qa,/data/apps/talend/shared/scripts/nbx/Fact/config/SrcSalesFolio_TgtRevenueFact,spark.redshift.password,Talenduser@123
SrcSalesFolio,TgtRevenueFact,SC2002269NCR,Qa,/data/apps/talend/shared/scripts/nbx/Fact/config/SrcSalesFolio_TgtRevenueFact,spark.source.columns,"source_type,voyage_id ,sale_detail_skey ,pos_item_skey ,folio_item_skey ,person_skey,ship_code,voyage_skey ,itinerary_skey ,outlet_skey ,activity_skey ,sale_date_skey ,sale_time_skey ,sale_quantity ,item_list_price_amount ,debit_amount ,credit_amount ,tax_amount ,discount_amount ,discount_value ,cost_of_goods ,manual_adjustment_amount ,total_collected_sales_amount ,total_collected_sales_ap ,total_shared_revenue_amount ,total_shared_revenue_ap"
SrcSalesFolio,TgtRevenueFact,SC2002269NCR,Qa,/data/apps/talend/shared/scripts/nbx/Fact/config/SrcSalesFolio_TgtRevenueFact,spark.pond.allColumns,"pond_source_type,pond_voyage_id,pond_sale_detail_skey,pond_pos_item_skey,pond_folio_item_skey,pond_person_skey,pond_ship_code,pond_voyage_skey,pond_itinerary_skey,pond_outlet_skey,pond_activity_skey,pond_sale_date_skey,pond_sale_time_skey,pond_sale_quantity,pond_item_list_price_amount,pond_debit_amount,pond_credit_amount,pond_tax_amount,pond_discount_amount,pond_discount_value,pond_cost_of_goods,pond_manual_adjustment_amount,pond_total_collected_sales_amount,pond_total_collected_sales_ap,pond_total_shared_revenue_amount,pond_total_shared_revenue_ap,load_dt as pond_load_dt,upd_dt as pond_upd_dt,part_dt as pond_part_dt"
SrcSalesFolio,TgtRevenueFact,SC2002269NCR,Qa,/data/apps/talend/shared/scripts/nbx/Fact/config/SrcSalesFolio_TgtRevenueFact,spark.pond.database,shipdw
SrcSalesFolio,TgtRevenueFact,SC2002269NCR,Qa,/data/apps/talend/shared/scripts/nbx/Fact/config/SrcSalesFolio_TgtRevenueFact,spark.pond.table,hvtb_mart_fact_revenue
SrcSalesFolio,TgtRevenueFact,SC2002269NCR,Qa,/data/apps/talend/shared/scripts/nbx/Fact/config/SrcSalesFolio_TgtRevenueFact,spark.target.schema,shipdw
SrcSalesFolio,TgtRevenueFact,SC2002269NCR,Qa,/data/apps/talend/shared/scripts/nbx/Fact/config/SrcSalesFolio_TgtRevenueFact,spark.target.final_collist,"voyage_id,NVL(sale_detail_skey,-1)  as sale_detail_skey,NVL(pos_item_skey,-1)as pos_item_skey,NVL(folio_item_skey,-1)as folio_item_skey,NVL(person_skey,-1)as person_skey,ship_code,NVL(voyage_skey,-1)as voyage_skey,NVL(itinerary_skey,-1)as itinerary_skey,NVL(outlet_skey,-1) as outlet_skey,NVL(activity_skey,-1) as activity_skey,NVL(cast(sale_date_skey as bigint),-1) as sale_date_skey,NVL(cast(sale_time_skey as bigint),-1) as sale_time_skey,-1 as device_skey ,  -1 as venue_skey, -1 as charge_skey,-1 as wearable_skey,0 as time_on_device_seconds,0.0 as avg_wager_amount,0 as casino_game_dph, 0.0 as theoritical_winnings,booking_reference_number,cast(sale_quantity as int) as sale_quantity,cast(item_list_price_amount as decimal(16,2)) as item_list_price_amount,cast(debit_amount as decimal(16,2)) as debit_amount,cast(credit_amount as decimal(16,2)) as credit_amount,cast(tax_amount as decimal(16,2)) as tax_amount,cast(discount_amount as decimal(16,2)) as discount_amount,cast(discount_value as decimal(16,2)) as discount_value, cast(cost_of_goods as decimal(16,2)) as cost_of_goods,cast(manual_adjustment_amount as decimal(16,2)) as manual_adjustment_amount,cast(total_collected_sales_amount as decimal(16,2)) as total_collected_sales_amount,cast(total_collected_sales_ap as decimal(16,2)) as total_collected_sales_ap,total_shared_revenue_amount,total_shared_revenue_ap,source_type,load_dt,upd_dt,part_dt"
SrcSalesFolio,TgtRevenueFact,SC2002269NCR,Qa,/data/apps/talend/shared/scripts/nbx/Fact/config/SrcSalesFolio_TgtRevenueFact,spark.target.temp,s3://vv-qa-emr-cluster/data/temp/hvtb_mart_fact_revenue
SrcSalesFolio,TgtRevenueFact,SC2002269NCR,Qa,/data/apps/talend/shared/scripts/nbx/Fact/config/SrcSalesFolio_TgtRevenueFact,spark.target.location,s3://vv-qa-emr-cluster/data/mart/hvtb_mart_fact_revenue
SrcSalesFolio,TgtRevenueFact,SC2002269NCR,Qa,/data/apps/talend/shared/scripts/nbx/Fact/config/SrcSalesFolio_TgtRevenueFact,spark.redshift.schema,Hive_schema_stg
SrcSalesFolio,TgtRevenueFact,SC2002269NCR,Qa,/data/apps/talend/shared/scripts/nbx/Fact/config/SrcSalesFolio_TgtRevenueFact,spark.redshift.tablename,ship_revenue_fact
SrcSalesFolio,TgtRevenueFact,SC2002269NCR,Qa,/data/apps/talend/shared/scripts/nbx/Fact/config/SrcSalesFolio_TgtRevenueFact,spark.scdtype,type1
SrcSalesFolio,TgtRevenueFact,SC2002269NCR,Qa,/data/apps/talend/shared/scripts/nbx/Fact/config/SrcSalesFolio_TgtRevenueFact,spark.tableType,FACT
SrcSalesFolio,TgtRevenueFact,SC2002269NCR,Qa,/data/apps/talend/shared/scripts/nbx/Fact/config/SrcSalesFolio_TgtRevenueFact,spark.frameworkEnv,shore
SrcSalesKonami,TgtRevenueFact,SC2002269NCR,Qa,/data/apps/talend/shared/scripts/nbx/Fact/config/SrcSaleskonami_TgtRevenueFact,spark.src.config.id,SrcSalesKonami
SrcSalesKonami,TgtRevenueFact,SC2002269NCR,Qa,/data/apps/talend/shared/scripts/nbx/Fact/config/SrcSaleskonami_TgtRevenueFact,spark.voyage.id,SC2002269NCR
SrcSalesKonami,TgtRevenueFact,SC2002269NCR,Qa,/data/apps/talend/shared/scripts/nbx/Fact/config/SrcSaleskonami_TgtRevenueFact,spark.tgt.env,Qa
SrcSalesKonami,TgtRevenueFact,SC2002269NCR,Qa,/data/apps/talend/shared/scripts/nbx/Fact/config/SrcSaleskonami_TgtRevenueFact,spark.target.config.id,TgtRevenue
SrcSalesKonami,TgtRevenueFact,SC2002269NCR,Qa,/data/apps/talend/shared/scripts/nbx/Fact/config/SrcSaleskonami_TgtRevenueFact,spark.parent.id,SrcKonamiDailyPtnRtg-TgtKonamiDailyPtnRtg-SC2002269NCR
SrcSalesKonami,TgtRevenueFact,SC2002269NCR,Qa,/data/apps/talend/shared/scripts/nbx/Fact/config/SrcSaleskonami_TgtRevenueFact,spark.target.ops.table.format,org.apache.phoenix.spark
SrcSalesKonami,TgtRevenueFact,SC2002269NCR,Qa,/data/apps/talend/shared/scripts/nbx/Fact/config/SrcSaleskonami_TgtRevenueFact,spark.target.ops.table.mode,overwrite
SrcSalesKonami,TgtRevenueFact,SC2002269NCR,Qa,/data/apps/talend/shared/scripts/nbx/Fact/config/SrcSaleskonami_TgtRevenueFact,spark.target.enablerops_table,HBTB_INGESTION_METADATA 
SrcSalesKonami,TgtRevenueFact,SC2002269NCR,Qa,/data/apps/talend/shared/scripts/nbx/Fact/config/SrcSaleskonami_TgtRevenueFact,spark.target.zkurl,10.4.100.154:2181/hbase-unsecure
SrcSalesKonami,TgtRevenueFact,SC2002269NCR,Qa,/data/apps/talend/shared/scripts/nbx/Fact/config/SrcSaleskonami_TgtRevenueFact,spark.table.type,fact
SrcSalesKonami,TgtRevenueFact,SC2002269NCR,Qa,/data/apps/talend/shared/scripts/nbx/Fact/config/SrcSaleskonami_TgtRevenueFact,spark.redshift.url,jdbc:redshift://10.4.0.203:5439/qanbx
SrcSalesKonami,TgtRevenueFact,SC2002269NCR,Qa,/data/apps/talend/shared/scripts/nbx/Fact/config/SrcSaleskonami_TgtRevenueFact,spark.redshift.username,talenduser
SrcSalesKonami,TgtRevenueFact,SC2002269NCR,Qa,/data/apps/talend/shared/scripts/nbx/Fact/config/SrcSaleskonami_TgtRevenueFact,spark.redshift.password,Talenduser@123
SrcSalesKonami,TgtRevenueFact,SC2002269NCR,Qa,/data/apps/talend/shared/scripts/nbx/Fact/config/SrcSaleskonami_TgtRevenueFact,spark.source.columns,"source_type, voyage_id, sale_detail_skey, pos_item_skey, folio_item_skey, person_skey, ship_code,voyage_skey,itinerary_skey, outlet_skey, activity_skey, sale_date_skey, sale_time_skey, device_skey, venue_skey, charge_skey, wearable_skey, time_on_device_seconds, avg_wager_amount, casino_game_dph, theoritical_winnings, booking_reference_number, sale_quantity, item_list_price_amount, debit_amount, credit_amount, tax_amount, discount_amount, discount_value, cost_of_goods, manual_adjustment_amount, total_collected_sales_amount, total_collected_sales_ap, total_shared_revenue_amount, total_shared_revenue_ap, load_dt as load_dt, upd_dt as upd_dt, part_dt as part_dt"
SrcSalesKonami,TgtRevenueFact,SC2002269NCR,Qa,/data/apps/talend/shared/scripts/nbx/Fact/config/SrcSaleskonami_TgtRevenueFact,spark.pond.allColumns,"pond_source_type, pond_voyage_id, pond_sale_detail_skey, pond_pos_item_skey, pond_folio_item_skey, pond_person_skey,pond_ship_code,pond_voyage_skey, pond_itinerary_skey, pond_outlet_skey, pond_activity_skey, pond_sale_date_skey, pond_sale_time_skey, pond_device_skey, pond_venue_skey,  pond_charge_skey,  pond_wearable_skey, pond_time_on_device_seconds, pond_avg_wager_amount, pond_casino_game_dph, pond_theoritical_winnings, pond_booking_reference_number, pond_sale_quantity, pond_item_list_price_amount, pond_debit_amount, pond_credit_amount, pond_tax_amount, pond_discount_amount, pond_discount_value, pond_cost_of_goods, pond_manual_adjustment_amount, pond_total_collected_sales_amount, pond_total_collected_sales_ap, pond_total_shared_revenue_amount, pond_total_shared_revenue_ap, load_dt as pond_load_dt, upd_dt as pond_upd_dt, part_dt as pond_part_dt"
SrcSalesKonami,TgtRevenueFact,SC2002269NCR,Qa,/data/apps/talend/shared/scripts/nbx/Fact/config/SrcSaleskonami_TgtRevenueFact,spark.pond.database,shipdw
SrcSalesKonami,TgtRevenueFact,SC2002269NCR,Qa,/data/apps/talend/shared/scripts/nbx/Fact/config/SrcSaleskonami_TgtRevenueFact,spark.pond.table,hvtb_mart_fact_revenue
SrcSalesKonami,TgtRevenueFact,SC2002269NCR,Qa,/data/apps/talend/shared/scripts/nbx/Fact/config/SrcSaleskonami_TgtRevenueFact,spark.target.schema,shipdw
SrcSalesKonami,TgtRevenueFact,SC2002269NCR,Qa,/data/apps/talend/shared/scripts/nbx/Fact/config/SrcSaleskonami_TgtRevenueFact,spark.target.final_collist,"voyage_id, NVL(sale_detail_skey, -1)  as sale_detail_skey, NVL(pos_item_skey, -1)as pos_item_skey, NVL(folio_item_skey, -1)as folio_item_skey, NVL(person_skey, -1)as person_skey,ship_code,NVL(voyage_skey,-1)as voyage_skey, NVL(itinerary_skey, -1)as itinerary_skey, NVL(cast(outlet_skey as bigint), -1) as outlet_skey, NVL(activity_skey, -1) as activity_skey, NVL(cast(sale_date_skey as bigint), -1) as sale_date_skey, NVL(cast(sale_time_skey as bigint), -1) as sale_time_skey, NVL(device_skey,-1) as device_skey, -1 as venue_skey, NVL(charge_skey,-1) as charge_skey,NVL(wearable_skey,-1) as wearable_skey, time_on_device_seconds, avg_wager_amount, casino_game_dph, theoritical_winnings, booking_reference_number, cast(sale_quantity as int) as sale_quantity, cast(item_list_price_amount as decimal(16,2)) as item_list_price_amount, cast(debit_amount as decimal(16,2)) as debit_amount, cast(credit_amount as decimal(16,2)) as credit_amount, cast(tax_amount as decimal(16,2)) as tax_amount, cast(discount_amount as decimal(16,2)) as discount_amount, cast(discount_value as decimal(16,2)) as discount_value,  cast(cost_of_goods as decimal(16,2)) as cost_of_goods, cast(manual_adjustment_amount as decimal(16,2)) as manual_adjustment_amount, cast(total_collected_sales_amount as decimal(16,2)) as total_collected_sales_amount, cast(total_collected_sales_ap as decimal(16,2)) as total_collected_sales_ap, total_shared_revenue_amount, total_shared_revenue_ap, source_type, load_dt, upd_dt, part_dt"
SrcSalesKonami,TgtRevenueFact,SC2002269NCR,Qa,/data/apps/talend/shared/scripts/nbx/Fact/config/SrcSaleskonami_TgtRevenueFact,spark.target.temp,s3://vv-qa-emr-cluster/data/temp/hvtb_mart_fact_revenue
SrcSalesKonami,TgtRevenueFact,SC2002269NCR,Qa,/data/apps/talend/shared/scripts/nbx/Fact/config/SrcSaleskonami_TgtRevenueFact,spark.target.location,s3://vv-qa-emr-cluster/data/mart/hvtb_mart_fact_revenue
SrcSalesKonami,TgtRevenueFact,SC2002269NCR,Qa,/data/apps/talend/shared/scripts/nbx/Fact/config/SrcSaleskonami_TgtRevenueFact,spark.redshift.schema,Hive_schema_stg
SrcSalesKonami,TgtRevenueFact,SC2002269NCR,Qa,/data/apps/talend/shared/scripts/nbx/Fact/config/SrcSaleskonami_TgtRevenueFact,spark.redshift.tablename,ship_revenue_fact
SrcSalesKonami,TgtRevenueFact,SC2002269NCR,Qa,/data/apps/talend/shared/scripts/nbx/Fact/config/SrcSaleskonami_TgtRevenueFact,spark.scdtype,type1
SrcSalesKonami,TgtRevenueFact,SC2002269NCR,Qa,/data/apps/talend/shared/scripts/nbx/Fact/config/SrcSaleskonami_TgtRevenueFact,spark.tableType,FACT
SrcSalesKonami,TgtRevenueFact,SC2002269NCR,Qa,/data/apps/talend/shared/scripts/nbx/Fact/config/SrcSaleskonami_TgtRevenueFact,spark.frameworkEnv,shore
SrcSalesKonami,TgtRevenueFact,SC2002269NCR,Qa,/data/apps/talend/shared/scripts/nbx/Fact/config/SrcSaleskonami_TgtRevenueFact,spark.personcreated.seconds,10
SrcSalesKonami,TgtRevenueFact,SC2002269NCR,Qa,/data/apps/talend/shared/scripts/nbx/Fact/config/SrcSaleskonami_TgtRevenueFact,spark.personcreated.personOffSet,latest
SrcSalesKonami,TgtRevenueFact,SC2002269NCR,Qa,/data/apps/talend/shared/scripts/nbx/Fact/config/SrcSaleskonami_TgtRevenueFact,spark.personcreated.username,a02f3532-86ea-4c59-bc0a-ac7b47a73a37
SrcSalesKonami,TgtRevenueFact,SC2002269NCR,Qa,/data/apps/talend/shared/scripts/nbx/Fact/config/SrcSaleskonami_TgtRevenueFact,spark.personcreated.password,HV6CvL7evpjhgYSY
SrcSalesKonami,TgtRevenueFact,SC2002269NCR,Qa,/data/apps/talend/shared/scripts/nbx/Fact/config/SrcSaleskonami_TgtRevenueFact,spark.personcreated.authorization,Basic YTAyZjM1MzItODZlYS00YzU5LWJjMGEtYWM3YjQ3YTczYTM3OkhWNkN2TDdldnBQaGdZU1k=
SrcSalesKonami,TgtRevenueFact,SC2002269NCR,Qa,/data/apps/talend/shared/scripts/nbx/Fact/config/SrcSaleskonami_TgtRevenueFact,spark.personcreated.consumer,spark-consumer-31
SrcSalesKonami,TgtRevenueFact,SC2002269NCR,Qa,/data/apps/talend/shared/scripts/nbx/Fact/config/SrcSaleskonami_TgtRevenueFact,spark.personcreated.kafkatopic,salesforce.sailor
SrcSalesKonami,TgtRevenueFact,SC2002269NCR,Qa,/data/apps/talend/shared/scripts/nbx/Fact/config/SrcSaleskonami_TgtRevenueFact,spark.personcreated.format,org.apache.phoenix.spark
SrcSalesKonami,TgtRevenueFact,SC2002269NCR,Qa,/data/apps/talend/shared/scripts/nbx/Fact/config/SrcSaleskonami_TgtRevenueFact,spark.personcreated.mode,overwrite
SrcSalesKonami,TgtRevenueFact,SC2002269NCR,Qa,/data/apps/talend/shared/scripts/nbx/Fact/config/SrcSaleskonami_TgtRevenueFact,spark.personcreated.table,hbtb_nbx_sailor_tribes
SrcSalesKonami,TgtRevenueFact,SC2002269NCR,Qa,/data/apps/talend/shared/scripts/nbx/Fact/config/SrcSaleskonami_TgtRevenueFact,spark.personcreated.readhbasezkurl,10.4.100.154:2181/hbase-unsecure
SrcSalesKonami,TgtRevenueFact,SC2002269NCR,Qa,/data/apps/talend/shared/scripts/nbx/Fact/config/SrcSaleskonami_TgtRevenueFact,spark.personcreated.offsettable,HBTB_NBX_KAFKA_STREAMING_OFFSET
SrcSalesKonami,TgtRevenueFact,SC2002269NCR,Qa,/data/apps/talend/shared/scripts/nbx/Fact/config/SrcSaleskonami_TgtRevenueFact,spark.personcreated.oauthurl, https://Qa.virginvoyages.com/svc/identityaccessmanagement-service/oauth/token?grant_type=client_credentials
SrcSalesKonami,TgtRevenueFact,SC2002269NCR,Qa,/data/apps/talend/shared/scripts/nbx/Fact/config/SrcSaleskonami_TgtRevenueFact,spark.personcreated.personurl, https://Qa.virginvoyages.com/svc/xref-api/v1/types/findByName/Person
SrcSalesKonami,TgtRevenueFact,SC2002269NCR,Qa,/data/apps/talend/shared/scripts/nbx/Fact/config/SrcSaleskonami_TgtRevenueFact,spark.personcreated.findalltypes, https://Qa.virginvoyages.com/svc/xref-api/v1/types?page=-1&size=-1
SrcSalesKonami,TgtRevenueFact,SC2002269NCR,Qa,/data/apps/talend/shared/scripts/nbx/Fact/config/SrcSaleskonami_TgtRevenueFact,spark.personcreated.findbymasteridurl, https://Qa.virginvoyages.com/svc/xref-api/v1/references/search/findByMaster?masterID=
SrcSalesKonami,TgtRevenueFact,SC2002269NCR,Qa,/data/apps/talend/shared/scripts/nbx/Fact/config/SrcSaleskonami_TgtRevenueFact,spark.personcreated.findbynativesource, https://Qa.virginvoyages.com/svc/xref-api/v1/references/search/findByNativeSourceIdValueAndType
SrcSalesKonami,TgtRevenueFact,SC2002269NCR,Qa,/data/apps/talend/shared/scripts/nbx/Fact/config/SrcSaleskonami_TgtRevenueFact,spark.personcreated.masterURL, https://Qa.virginvoyages.com/svc/xref-api/v1/references/search/findByMaster?masterID=
SrcSalesKonami,TgtRevenueFact,SC2002269NCR,Qa,/data/apps/talend/shared/scripts/nbx/Fact/config/SrcSaleskonami_TgtRevenueFact,spark.personcreated.addreferenceURL, https://Qa.virginvoyages.com/svc/xref-api/v1/references
SrcSalesKonami,TgtRevenueFact,SC2002269NCR,Qa,/data/apps/talend/shared/scripts/nbx/Fact/config/SrcSaleskonami_TgtRevenueFact,spark.api.env,Qa
SrcShrBookingDim,TgtShrBookingDim,SC2002269NCR,Qa,/data/apps/talend/shared/scripts/nbx/Fact/config/SrcARS_TgtBookingFact,spark.src.config.id,SrcARS
SrcShrBookingDim,TgtShrBookingDim,SC2002269NCR,Qa,/data/apps/talend/shared/scripts/nbx/Fact/config/SrcARS_TgtBookingFact,spark.voyage.id,SC1912065NCM
SrcShrBookingDim,TgtShrBookingDim,SC2002269NCR,Qa,/data/apps/talend/shared/scripts/nbx/Fact/config/SrcARS_TgtBookingFact,spark.tgt.env,Qa
SrcShrBookingDim,TgtShrBookingDim,SC2002269NCR,Qa,/data/apps/talend/shared/scripts/nbx/Fact/config/SrcARS_TgtBookingFact,spark.target.config.id,TgtBookingFact
SrcShrBookingDim,TgtShrBookingDim,SC2002269NCR,Qa,/data/apps/talend/shared/scripts/nbx/Fact/config/SrcARS_TgtBookingFact,spark.parent.id,SrcArsActivityParse-TgtArsActivityParse-SC1912065NCM 
SrcShrBookingDim,TgtShrBookingDim,SC2002269NCR,Qa,/data/apps/talend/shared/scripts/nbx/Fact/config/SrcARS_TgtBookingFact,spark.target.ops.table.format,org.apache.phoenix.spark
SrcShrBookingDim,TgtShrBookingDim,SC2002269NCR,Qa,/data/apps/talend/shared/scripts/nbx/Fact/config/SrcARS_TgtBookingFact,spark.target.ops.table.mode,overwrite
SrcShrBookingDim,TgtShrBookingDim,SC2002269NCR,Qa,/data/apps/talend/shared/scripts/nbx/Fact/config/SrcARS_TgtBookingFact,spark.target.enablerops_table,HBTB_INGESTION_METADATA
SrcShrBookingDim,TgtShrBookingDim,SC2002269NCR,Qa,/data/apps/talend/shared/scripts/nbx/Fact/config/SrcARS_TgtBookingFact,spark.target.zkurl,10.4.100.154:2181/hbase-unsecure
SrcShrBookingDim,TgtShrBookingDim,SC2002269NCR,Qa,/data/apps/talend/shared/scripts/nbx/Fact/config/SrcARS_TgtBookingFact,spark.table.type,fact
SrcShrBookingDim,TgtShrBookingDim,SC2002269NCR,Qa,/data/apps/talend/shared/scripts/nbx/Fact/config/SrcARS_TgtBookingFact,spark.redshift.url,jdbc:redshift://10.4.0.203:5439/qanbx
SrcShrBookingDim,TgtShrBookingDim,SC2002269NCR,Qa,/data/apps/talend/shared/scripts/nbx/Fact/config/SrcARS_TgtBookingFact,spark.redshift.username,talenduser
SrcShrBookingDim,TgtShrBookingDim,SC2002269NCR,Qa,/data/apps/talend/shared/scripts/nbx/Fact/config/SrcARS_TgtBookingFact,spark.redshift.password,Talenduser@123
SrcShrBookingDim,TgtShrBookingDim,SC2002269NCR,Qa,/data/apps/talend/shared/scripts/nbx/Fact/config/SrcARS_TgtBookingFact,spark.source.columns,"voyage_id,booking_detail_skey,person_skey,activity_skey,activity_slot_skey,vendor_skey,booked_by_person_skey,paid_by_person_skey,number_of_people,booking_paid_amount,booking_remaining_amount,refund_paid_amount,refund_remaining_amount,batchtime,partdate"
SrcShrBookingDim,TgtShrBookingDim,SC2002269NCR,Qa,/data/apps/talend/shared/scripts/nbx/Fact/config/SrcARS_TgtBookingFact,spark.pond.database,shipdw
SrcShrBookingDim,TgtShrBookingDim,SC2002269NCR,Qa,/data/apps/talend/shared/scripts/nbx/Fact/config/SrcARS_TgtBookingFact,spark.pond.table,hvtb_mart_fact_booking
SrcShrBookingDim,TgtShrBookingDim,SC2002269NCR,Qa,/data/apps/talend/shared/scripts/nbx/Fact/config/SrcARS_TgtBookingFact,spark.target.schema,shipdw
SrcShrBookingDim,TgtShrBookingDim,SC2002269NCR,Qa,/data/apps/talend/shared/scripts/nbx/Fact/config/SrcARS_TgtBookingFact,spark.target.final_collist,"voyage_id, booking_detail_skey, NVL(person_skey,-1) as person_skey, activity_skey, activity_slot_skey,NVL(vendor_skey,-1)as vendor_skey,NVL(booked_by_person_skey,-1)as booked_by_person_skey, NVL(paid_by_person_skey,-1) as paid_by_person_skey, number_of_people, booking_paid_amount, booking_remaining_amount, refund_paid_amount, refund_remaining_amount, load_dt, upd_dt, part_dt"
SrcShrBookingDim,TgtShrBookingDim,SC2002269NCR,Qa,/data/apps/talend/shared/scripts/nbx/Fact/config/SrcARS_TgtBookingFact,spark.target.temp,s3://vv-qa-emr-cluster/data/temp/hvtb_mart_fact_booking
SrcShrBookingDim,TgtShrBookingDim,SC2002269NCR,Qa,/data/apps/talend/shared/scripts/nbx/Fact/config/SrcARS_TgtBookingFact,spark.target.location,s3://vv-qa-emr-cluster/data/mart/hvtb_mart_fact_booking
SrcShrBookingDim,TgtShrBookingDim,SC2002269NCR,Qa,/data/apps/talend/shared/scripts/nbx/Fact/config/SrcARS_TgtBookingFact,spark.redshift.schema,Hive_schema_stg
SrcShrBookingDim,TgtShrBookingDim,SC2002269NCR,Qa,/data/apps/talend/shared/scripts/nbx/Fact/config/SrcARS_TgtBookingFact,spark.redshift.tablename,booking_fact
SrcShrBookingDim,TgtShrBookingDim,SC2002269NCR,Qa,/data/apps/talend/shared/scripts/nbx/Fact/config/SrcARS_TgtBookingFact,spark.tableType,FACT
SrcShrBookingDim,TgtShrBookingDim,SC2002269NCR,Qa,/data/apps/talend/shared/scripts/nbx/Fact/config/SrcARS_TgtBookingFact,spark.frameworkEnv,shore
SrcShrBookingDim,TgtShrBookingDim,SC2002269NCR,Qa,/data/apps/talend/shared/scripts/nbx/Fact/config/SrcARS_TgtBookingFact,spark.xref.env,Qa
SrcShrBookingDim,TgtShrBookingDim,SC2002269NCR,Qa,/data/apps/talend/shared/scripts/nbx/Fact/config/SrcARS_TgtBookingFact,spark.xref.oauthurl,https://*env*.virginvoyages.com/svc/identityaccessmanagement-service/oauth/token?grant_type=client_credentials
SrcShrBookingDim,TgtShrBookingDim,SC2002269NCR,Qa,/data/apps/talend/shared/scripts/nbx/Fact/config/SrcARS_TgtBookingFact,spark.xref.password,vAr6nd87KWQbrE9S
SrcShrBookingDim,TgtShrBookingDim,SC2002269NCR,Qa,/data/apps/talend/shared/scripts/nbx/Fact/config/SrcARS_TgtBookingFact,spark.xref.authorization,Basic YTAyZjM1MzItODZlYS00YzU5LWJjMGEtYWM3YjQ3YTczYTM3OnZBcjZuZDg3S1dRYnJFOVM=
SrcShrBookingDim,TgtShrBookingDim,SC2002269NCR,Qa,/data/apps/talend/shared/scripts/nbx/Fact/config/SrcARS_TgtBookingFact,spark.xref.username,a02f3532-86ea-4c59-bc0a-ac7b47a73a37
SrcShrBookingDim,TgtShrBookingDim,SC2002269NCR,Qa,/data/apps/talend/shared/scripts/nbx/Fact/config/SrcARS_TgtBookingFact,spark.xref.findalltypes,https://*env*.virginvoyages.com/svc/xref-api/v1/types?page=-1&size=-1
SrcShrBookingDim,TgtShrBookingDim,SC2002269NCR,Qa,/data/apps/talend/shared/scripts/nbx/Fact/config/SrcARS_TgtBookingFact,spark.xref.findByTypeAndTargetType,https://*env*.virginvoyages.com/svc/xref-api/v1/references/search/findByTypeAndTargetType
SrcPostCruiseResponse,TgtResponsesFact,SC2002269NCR,Qa,/data/apps/talend/shared/scripts/nbx/Fact/config/SrcPostCruiseResponse_TgtResponsesFact,spark.redshift.url,jdbc:redshift://10.4.0.203:5439/qanbx
SrcPostCruiseResponse,TgtResponsesFact,SC2002269NCR,Qa,/data/apps/talend/shared/scripts/nbx/Fact/config/SrcPostCruiseResponse_TgtResponsesFact,spark.redshift.username,talenduser
SrcPostCruiseResponse,TgtResponsesFact,SC2002269NCR,Qa,/data/apps/talend/shared/scripts/nbx/Fact/config/SrcPostCruiseResponse_TgtResponsesFact,spark.redshift.password,Talenduser@123
SrcPostCruiseResponse,TgtResponsesFact,SC2002269NCR,Qa,/data/apps/talend/shared/scripts/nbx/Fact/config/SrcPostCruiseResponse_TgtResponsesFact,spark.postvoyage.response.fact.sql,select request_id as response_fact_request_id, client_id as response_fact_client_id, ship_id as response_fact_ship_id, sail_id as response_fact_sail_id, guest_id as response_fact_guest_id, request_time as response_fact_request_time, response_time as response_fact_response_time, itinerary_skey as response_fact_itinerary_skey, activity_skey as response_fact_activity_skey, question_id as response_fact_question_id, answer_rating as response_fact_answer_rating, answer_text as response_fact_answer_text, load_dt as response_fact_load_dt, upd_dt as response_fact_upd_dt, part_dt as response_fact_part_dt from vv_db.hvtb_nbx_core_postvoyage_survey_responses_fact
SrcPostCruiseResponse,TgtResponsesFact,SC2002269NCR,Qa,/data/apps/talend/shared/scripts/nbx/Fact/config/SrcPostCruiseResponse_TgtResponsesFact,spark.postvoyage.question.dim.sql,"select question_id as question_dim_question_id, src_question_id as question_dim_src_question_id, variable_id as question_dim_variable_id, type as question_dim_type from vv_db.hvtb_nbx_core_postvoyage_survey_questions_dim"
SrcPostCruiseResponse,TgtResponsesFact,SC2002269NCR,Qa,/data/apps/talend/shared/scripts/nbx/Fact/config/SrcPostCruiseResponse_TgtResponsesFact,spark.ship.dim.sql,"select ship_id as ship_dim_ship_id, ship as ship_dim_ship from vv_db.hvtb_nbx_core_sw_ship_dim"
SrcPostCruiseResponse,TgtResponsesFact,SC2002269NCR,Qa,/data/apps/talend/shared/scripts/nbx/Fact/config/SrcPostCruiseResponse_TgtResponsesFact,spark.sail.dim.sql,"select sail_id as sail_dim_sail_id, sail_date_from as sail_dim_sail_date_from, sail_date_to as sail_dim_sail_date_to, ship_id as sail_dim_ship_id from vv_db.hvtb_nbx_core_sw_sail_dim"
SrcPostCruiseResponse,TgtResponsesFact,SC2002269NCR,Qa,/data/apps/talend/shared/scripts/nbx/Fact/config/SrcPostCruiseResponse_TgtResponsesFact,spark.guest.dim.sql,"SELECT gd.guest_id as guest_dim_guest_id, gd.client_id as guest_dim_client_id from vv_db.hvtb_nbx_core_sw_guest_dim gd LEFT JOIN vv_db.hvtb_nbx_core_sw_res_guest_rel rel on rel.guest_id = gd.guest_id LEFT JOIN vv_db.hvtb_nbx_core_sw_reservation_dim rd on rd.res_id = rel.res_id WHERE to_date(gd.rec_end_dttm) = '9999-12-31'"
SrcPostCruiseResponse,TgtResponsesFact,SC2002269NCR,Qa,/data/apps/talend/shared/scripts/nbx/Fact/config/SrcPostCruiseResponse_TgtResponsesFact,spark.itinerary.dim.sql,"select max(itinerary_skey) as itinerary_dim_itinerary_skey, max(voyage_id) as itinerary_dim_voyage_id, max(itinerary_embark_port_code) as itinerary_dim_itinerary_embark_port_code, itinerary_id as itinerary_dim_itinerary_id from shipdw.hvtb_mart_dim_itinerary group by itinerary_id order by itinerary_id"
SrcPostCruiseResponse,TgtResponsesFact,SC2002269NCR,Qa,/data/apps/talend/shared/scripts/nbx/Fact/config/SrcPostCruiseResponse_TgtResponsesFact,spark.activity.dim.sql,"select activity_skey as activity_dim_activity_skey, activity_name as activity_dim_activity_name from shipdw.hvtb_mart_dim_activity group by activity_skey, activity_name"
SrcPostCruiseResponse,TgtResponsesFact,SC2002269NCR,Qa,/data/apps/talend/shared/scripts/nbx/Fact/config/SrcPostCruiseResponse_TgtResponsesFact,spark.source.columns,"request_id,client_id,ship_id,sail_id,guest_id,request_time,response_time,itinerary_skey,activity_skey,question_id,answer_rating,answer_text"
SrcPostCruiseResponse,TgtResponsesFact,SC2002269NCR,Qa,/data/apps/talend/shared/scripts/nbx/Fact/config/SrcPostCruiseResponse_TgtResponsesFact,spark.pond.allColumns,"request_id as pond_request_id,client_id as pond_client_id,ship_id as pond_ship_id,guest_id as pond_guest_id,request_time as pond_request_time,response_time as pond_response_time,itinerary_skey as pond_itinerary_skey,activity_skey as pond_activity_skey,question_id as pond_question_id,answer_rating as pond_answer_rating,answer_text as pond_answer_text,load_dt as pond_load_dt,upd_dt as pond_upd_dt,part_dt as pond_part_dt"
SrcPostCruiseResponse,TgtResponsesFact,SC2002269NCR,Qa,/data/apps/talend/shared/scripts/nbx/Fact/config/SrcPostCruiseResponse_TgtResponsesFact,spark.parse.static.table,vv_db.hvtb_parse_postvoyage_static_responses
SrcPostCruiseResponse,TgtResponsesFact,SC2002269NCR,Qa,/data/apps/talend/shared/scripts/nbx/Fact/config/SrcPostCruiseResponse_TgtResponsesFact,spark.parse.dynamic.table,vv_db.hvtb_parse_postvoyage_dynamic_responses
SrcPostCruiseResponse,TgtResponsesFact,SC2002269NCR,Qa,/data/apps/talend/shared/scripts/nbx/Fact/config/SrcPostCruiseResponse_TgtResponsesFact,spark.postvoyage.response.fact,vv_db.hvtb_nbx_core_postvoyage_survey_responses_fact
SrcPostCruiseResponse,TgtResponsesFact,SC2002269NCR,Qa,/data/apps/talend/shared/scripts/nbx/Fact/config/SrcPostCruiseResponse_TgtResponsesFact,spark.pond.database,vv_db
SrcPostCruiseResponse,TgtResponsesFact,SC2002269NCR,Qa,/data/apps/talend/shared/scripts/nbx/Fact/config/SrcPostCruiseResponse_TgtResponsesFact,spark.pond.table,hvtb_nbx_core_postvoyage_survey_responses_fact
SrcPostCruiseResponse,TgtResponsesFact,SC2002269NCR,Qa,/data/apps/talend/shared/scripts/nbx/Fact/config/SrcPostCruiseResponse_TgtResponsesFact,spark.target.schema,vv_db
SrcPostCruiseResponse,TgtResponsesFact,SC2002269NCR,Qa,/data/apps/talend/shared/scripts/nbx/Fact/config/SrcPostCruiseResponse_TgtResponsesFact,spark.target.table,postvoyage_survey_responses_fact
SrcPostCruiseResponse,TgtResponsesFact,SC2002269NCR,Qa,/data/apps/talend/shared/scripts/nbx/Fact/config/SrcPostCruiseResponse_TgtResponsesFact,spark.redshift.schema,Hive_schema_stg
SrcPostCruiseResponse,TgtResponsesFact,SC2002269NCR,Qa,/data/apps/talend/shared/scripts/nbx/Fact/config/SrcPostCruiseResponse_TgtResponsesFact,spark.redshift.tablename,postvoyage_survey_responses_fact
SrcPostCruiseResponse,TgtResponsesFact,SC2002269NCR,Qa,/data/apps/talend/shared/scripts/nbx/Fact/config/SrcPostCruiseResponse_TgtResponsesFact,spark.tableType,FACT
SrcPostCruiseResponse,TgtResponsesFact,SC2002269NCR,Qa,/data/apps/talend/shared/scripts/nbx/Fact/config/SrcPostCruiseResponse_TgtResponsesFact,spark.frameworkEnv,shore
SrcPostCruiseResponse,TgtResponsesFact,SC2002269NCR,Qa,/data/apps/talend/shared/scripts/nbx/Fact/config/SrcPostCruiseResponse_TgtResponsesFact,spark.scdtype,type1
SrcPostCruiseResponse,TgtResponsesFact,SC2002269NCR,Qa,/data/apps/talend/shared/scripts/nbx/Fact/config/SrcPostCruiseResponse_TgtResponsesFact,spark.target.final_collist,"final_view.request_id,final_view.client_id,final_view.ship_id,final_view.sail_id,final_view.guest_id,final_view.request_time,final_view.response_time,final_view.itinerary_skey,final_view.activity_skey,final_view.question_id,final_view.answer_rating,final_view.answer_text,load_dt,upd_dt,part_dt"
SrcPostCruiseResponse,TgtResponsesFact,SC2002269NCR,Qa,/data/apps/talend/shared/scripts/nbx/Fact/config/SrcPostCruiseResponse_TgtResponsesFact,spark.target.temp,s3://vv-qa-emr-cluster/data/core/seaware/temp/hvtb_nbx_core_postvoyage_survey_responses_fact
SrcPostCruiseResponse,TgtResponsesFact,SC2002269NCR,Qa,/data/apps/talend/shared/scripts/nbx/Fact/config/SrcPostCruiseResponse_TgtResponsesFact,spark.target.location,s3://vv-qa-emr-cluster/data/core/seaware/hvtb_nbx_core_postvoyage_survey_responses_fact
SrcPostSailQuestion,TgtQuestionDim,SC2002269NCR,Qa,/data/apps/talend/shared/scripts/nbx/Dim/config/SrcPostSailQuestion_TgtQuestionDim,spark.src.config.id,SrcPostSailQuestion
SrcPostSailQuestion,TgtQuestionDim,SC2002269NCR,Qa,/data/apps/talend/shared/scripts/nbx/Dim/config/SrcPostSailQuestion_TgtQuestionDim,spark.voyage.id,SC2002269NCR
SrcPostSailQuestion,TgtQuestionDim,SC2002269NCR,Qa,/data/apps/talend/shared/scripts/nbx/Dim/config/SrcPostSailQuestion_TgtQuestionDim,spark.tgt.env,qa
SrcPostSailQuestion,TgtQuestionDim,SC2002269NCR,Qa,/data/apps/talend/shared/scripts/nbx/Dim/config/SrcPostSailQuestion_TgtQuestionDim,spark.target.config.id,TgtQuestionDIm
SrcPostSailQuestion,TgtQuestionDim,SC2002269NCR,Qa,/data/apps/talend/shared/scripts/nbx/Dim/config/SrcPostSailQuestion_TgtQuestionDim,spark.parent.id,SrcPostSailQuestion-TgtQuestionDIm-SC2002269NCR
SrcPostSailQuestion,TgtQuestionDim,SC2002269NCR,Qa,/data/apps/talend/shared/scripts/nbx/Dim/config/SrcPostSailQuestion_TgtQuestionDim,spark.target.ops.table.format,org.apache.phoenix.spark
SrcPostSailQuestion,TgtQuestionDim,SC2002269NCR,Qa,/data/apps/talend/shared/scripts/nbx/Dim/config/SrcPostSailQuestion_TgtQuestionDim,spark.target.ops.table.mode,overwrite
SrcPostSailQuestion,TgtQuestionDim,SC2002269NCR,Qa,/data/apps/talend/shared/scripts/nbx/Dim/config/SrcPostSailQuestion_TgtQuestionDim,spark.target.enablerops_table,HBTB_INGESTION_METADATA
SrcPostSailQuestion,TgtQuestionDim,SC2002269NCR,Qa,/data/apps/talend/shared/scripts/nbx/Dim/config/SrcPostSailQuestion_TgtQuestionDim,spark.target.zkurl,10.4.100.154:2181/hbase-unsecure
SrcPostSailQuestion,TgtQuestionDim,SC2002269NCR,Qa,/data/apps/talend/shared/scripts/nbx/Dim/config/SrcPostSailQuestion_TgtQuestionDim,spark.table.type,dim
SrcPostSailQuestion,TgtQuestionDim,SC2002269NCR,Qa,/data/apps/talend/shared/scripts/nbx/Dim/config/SrcPostSailQuestion_TgtQuestionDim,spark.redshift.url,jdbc:redshift://10.4.0.203:5439/qanbx
SrcPostSailQuestion,TgtQuestionDim,SC2002269NCR,Qa,/data/apps/talend/shared/scripts/nbx/Dim/config/SrcPostSailQuestion_TgtQuestionDim,spark.redshift.username,talenduser
SrcPostSailQuestion,TgtQuestionDim,SC2002269NCR,Qa,/data/apps/talend/shared/scripts/nbx/Dim/config/SrcPostSailQuestion_TgtQuestionDim,spark.redshift.password,Talenduser@123
SrcPostSailQuestion,TgtQuestionDim,SC2002269NCR,Qa,/data/apps/talend/shared/scripts/nbx/Dim/config/SrcPostSailQuestion_TgtQuestionDim,spark.source.location,/data/core/PostSailorSurveyShore/QD/
SrcPostSailQuestion,TgtQuestionDim,SC2002269NCR,Qa,/data/apps/talend/shared/scripts/nbx/Dim/config/SrcPostSailQuestion_TgtQuestionDim,spark.source.columns,"src_question_id,batchtime,category,answer_code_max,answer_code_min,variable_id,Type,Start,Finish,question_text,answer_code,answer_label,answer_code_min_text,answer_code_max_text"
SrcPostSailQuestion,TgtQuestionDim,SC2002269NCR,Qa,/data/apps/talend/shared/scripts/nbx/Dim/config/SrcPostSailQuestion_TgtQuestionDim,spark.pond.allColumns,"question_id as pond_question_id,src_question_id as pond_src_question_id,variable_id as pond_variable_id,question_text as pond_question_text,Type as pond_Type,category as pond_category,answer_code_min as pond_answer_code_min,answer_code_max as pond_answer_code_max,answer_code_min_text as pond_answer_code_min_text,answer_code_max_text as pond_answer_code_max_text,load_dt as pond_load_dt,upd_dt as pond_upd_dt,primaryhash as pond_primaryhash,md5_hash as pond_md5_hash"
SrcPostSailQuestion,TgtQuestionDim,SC2002269NCR,Qa,/data/apps/talend/shared/scripts/nbx/Dim/config/SrcPostSailQuestion_TgtQuestionDim,spark.surrogate_key.column,question_id
SrcPostSailQuestion,TgtQuestionDim,SC2002269NCR,Qa,/data/apps/talend/shared/scripts/nbx/Dim/config/SrcPostSailQuestion_TgtQuestionDim,spark.pond.database,vv_db
SrcPostSailQuestion,TgtQuestionDim,SC2002269NCR,Qa,/data/apps/talend/shared/scripts/nbx/Dim/config/SrcPostSailQuestion_TgtQuestionDim,spark.pond.table,hvtb_nbx_core_postvoyage_survey_questions_dim
SrcPostSailQuestion,TgtQuestionDim,SC2002269NCR,Qa,/data/apps/talend/shared/scripts/nbx/Dim/config/SrcPostSailQuestion_TgtQuestionDim,spark.target.schema,vv_db
SrcPostSailQuestion,TgtQuestionDim,SC2002269NCR,Qa,/data/apps/talend/shared/scripts/nbx/Dim/config/SrcPostSailQuestion_TgtQuestionDim,spark.target.table,
SrcPostSailQuestion,TgtQuestionDim,SC2002269NCR,Qa,/data/apps/talend/shared/scripts/nbx/Dim/config/SrcPostSailQuestion_TgtQuestionDim,spark.source.primaryKeyColumns,"src_question_id,variable_id"
SrcPostSailQuestion,TgtQuestionDim,SC2002269NCR,Qa,/data/apps/talend/shared/scripts/nbx/Dim/config/SrcPostSailQuestion_TgtQuestionDim,spark.target.final_collist," cast(final_view.question_id as bigint)as question_id, cast(final_view.src_question_id as varchar(50))as src_question_id, cast(final_view.variable_id as varchar(50))as variable_id, cast(final_view.question_text as varchar(500))as question_text, cast(final_view.type as varchar(50))as type,final_view.category, cast(final_view.answer_code_min as int)as answer_code_min, cast(final_view.answer_code_max as int)as answer_code_max, cast(final_view.answer_code_min_text as varchar(500))as answer_code_min_text, cast(final_view.answer_code_max_text as varchar(500))as answer_code_max_text, cast(final_view.load_dt as timestamp)as load_dt, cast(final_view.upd_dt as timestamp)as upd_dt, cast(final_view.primaryhash as string)as primaryhash, cast(final_view.md5_hash as string)as md5_hash"
SrcPostSailQuestion,TgtQuestionDim,SC2002269NCR,Qa,/data/apps/talend/shared/scripts/nbx/Dim/config/SrcPostSailQuestion_TgtQuestionDim,spark.target.temp,s3://vv-qa-emr-cluster/data/temp/hvtb_nbx_core_postvoyage_survey_questions_dim
SrcPostSailQuestion,TgtQuestionDim,SC2002269NCR,Qa,/data/apps/talend/shared/scripts/nbx/Dim/config/SrcPostSailQuestion_TgtQuestionDim,spark.target.location,s3://vv-qa-emr-cluster/data/core/seaware/hvtb_nbx_core_postvoyage_survey_questions_dim
SrcPostSailQuestion,TgtQuestionDim,SC2002269NCR,Qa,/data/apps/talend/shared/scripts/nbx/Dim/config/SrcPostSailQuestion_TgtQuestionDim,spark.redshift.schema,seaware
SrcPostSailQuestion,TgtQuestionDim,SC2002269NCR,Qa,/data/apps/talend/shared/scripts/nbx/Dim/config/SrcPostSailQuestion_TgtQuestionDim,spark.redshift.tablename,postvoyage_survey_questions_dim
SrcPostSailQuestion,TgtQuestionDim,SC2002269NCR,Qa,/data/apps/talend/shared/scripts/nbx/Dim/config/SrcPostSailQuestion_TgtQuestionDim,spark.scdtype,type1
SrcPostSailQuestion,TgtQuestionDim,SC2002269NCR,Qa,/data/apps/talend/shared/scripts/nbx/Dim/config/SrcPostSailQuestion_TgtQuestionDim,spark.tableType,DIMENSION
SrcPostSailQuestion,TgtQuestionDim,SC2002269NCR,Qa,/data/apps/talend/shared/scripts/nbx/Dim/config/SrcPostSailQuestion_TgtQuestionDim,spark.frameworkEnv,shore
SrcPostSailQuestion,TgtQuestionDim,SC2002269NCR,Qa,/data/apps/talend/shared/scripts/nbx/Dim/config/SrcPostSailQuestion_TgtQuestionDim,spark.landing.location,s3://vv-qa-emr-cluster/data/landing/hvtb_lnd_nepa_postvoyage_question
SrcChargeDim,TgtChargeDim,SC1912065NCM,Qa,/data/apps/talend/shared/scripts/nbx/Dim/config/SrcChargeDim_TgtChargeDim,spark.src.config.id,SrcChargeDim
SrcChargeDim,TgtChargeDim,SC1912065NCM,Qa,/data/apps/talend/shared/scripts/nbx/Dim/config/SrcChargeDim_TgtChargeDim,spark.voyage.id,SC2002269NCR
SrcChargeDim,TgtChargeDim,SC1912065NCM,Qa,/data/apps/talend/shared/scripts/nbx/Dim/config/SrcChargeDim_TgtChargeDim,spark.tgt.env,qa
SrcChargeDim,TgtChargeDim,SC1912065NCM,Qa,/data/apps/talend/shared/scripts/nbx/Dim/config/SrcChargeDim_TgtChargeDim,spark.target.config.id,TgtChargeDim
SrcChargeDim,TgtChargeDim,SC1912065NCM,Qa,/data/apps/talend/shared/scripts/nbx/Dim/config/SrcChargeDim_TgtChargeDim,spark.parent.id,SrcShrGuest-TgtShrGuest-SC2002269NCR
SrcChargeDim,TgtChargeDim,SC1912065NCM,Qa,/data/apps/talend/shared/scripts/nbx/Dim/config/SrcChargeDim_TgtChargeDim,spark.target.ops.table.format,org.apache.phoenix.spark
SrcChargeDim,TgtChargeDim,SC1912065NCM,Qa,/data/apps/talend/shared/scripts/nbx/Dim/config/SrcChargeDim_TgtChargeDim,spark.target.ops.table.mode,overwrite
SrcChargeDim,TgtChargeDim,SC1912065NCM,Qa,/data/apps/talend/shared/scripts/nbx/Dim/config/SrcChargeDim_TgtChargeDim,spark.target.enablerops_table,HBTB_INGESTION_METADATA 
SrcChargeDim,TgtChargeDim,SC1912065NCM,Qa,/data/apps/talend/shared/scripts/nbx/Dim/config/SrcChargeDim_TgtChargeDim,spark.target.zkurl,10.4.100.154:2181/hbase-unsecure
SrcChargeDim,TgtChargeDim,SC1912065NCM,Qa,/data/apps/talend/shared/scripts/nbx/Dim/config/SrcChargeDim_TgtChargeDim,spark.table.type,dim
SrcChargeDim,TgtChargeDim,SC1912065NCM,Qa,/data/apps/talend/shared/scripts/nbx/Dim/config/SrcChargeDim_TgtChargeDim,spark.redshift.url,jdbc:redshift://10.4.0.203:5439/qanbx
SrcChargeDim,TgtChargeDim,SC1912065NCM,Qa,/data/apps/talend/shared/scripts/nbx/Dim/config/SrcChargeDim_TgtChargeDim,spark.redshift.username,talenduser
SrcChargeDim,TgtChargeDim,SC1912065NCM,Qa,/data/apps/talend/shared/scripts/nbx/Dim/config/SrcChargeDim_TgtChargeDim,spark.redshift.password,Talenduser@123
SrcChargeDim,TgtChargeDim,SC1912065NCM,Qa,/data/apps/talend/shared/scripts/nbx/Dim/config/SrcChargeDim_TgtChargeDim,spark.source.sql,"SELECT dp.voyage_id as voyage_id,gp.person_charge_id as charge_id,gp.batchtime,gp.partdate, dp.person_skey,dp.person_type FROM shipdw.hvtb_parse_mxp_shore_guest_person gp LEFT OUTER JOIN shipdw.hvtb_mart_dim_person dp on (gp.person_id = dp.person_id) where dp.person_charge_id IS NOT NULL "
SrcChargeDim,TgtChargeDim,SC1912065NCM,Qa,/data/apps/talend/shared/scripts/nbx/Dim/config/SrcChargeDim_TgtChargeDim,spark.source.columns,"voyage_id,charge_id,batchtime,partdate,person_skey,dp.person_type"
SrcChargeDim,TgtChargeDim,SC1912065NCM,Qa,/data/apps/talend/shared/scripts/nbx/Dim/config/SrcChargeDim_TgtChargeDim,spark.pond.allColumns,"charge_skey as pond_charge_skey,voyage_id as pond_voyage_id,charge_id as pond_charge_id,person_skey as pond_person_skey,person_type as pond_person_type, load_dt as pond_load_dt,upd_dt as pond_upd_dt,primaryhash as pond_primaryhash,md5_hash as pond_md5_hash"
SrcChargeDim,TgtChargeDim,SC1912065NCM,Qa,/data/apps/talend/shared/scripts/nbx/Dim/config/SrcChargeDim_TgtChargeDim,spark.surrogate_key.column,charge_skey
SrcChargeDim,TgtChargeDim,SC1912065NCM,Qa,/data/apps/talend/shared/scripts/nbx/Dim/config/SrcChargeDim_TgtChargeDim,spark.pond.database,shipdw
SrcChargeDim,TgtChargeDim,SC1912065NCM,Qa,/data/apps/talend/shared/scripts/nbx/Dim/config/SrcChargeDim_TgtChargeDim,spark.pond.table,hvtb_mart_dim_charge
SrcChargeDim,TgtChargeDim,SC1912065NCM,Qa,/data/apps/talend/shared/scripts/nbx/Dim/config/SrcChargeDim_TgtChargeDim,spark.target.schema,shipdw
SrcChargeDim,TgtChargeDim,SC1912065NCM,Qa,/data/apps/talend/shared/scripts/nbx/Dim/config/SrcChargeDim_TgtChargeDim,spark.target.table,charge_dim
SrcChargeDim,TgtChargeDim,SC1912065NCM,Qa,/data/apps/talend/shared/scripts/nbx/Dim/config/SrcChargeDim_TgtChargeDim,spark.pond.Columns,"charge_skey as pond_charge_skey,voyage_id as pond_voyage_id,charge_id as pond_charge_id,person_skey as pond_person_skey,person_type as pond_person_type, load_dt as pond_load_dt,upd_dt as pond_upd_dt,primaryhash as pond_primaryhash,md5_hash as pond_md5_hash"
SrcChargeDim,TgtChargeDim,SC1912065NCM,Qa,/data/apps/talend/shared/scripts/nbx/Dim/config/SrcChargeDim_TgtChargeDim,spark.source.primaryKeyColumns,"charge_id,voyage_id"
SrcChargeDim,TgtChargeDim,SC1912065NCM,Qa,/data/apps/talend/shared/scripts/nbx/Dim/config/SrcChargeDim_TgtChargeDim,spark.pond.primaryKeyColumns,"charge_id,voyage_id"
SrcChargeDim,TgtChargeDim,SC1912065NCM,Qa,/data/apps/talend/shared/scripts/nbx/Dim/config/SrcChargeDim_TgtChargeDim,spark.scdtype,type1
SrcChargeDim,TgtChargeDim,SC1912065NCM,Qa,/data/apps/talend/shared/scripts/nbx/Dim/config/SrcChargeDim_TgtChargeDim,spark.frameworkEnv,shore
SrcChargeDim,TgtChargeDim,SC1912065NCM,Qa,/data/apps/talend/shared/scripts/nbx/Dim/config/SrcChargeDim_TgtChargeDim,spark.target.final_collist,"charge_skey,final_view.voyage_id,final_view.charge_id,final_view.person_skey,final_view.person_type,load_dt,upd_dt,primaryhash,md5_hash"
SrcChargeDim,TgtChargeDim,SC1912065NCM,Qa,/data/apps/talend/shared/scripts/nbx/Dim/config/SrcChargeDim_TgtChargeDim,spark.target.temp,s3://vv-qa-emr-cluster/data/temp/hvtb_mart_dim_charge
SrcChargeDim,TgtChargeDim,SC1912065NCM,Qa,/data/apps/talend/shared/scripts/nbx/Dim/config/SrcChargeDim_TgtChargeDim,spark.target.location,s3://vv-qa-emr-cluster/data/mart/hvtb_mart_dim_charge
SrcChargeDim,TgtChargeDim,SC1912065NCM,Qa,/data/apps/talend/shared/scripts/nbx/Dim/config/SrcChargeDim_TgtChargeDim,spark.redshift.schema,Hive_schema_stg
SrcChargeDim,TgtChargeDim,SC1912065NCM,Qa,/data/apps/talend/shared/scripts/nbx/Dim/config/SrcChargeDim_TgtChargeDim,spark.redshift.tablename,charge_dim
SrcChargeDim,TgtChargeDim,SC1912065NCM,Qa,/data/apps/talend/shared/scripts/nbx/Dim/config/SrcChargeDim_TgtChargeDim,spark.tableType,DIMENSION
SrcEmpChargeDim,TgtEmpChargeDim,SC1912065NCM,Qa,/data/apps/talend/shared/scripts/nbx/Dim/config/SrcEmpChargeDim_TgtEmpChargeDim,spark.src.config.id,SrcEmpChargeDim
SrcEmpChargeDim,TgtEmpChargeDim,SC1912065NCM,Qa,/data/apps/talend/shared/scripts/nbx/Dim/config/SrcEmpChargeDim_TgtEmpChargeDim,spark.voyage.id,SC1912065NCM 
SrcEmpChargeDim,TgtEmpChargeDim,SC1912065NCM,Qa,/data/apps/talend/shared/scripts/nbx/Dim/config/SrcEmpChargeDim_TgtEmpChargeDim,spark.tgt.env,qa
SrcEmpChargeDim,TgtEmpChargeDim,SC1912065NCM,Qa,/data/apps/talend/shared/scripts/nbx/Dim/config/SrcEmpChargeDim_TgtEmpChargeDim,spark.target.config.id,TgtEmpChargeDim
SrcEmpChargeDim,TgtEmpChargeDim,SC1912065NCM,Qa,/data/apps/talend/shared/scripts/nbx/Dim/config/SrcEmpChargeDim_TgtEmpChargeDim,spark.parent.id,SrcInternalAcc-TgtInternalAcc-SC2002269NCR
SrcEmpChargeDim,TgtEmpChargeDim,SC1912065NCM,Qa,/data/apps/talend/shared/scripts/nbx/Dim/config/SrcEmpChargeDim_TgtEmpChargeDim,spark.target.ops.table.format,org.apache.phoenix.spark
SrcEmpChargeDim,TgtEmpChargeDim,SC1912065NCM,Qa,/data/apps/talend/shared/scripts/nbx/Dim/config/SrcEmpChargeDim_TgtEmpChargeDim,spark.target.ops.table.mode,overwrite
SrcEmpChargeDim,TgtEmpChargeDim,SC1912065NCM,Qa,/data/apps/talend/shared/scripts/nbx/Dim/config/SrcEmpChargeDim_TgtEmpChargeDim,spark.target.enablerops_table,HBTB_INGESTION_METADATA 
SrcEmpChargeDim,TgtEmpChargeDim,SC1912065NCM,Qa,/data/apps/talend/shared/scripts/nbx/Dim/config/SrcEmpChargeDim_TgtEmpChargeDim,spark.target.zkurl,10.4.100.154:2181/hbase-unsecure
SrcEmpChargeDim,TgtEmpChargeDim,SC1912065NCM,Qa,/data/apps/talend/shared/scripts/nbx/Dim/config/SrcEmpChargeDim_TgtEmpChargeDim,spark.table.type,dim
SrcEmpChargeDim,TgtEmpChargeDim,SC1912065NCM,Qa,/data/apps/talend/shared/scripts/nbx/Dim/config/SrcEmpChargeDim_TgtEmpChargeDim,spark.redshift.url,jdbc:redshift://10.4.0.203:5439/qanbx
SrcEmpChargeDim,TgtEmpChargeDim,SC1912065NCM,Qa,/data/apps/talend/shared/scripts/nbx/Dim/config/SrcEmpChargeDim_TgtEmpChargeDim,spark.redshift.username,talenduser
SrcEmpChargeDim,TgtEmpChargeDim,SC1912065NCM,Qa,/data/apps/talend/shared/scripts/nbx/Dim/config/SrcEmpChargeDim_TgtEmpChargeDim,spark.redshift.password,Talenduser@123
SrcEmpChargeDim,TgtEmpChargeDim,SC1912065NCM,Qa,/data/apps/talend/shared/scripts/nbx/Dim/config/SrcEmpChargeDim_TgtEmpChargeDim,spark.source.sql,"select employee.chargeid as charge_id, employee.type as person_type, person.person_skey as person_skey, person.voyage_id as voyage_id,employee.batchtime,employee.part_date as partdate from shipdw.hvtb_parse_mxp_internal_person_detail employee left outer join shipdw.hvtb_mart_dim_person person on (employee.person_id = person.person_id) where employee.chargeid is not null"
SrcEmpChargeDim,TgtEmpChargeDim,SC1912065NCM,Qa,/data/apps/talend/shared/scripts/nbx/Dim/config/SrcEmpChargeDim_TgtEmpChargeDim,spark.source.columns,"voyage_id,charge_id,person_skey,person_type,batchtime,partdate"
SrcEmpChargeDim,TgtEmpChargeDim,SC1912065NCM,Qa,/data/apps/talend/shared/scripts/nbx/Dim/config/SrcEmpChargeDim_TgtEmpChargeDim,spark.pond.allColumns,"charge_skey as pond_charge_skey,voyage_id as pond_voyage_id,charge_id as pond_charge_id,person_skey as pond_person_skey,person_type as pond_person_type, load_dt as pond_load_dt,upd_dt as pond_upd_dt,primaryhash as pond_primaryhash,md5_hash as pond_md5_hash"
SrcEmpChargeDim,TgtEmpChargeDim,SC1912065NCM,Qa,/data/apps/talend/shared/scripts/nbx/Dim/config/SrcEmpChargeDim_TgtEmpChargeDim,spark.surrogate_key.column,charge_skey
SrcEmpChargeDim,TgtEmpChargeDim,SC1912065NCM,Qa,/data/apps/talend/shared/scripts/nbx/Dim/config/SrcEmpChargeDim_TgtEmpChargeDim,spark.pond.database,shipdw
SrcEmpChargeDim,TgtEmpChargeDim,SC1912065NCM,Qa,/data/apps/talend/shared/scripts/nbx/Dim/config/SrcEmpChargeDim_TgtEmpChargeDim,spark.pond.table,hvtb_mart_dim_charge
SrcEmpChargeDim,TgtEmpChargeDim,SC1912065NCM,Qa,/data/apps/talend/shared/scripts/nbx/Dim/config/SrcEmpChargeDim_TgtEmpChargeDim,spark.target.schema,shipdw
SrcEmpChargeDim,TgtEmpChargeDim,SC1912065NCM,Qa,/data/apps/talend/shared/scripts/nbx/Dim/config/SrcEmpChargeDim_TgtEmpChargeDim,spark.target.table,charge_dim
SrcEmpChargeDim,TgtEmpChargeDim,SC1912065NCM,Qa,/data/apps/talend/shared/scripts/nbx/Dim/config/SrcEmpChargeDim_TgtEmpChargeDim,spark.pond.Columns,"charge_skey as pond_charge_skey,voyage_id as pond_voyage_id,charge_id as pond_charge_id,person_skey as pond_person_skey,person_type as pond_person_type, load_dt as pond_load_dt,upd_dt as pond_upd_dt,primaryhash as pond_primaryhash,md5_hash as pond_md5_hash"
SrcEmpChargeDim,TgtEmpChargeDim,SC1912065NCM,Qa,/data/apps/talend/shared/scripts/nbx/Dim/config/SrcEmpChargeDim_TgtEmpChargeDim,spark.source.primaryKeyColumns,"charge_id,voyage_id"
SrcEmpChargeDim,TgtEmpChargeDim,SC1912065NCM,Qa,/data/apps/talend/shared/scripts/nbx/Dim/config/SrcEmpChargeDim_TgtEmpChargeDim,spark.pond.primaryKeyColumns,"charge_id,voyage_id"
SrcEmpChargeDim,TgtEmpChargeDim,SC1912065NCM,Qa,/data/apps/talend/shared/scripts/nbx/Dim/config/SrcEmpChargeDim_TgtEmpChargeDim,spark.scdtype,type1
SrcEmpChargeDim,TgtEmpChargeDim,SC1912065NCM,Qa,/data/apps/talend/shared/scripts/nbx/Dim/config/SrcEmpChargeDim_TgtEmpChargeDim,spark.frameworkEnv,shore
SrcEmpChargeDim,TgtEmpChargeDim,SC1912065NCM,Qa,/data/apps/talend/shared/scripts/nbx/Dim/config/SrcEmpChargeDim_TgtEmpChargeDim,spark.target.final_collist,"charge_skey,final_view.voyage_id,final_view.charge_id,final_view.person_skey,final_view.person_type,load_dt,upd_dt,primaryhash,md5_hash"
SrcEmpChargeDim,TgtEmpChargeDim,SC1912065NCM,Qa,/data/apps/talend/shared/scripts/nbx/Dim/config/SrcEmpChargeDim_TgtEmpChargeDim,spark.target.temp,s3://vv-qa-emr-cluster/data/temp/hvtb_mart_dim_charge
SrcEmpChargeDim,TgtEmpChargeDim,SC1912065NCM,Qa,/data/apps/talend/shared/scripts/nbx/Dim/config/SrcEmpChargeDim_TgtEmpChargeDim,spark.target.location,s3://vv-qa-emr-cluster/data/mart/hvtb_mart_dim_charge
SrcEmpChargeDim,TgtEmpChargeDim,SC1912065NCM,Qa,/data/apps/talend/shared/scripts/nbx/Dim/config/SrcEmpChargeDim_TgtEmpChargeDim,spark.redshift.schema,Hive_schema_stg
SrcEmpChargeDim,TgtEmpChargeDim,SC1912065NCM,Qa,/data/apps/talend/shared/scripts/nbx/Dim/config/SrcEmpChargeDim_TgtEmpChargeDim,spark.redshift.tablename,charge_dim
SrcEmpChargeDim,TgtEmpChargeDim,SC1912065NCM,Qa,/data/apps/talend/shared/scripts/nbx/Dim/config/SrcEmpChargeDim_TgtEmpChargeDim,spark.tableType,DIMENSION
SrcQuickcodeParsedtbl,TgtQuickdim,SC1912065NCM,Qa,/data/apps/talend/shared/scripts/nbx/Dim/config/SrcQuickcodeParsedtbl_TgtQuickdim,spark.src.config.id,SrcQuickcodeParsedtbl
SrcQuickcodeParsedtbl,TgtQuickdim,SC1912065NCM,Qa,/data/apps/talend/shared/scripts/nbx/Dim/config/SrcQuickcodeParsedtbl_TgtQuickdim,spark.voyage.id,SC1912065NCM
SrcQuickcodeParsedtbl,TgtQuickdim,SC1912065NCM,Qa,/data/apps/talend/shared/scripts/nbx/Dim/config/SrcQuickcodeParsedtbl_TgtQuickdim,spark.tgt.env,Qa
SrcQuickcodeParsedtbl,TgtQuickdim,SC1912065NCM,Qa,/data/apps/talend/shared/scripts/nbx/Dim/config/SrcQuickcodeParsedtbl_TgtQuickdim,spark.target.config.id,TgtQuickdim
SrcQuickcodeParsedtbl,TgtQuickdim,SC1912065NCM,Qa,/data/apps/talend/shared/scripts/nbx/Dim/config/SrcQuickcodeParsedtbl_TgtQuickdim,spark.parent.id,SrcMXPQuickcodeparse-TgtMXPQuickcodeparse-SC2002269NCR
SrcQuickcodeParsedtbl,TgtQuickdim,SC1912065NCM,Qa,/data/apps/talend/shared/scripts/nbx/Dim/config/SrcQuickcodeParsedtbl_TgtQuickdim,spark.target.ops.table.format,org.apache.phoenix.spark
SrcQuickcodeParsedtbl,TgtQuickdim,SC1912065NCM,Qa,/data/apps/talend/shared/scripts/nbx/Dim/config/SrcQuickcodeParsedtbl_TgtQuickdim,spark.target.ops.table.mode,overwrite
SrcQuickcodeParsedtbl,TgtQuickdim,SC1912065NCM,Qa,/data/apps/talend/shared/scripts/nbx/Dim/config/SrcQuickcodeParsedtbl_TgtQuickdim,spark.target.enablerops_table,HBTB_INGESTION_METADATA
SrcQuickcodeParsedtbl,TgtQuickdim,SC1912065NCM,Qa,/data/apps/talend/shared/scripts/nbx/Dim/config/SrcQuickcodeParsedtbl_TgtQuickdim,spark.target.zkurl,10.4.100.154:2181/hbase-unsecure
SrcQuickcodeParsedtbl,TgtQuickdim,SC1912065NCM,Qa,/data/apps/talend/shared/scripts/nbx/Dim/config/SrcQuickcodeParsedtbl_TgtQuickdim,spark.table.type,dim
SrcQuickcodeParsedtbl,TgtQuickdim,SC1912065NCM,Qa,/data/apps/talend/shared/scripts/nbx/Dim/config/SrcQuickcodeParsedtbl_TgtQuickdim,spark.source.columns,"quick_code_name,quick_code,voyage_id"
SrcQuickcodeParsedtbl,TgtQuickdim,SC1912065NCM,Qa,/data/apps/talend/shared/scripts/nbx/Dim/config/SrcQuickcodeParsedtbl_TgtQuickdim,spark.pond.allColumns,"quickcode_skey as pond_quickcode_skey,quick_code_name as pond_quick_code_name,quick_code as pond_quick_code,load_dt as pond_load_dt,upd_dt as pond_upd_dt,primaryhash as pond_primaryhash,md5_hash as pond_md5_hash"
SrcQuickcodeParsedtbl,TgtQuickdim,SC1912065NCM,Qa,/data/apps/talend/shared/scripts/nbx/Dim/config/SrcQuickcodeParsedtbl_TgtQuickdim,spark.surrogate_key.column,quickcode_skey
SrcQuickcodeParsedtbl,TgtQuickdim,SC1912065NCM,Qa,/data/apps/talend/shared/scripts/nbx/Dim/config/SrcQuickcodeParsedtbl_TgtQuickdim,spark.pond.database,shipdw
SrcQuickcodeParsedtbl,TgtQuickdim,SC1912065NCM,Qa,/data/apps/talend/shared/scripts/nbx/Dim/config/SrcQuickcodeParsedtbl_TgtQuickdim,spark.pond.table,hvtb_mart_dim_quickcode
SrcQuickcodeParsedtbl,TgtQuickdim,SC1912065NCM,Qa,/data/apps/talend/shared/scripts/nbx/Dim/config/SrcQuickcodeParsedtbl_TgtQuickdim,spark.source.primaryKeyColumns,quick_code
SrcQuickcodeParsedtbl,TgtQuickdim,SC1912065NCM,Qa,/data/apps/talend/shared/scripts/nbx/Dim/config/SrcQuickcodeParsedtbl_TgtQuickdim,spark.target.final_collist,"final_view.quickcode_skey as quickcode_skey,final_view.quick_code as quick_code,final_view.quick_code_name as quick_code_name,load_dt,upd_dt,primaryhash,md5_hash"
SrcQuickcodeParsedtbl,TgtQuickdim,SC1912065NCM,Qa,/data/apps/talend/shared/scripts/nbx/Dim/config/SrcQuickcodeParsedtbl_TgtQuickdim,spark.target.temp,s3://vv-qa-emr-cluster/data/temp/hvtb_mart_dim_quickcode
SrcQuickcodeParsedtbl,TgtQuickdim,SC1912065NCM,Qa,/data/apps/talend/shared/scripts/nbx/Dim/config/SrcQuickcodeParsedtbl_TgtQuickdim,spark.target.location,s3://vv-qa-emr-cluster/data/mart/hvtb_mart_dim_quickcode
SrcQuickcodeParsedtbl,TgtQuickdim,SC1912065NCM,Qa,/data/apps/talend/shared/scripts/nbx/Dim/config/SrcQuickcodeParsedtbl_TgtQuickdim,spark.redshift.schema,Hive_schema_stg
SrcQuickcodeParsedtbl,TgtQuickdim,SC1912065NCM,Qa,/data/apps/talend/shared/scripts/nbx/Dim/config/SrcQuickcodeParsedtbl_TgtQuickdim,spark.redshift.tablename,quickcode_dim
SrcQuickcodeParsedtbl,TgtQuickdim,SC1912065NCM,Qa,/data/apps/talend/shared/scripts/nbx/Dim/config/SrcQuickcodeParsedtbl_TgtQuickdim,spark.scdtype,type1
SrcQuickcodeParsedtbl,TgtQuickdim,SC1912065NCM,Qa,/data/apps/talend/shared/scripts/nbx/Dim/config/SrcQuickcodeParsedtbl_TgtQuickdim,spark.tableType,DIMENSION
SrcQuickcodeParsedtbl,TgtQuickdim,SC1912065NCM,Qa,/data/apps/talend/shared/scripts/nbx/Dim/config/SrcQuickcodeParsedtbl_TgtQuickdim,spark.frameworkEnv,shore
SrcQuickcodeParsedtbl,TgtQuickdim,SC1912065NCM,Qa,/data/apps/talend/shared/scripts/nbx/Dim/config/SrcQuickcodeParsedtbl_TgtQuickdim,spark.quickcodeparsed.table,shipdw.hvtb_parse_mxp_shore_quickcode
SrcQuickcodeParsedtbl,TgtQuickdim,SC1912065NCM,Qa,/data/apps/talend/shared/scripts/nbx/Dim/config/SrcQuickcodeParsedtbl_TgtQuickdim,spark.redshift.url,jdbc:redshift://10.4.0.203:5439/qanbx
SrcQuickcodeParsedtbl,TgtQuickdim,SC1912065NCM,Qa,/data/apps/talend/shared/scripts/nbx/Dim/config/SrcQuickcodeParsedtbl_TgtQuickdim,spark.redshift.username,talenduser
SrcQuickcodeParsedtbl,TgtQuickdim,SC1912065NCM,Qa,/data/apps/talend/shared/scripts/nbx/Dim/config/SrcQuickcodeParsedtbl_TgtQuickdim,spark.redshift.password,Talenduser@123
SrcPersonDetail,TgtFolioItem,SC2002269NCR,Qa,/data/apps/talend/shared/scripts/nbx/Dim/config/SrcPersonDetail_TgtFolioItem,spark.quickcode.query," select quick_code,quick_code_name as quickcode_name from shipdw.hvtb_mart_dim_quickcode"
SrcSailorSurveyResponseFact,TgtSailorResponseFact,SC2002269NCR,Qa,/data/apps/talend/shared/scripts/nbx/Fact/config/SrcSailorSurveyResponseFact_TgtSailorResponseFact,spark.redshift.url,jdbc:redshift://10.4.0.203:5439/qanbx,
SrcSailorSurveyResponseFact,TgtSailorResponseFact,SC2002269NCR,Qa,/data/apps/talend/shared/scripts/nbx/Fact/config/SrcSailorSurveyResponseFact_TgtSailorResponseFact,spark.redshift.username,talenduser,
SrcSailorSurveyResponseFact,TgtSailorResponseFact,SC2002269NCR,Qa,/data/apps/talend/shared/scripts/nbx/Fact/config/SrcSailorSurveyResponseFact_TgtSailorResponseFact,spark.redshift.password,Talenduser@123,
SrcSailorSurveyResponseFact,TgtSailorResponseFact,SC2002269NCR,Qa,/data/apps/talend/shared/scripts/nbx/Fact/config/SrcSailorSurveyResponseFact_TgtSailorResponseFact,spark.source.columns,"id,person,shipcode,batchtime,created_timestamp,visited_timestamp,question_id,part_date,location",
SrcSailorSurveyResponseFact,TgtSailorResponseFact,SC2002269NCR,Qa,/data/apps/talend/shared/scripts/nbx/Fact/config/SrcSailorSurveyResponseFact_TgtSailorResponseFact,spark.pond.allColumns,"id as pond_request_id ,personid  as pond_person_guid,shipcode as pond_ship_code ,batchtime as pond_request_time,created_timestamp as pond_response_time ,visited_timestamp as pond_visit_time ,location as pond_location ,question_id as pond_question_id ,load_dt as pond_load_dt,upd_dt as pond_upd_dt,part_dt as pond_part_dt",
SrcSailorSurveyResponseFact,TgtSailorResponseFact,SC2002269NCR,Qa,/data/apps/talend/shared/scripts/nbx/Fact/config/SrcSailorSurveyResponseFact_TgtSailorResponseFact,spark.pond.database,shipdw,
SrcSailorSurveyResponseFact,TgtSailorResponseFact,SC2002269NCR,Qa,/data/apps/talend/shared/scripts/nbx/Fact/config/SrcSailorSurveyResponseFact_TgtSailorResponseFact,spark.pond.table,hvtb_mart_shipboard_survey_responses_fact,
SrcSailorSurveyResponseFact,TgtSailorResponseFact,SC2002269NCR,Qa,/data/apps/talend/shared/scripts/nbx/Fact/config/SrcSailorSurveyResponseFact_TgtSailorResponseFact,spark.target.schema,shipdw,
SrcSailorSurveyResponseFact,TgtSailorResponseFact,SC2002269NCR,Qa,/data/apps/talend/shared/scripts/nbx/Fact/config/SrcSailorSurveyResponseFact_TgtSailorResponseFact,spark.target.table,shipboard_survey_responses_fact,
SrcSailorSurveyResponseFact,TgtSailorResponseFact,SC2002269NCR,Qa,/data/apps/talend/shared/scripts/nbx/Fact/config/SrcSailorSurveyResponseFact_TgtSailorResponseFact,spark.redshift.schema,hive_schema_stg,
SrcSailorSurveyResponseFact,TgtSailorResponseFact,SC2002269NCR,Qa,/data/apps/talend/shared/scripts/nbx/Fact/config/SrcSailorSurveyResponseFact_TgtSailorResponseFact,spark.redshift.tablename,shipboard_survey_responses_fact,
SrcSailorSurveyResponseFact,TgtSailorResponseFact,SC2002269NCR,Qa,/data/apps/talend/shared/scripts/nbx/Fact/config/SrcSailorSurveyResponseFact_TgtSailorResponseFact,spark.tableType,FACT,
SrcSailorSurveyResponseFact,TgtSailorResponseFact,SC2002269NCR,Qa,/data/apps/talend/shared/scripts/nbx/Fact/config/SrcSailorSurveyResponseFact_TgtSailorResponseFact,spark.frameworkEnv,shore,
SrcSailorSurveyResponseFact,TgtSailorResponseFact,SC2002269NCR,Qa,/data/apps/talend/shared/scripts/nbx/Fact/config/SrcSailorSurveyResponseFact_TgtSailorResponseFact,spark.scdtype,type1,
SrcSailorSurveyResponseFact,TgtSailorResponseFact,SC2002269NCR,Qa,/data/apps/talend/shared/scripts/nbx/Fact/config/SrcSailorSurveyResponseFact_TgtSailorResponseFact,spark.target.final_collist,"cast(request_id as string) as request_id,cast(person_skey as int) as person_skey,cast(ship_id as int) as ship_id,cast(voyage_skey as int) as voyage_skey,cast(guest_id as int) as guest_id, cast(request_time as timestamp) as request_time,cast(response_time as timestamp) as response_time,cast(visit_time as timestamp) as visit_time,cast(location as string) as location,cast(question_skey as int) as question_skey,cast(answer_rating as int) as answer_rating,cast(answer_text as string) as answer_text,load_dt,upd_dt,part_dt",
SrcSailorSurveyResponseFact,TgtSailorResponseFact,SC2002269NCR,Qa,/data/apps/talend/shared/scripts/nbx/Fact/config/SrcSailorSurveyResponseFact_TgtSailorResponseFact,spark.target.temp,s3://vv-qa-emr-cluster/data/temp/hvtb_mart_shipboard_survey_responses_fact,
SrcSailorSurveyResponseFact,TgtSailorResponseFact,SC2002269NCR,Qa,/data/apps/talend/shared/scripts/nbx/Fact/config/SrcSailorSurveyResponseFact_TgtSailorResponseFact,spark.target.location,s3://vv-qa-emr-cluster/data/mart/hvtb_mart_shipboard_survey_responses_fact,
SrcSailorSurveyQuestionDim,TgtSailorSurveyQuestionDim,SC2002269NCR,Qa,/data/apps/talend/shared/scripts/nbx/Dim/config/SrcSailorSurveyQuestionDim_TgtSailorSurveyQuestionDim,spark.src.config.id,SrcSailorSurveyQuestionDim
SrcSailorSurveyQuestionDim,TgtSailorSurveyQuestionDim,SC2002269NCR,Qa,/data/apps/talend/shared/scripts/nbx/Dim/config/SrcSailorSurveyQuestionDim_TgtSailorSurveyQuestionDim,spark.voyage.id,SC2002269NCR,
SrcSailorSurveyQuestionDim,TgtSailorSurveyQuestionDim,SC2002269NCR,Qa,/data/apps/talend/shared/scripts/nbx/Dim/config/SrcSailorSurveyQuestionDim_TgtSailorSurveyQuestionDim,spark.tgt.env,qa,
SrcSailorSurveyQuestionDim,TgtSailorSurveyQuestionDim,SC2002269NCR,Qa,/data/apps/talend/shared/scripts/nbx/Dim/config/SrcSailorSurveyQuestionDim_TgtSailorSurveyQuestionDim,spark.target.config.id,TgtSailorSurveyQuestionDim,
SrcSailorSurveyQuestionDim,TgtSailorSurveyQuestionDim,SC2002269NCR,Qa,/data/apps/talend/shared/scripts/nbx/Dim/config/SrcSailorSurveyQuestionDim_TgtSailorSurveyQuestionDim,spark.parent.id,SrcSailorSurveyQuestionDim-TgtSailorSurveyQuestionDim-SC2002269NCR,
SrcSailorSurveyQuestionDim,TgtSailorSurveyQuestionDim,SC2002269NCR,Qa,/data/apps/talend/shared/scripts/nbx/Dim/config/SrcSailorSurveyQuestionDim_TgtSailorSurveyQuestionDim,spark.target.ops.table.format,org.apache.phoenix.spark,
SrcSailorSurveyQuestionDim,TgtSailorSurveyQuestionDim,SC2002269NCR,Qa,/data/apps/talend/shared/scripts/nbx/Dim/config/SrcSailorSurveyQuestionDim_TgtSailorSurveyQuestionDim,spark.target.ops.table.mode,overwrite,
SrcSailorSurveyQuestionDim,TgtSailorSurveyQuestionDim,SC2002269NCR,Qa,/data/apps/talend/shared/scripts/nbx/Dim/config/SrcSailorSurveyQuestionDim_TgtSailorSurveyQuestionDim,spark.target.enablerops_table,HBTB_INGESTION_METADATA,
SrcSailorSurveyQuestionDim,TgtSailorSurveyQuestionDim,SC2002269NCR,Qa,/data/apps/talend/shared/scripts/nbx/Dim/config/SrcSailorSurveyQuestionDim_TgtSailorSurveyQuestionDim,spark.target.zkurl,10.4.100.154:2181/hbase-unsecure,
SrcSailorSurveyQuestionDim,TgtSailorSurveyQuestionDim,SC2002269NCR,Qa,/data/apps/talend/shared/scripts/nbx/Dim/config/SrcSailorSurveyQuestionDim_TgtSailorSurveyQuestionDim,spark.table.type,dim,
SrcSailorSurveyQuestionDim,TgtSailorSurveyQuestionDim,SC2002269NCR,Qa,/data/apps/talend/shared/scripts/nbx/Dim/config/SrcSailorSurveyQuestionDim_TgtSailorSurveyQuestionDim,spark.redshift.url,jdbc:redshift://10.4.0.203:5439/qanbx,
SrcSailorSurveyQuestionDim,TgtSailorSurveyQuestionDim,SC2002269NCR,Qa,/data/apps/talend/shared/scripts/nbx/Dim/config/SrcSailorSurveyQuestionDim_TgtSailorSurveyQuestionDim,spark.redshift.username,talenduser,
SrcSailorSurveyQuestionDim,TgtSailorSurveyQuestionDim,SC2002269NCR,Qa,/data/apps/talend/shared/scripts/nbx/Dim/config/SrcSailorSurveyQuestionDim_TgtSailorSurveyQuestionDim,spark.redshift.password,Talenduser@123,
SrcSailorSurveyQuestionDim,TgtSailorSurveyQuestionDim,SC2002269NCR,Qa,/data/apps/talend/shared/scripts/nbx/Dim/config/SrcSailorSurveyQuestionDim_TgtSailorSurveyQuestionDim,spark.source.columns,"src_question_id,question_text,master_question,category,Type,master_location,Is_PrimaryQuestion,Is_ClosingQuestion,batchtime,part_date",
SrcSailorSurveyQuestionDim,TgtSailorSurveyQuestionDim,SC2002269NCR,Qa,/data/apps/talend/shared/scripts/nbx/Dim/config/SrcSailorSurveyQuestionDim_TgtSailorSurveyQuestionDim,spark.pond.allColumns,"question_skey as pond_question_skey,src_question_id as pond_src_question_id,question_text as pond_question_text,master_question as pond_master_question,category as pond_category,Type as pond_Type,master_location as pond_master_location,Is_PrimaryQuestion as pond_Is_PrimaryQuestion,Is_ClosingQuestion as pondIs_ClosingQuestion,load_dt as pond_load_dt,upd_dt as pond_upd_dt,primaryhash as pond_primaryhash,md5_hash as pond_md5_hash",
SrcSailorSurveyQuestionDim,TgtSailorSurveyQuestionDim,SC2002269NCR,Qa,/data/apps/talend/shared/scripts/nbx/Dim/config/SrcSailorSurveyQuestionDim_TgtSailorSurveyQuestionDim,spark.surrogate_key.column,question_skey,
SrcSailorSurveyQuestionDim,TgtSailorSurveyQuestionDim,SC2002269NCR,Qa,/data/apps/talend/shared/scripts/nbx/Dim/config/SrcSailorSurveyQuestionDim_TgtSailorSurveyQuestionDim,spark.pond.database,shipdw,
SrcSailorSurveyQuestionDim,TgtSailorSurveyQuestionDim,SC2002269NCR,Qa,/data/apps/talend/shared/scripts/nbx/Dim/config/SrcSailorSurveyQuestionDim_TgtSailorSurveyQuestionDim,spark.pond.table,hvtb_mart_shipboard_survey_questions_dim,
SrcSailorSurveyQuestionDim,TgtSailorSurveyQuestionDim,SC2002269NCR,Qa,/data/apps/talend/shared/scripts/nbx/Dim/config/SrcSailorSurveyQuestionDim_TgtSailorSurveyQuestionDim,spark.target.schema,shipdw,
SrcSailorSurveyQuestionDim,TgtSailorSurveyQuestionDim,SC2002269NCR,Qa,/data/apps/talend/shared/scripts/nbx/Dim/config/SrcSailorSurveyQuestionDim_TgtSailorSurveyQuestionDim,spark.target.table,shipboard_survey_questions_dim,
SrcSailorSurveyQuestionDim,TgtSailorSurveyQuestionDim,SC2002269NCR,Qa,/data/apps/talend/shared/scripts/nbx/Dim/config/SrcSailorSurveyQuestionDim_TgtSailorSurveyQuestionDim,spark.source.primaryKeyColumns,"src_question_id,master_location",
SrcSailorSurveyQuestionDim,TgtSailorSurveyQuestionDim,SC2002269NCR,Qa,/data/apps/talend/shared/scripts/nbx/Dim/config/SrcSailorSurveyQuestionDim_TgtSailorSurveyQuestionDim,spark.target.final_collist,"question_skey,final_view.src_question_id as src_question_id,final_view.question_text as question_text,final_view.master_question as master_question,final_view.category as category ,final_view.Type as Type,final_view.master_location as master_location,final_view.Is_PrimaryQuestion as Is_PrimaryQuestion,final_view.Is_ClosingQuestion as Is_ClosingQuestion,load_dt,upd_dt,primaryhash,md5_hash",
SrcSailorSurveyQuestionDim,TgtSailorSurveyQuestionDim,SC2002269NCR,Qa,/data/apps/talend/shared/scripts/nbx/Dim/config/SrcSailorSurveyQuestionDim_TgtSailorSurveyQuestionDim,spark.target.temp,s3://vv-qa-emr-cluster/data/temp/hvtb_mart_shipboard_survey_questions_dim,
SrcSailorSurveyQuestionDim,TgtSailorSurveyQuestionDim,SC2002269NCR,Qa,/data/apps/talend/shared/scripts/nbx/Dim/config/SrcSailorSurveyQuestionDim_TgtSailorSurveyQuestionDim,spark.target.location,s3://vv-qa-emr-cluster/data/mart/hvtb_mart_shipboard_survey_questions_dim,
SrcSailorSurveyQuestionDim,TgtSailorSurveyQuestionDim,SC2002269NCR,Qa,/data/apps/talend/shared/scripts/nbx/Dim/config/SrcSailorSurveyQuestionDim_TgtSailorSurveyQuestionDim,spark.redshift.schema,hive_schema_stg,
SrcSailorSurveyQuestionDim,TgtSailorSurveyQuestionDim,SC2002269NCR,Qa,/data/apps/talend/shared/scripts/nbx/Dim/config/SrcSailorSurveyQuestionDim_TgtSailorSurveyQuestionDim,spark.redshift.tablename,shipboard_survey_questions_dim,
SrcSailorSurveyQuestionDim,TgtSailorSurveyQuestionDim,SC2002269NCR,Qa,/data/apps/talend/shared/scripts/nbx/Dim/config/SrcSailorSurveyQuestionDim_TgtSailorSurveyQuestionDim,spark.scdtype,type1,
SrcSailorSurveyQuestionDim,TgtSailorSurveyQuestionDim,SC2002269NCR,Qa,/data/apps/talend/shared/scripts/nbx/Dim/config/SrcSailorSurveyQuestionDim_TgtSailorSurveyQuestionDim,spark.tableType,DIMENSION,
SrcSailorSurveyQuestionDim,TgtSailorSurveyQuestionDim,SC2002269NCR,Qa,/data/apps/talend/shared/scripts/nbx/Dim/config/SrcSailorSurveyQuestionDim_TgtSailorSurveyQuestionDim,spark.frameworkEnv,shore,
